record_id,date,site,process,shift,records_processed,processing_time_min,errors_found,downtime_min,quality_score,sla_threshold_min,sla_met,error_rate_pct,quality_flag
100846,2026-01-01,Bengaluru,Enrichment,Morning,206,54.2,2,4.4,91.21,65,Yes,0.971,Normal
102259,2026-01-01,Bengaluru,Enrichment,Morning,645,46.46,4,0.0,91.76,65,Yes,0.62,Normal
103217,2026-01-01,Bengaluru,Enrichment,Evening,493,56.39,7,15.5,96.71,65,Yes,1.42,Normal
103674,2026-01-01,Bengaluru,Enrichment,Evening,595,21.61,2,33.4,94.05,65,Yes,0.336,Normal
101237,2026-01-01,Bengaluru,Publishing,Night,174,24.82,4,34.1,87.61,30,Yes,2.299,Low Quality Score
101913,2026-01-01,Bengaluru,Quality Review,Evening,168,30.43,3,19.2,94.44,60,Yes,1.786,Normal
105170,2026-01-01,Bengaluru,Quality Review,Morning,81,57.25,3,2.1,86.92,60,Yes,3.704,Low Quality Score
102316,2026-01-01,Bengaluru,Validation,Night,214,100.92,1,6.3,92.31,55,No,0.467,SLA Breach
101488,2026-01-01,Chennai,Data Intake,Night,532,37.9,5,0.2,91.94,35,No,0.94,SLA Breach
103234,2026-01-01,Chennai,Data Intake,Evening,348,17.69,5,7.0,88.51,35,Yes,1.437,Low Quality Score
104691,2026-01-01,Chennai,Data Intake,Evening,465,34.41,9,21.5,90.91,35,Yes,1.935,Normal
100381,2026-01-01,Chennai,Enrichment,Morning,373,48.1,5,3.1,96.27,65,Yes,1.34,Normal
101550,2026-01-01,Chennai,Enrichment,Evening,325,39.43,4,0.7,96.67,65,Yes,1.231,Normal
105760,2026-01-01,Chennai,Enrichment,Morning,646,64.34,4,9.7,91.13,65,Yes,0.619,Normal
101739,2026-01-01,Chennai,Quality Review,Night,268,56.51,2,0.0,94.13,60,Yes,0.746,Normal
100901,2026-01-01,Chennai,Validation,Morning,476,27.16,1,10.7,88.16,55,Yes,0.21,Low Quality Score
102646,2026-01-01,Chennai,Validation,Morning,517,42.24,10,10.8,92.9,55,Yes,1.934,Normal
105083,2026-01-01,Chennai,Validation,Evening,100,56.79,1,9.0,93.21,55,No,1.0,SLA Breach
101482,2026-01-01,Hyderabad,Data Intake,Night,323,43.73,6,20.4,95.09,35,No,1.858,SLA Breach
105297,2026-01-01,Hyderabad,Data Intake,Morning,550,25.58,8,1.5,97.77,35,Yes,1.455,Normal
101949,2026-01-01,Hyderabad,Enrichment,Morning,540,68.99,8,5.9,92.09,65,No,1.481,SLA Breach
105462,2026-01-01,Hyderabad,Enrichment,Night,268,51.83,12,37.7,93.28,65,Yes,4.478,High Error Rate
102628,2026-01-01,Hyderabad,Publishing,Night,529,25.36,8,24.1,95.51,30,Yes,1.512,Normal
104598,2026-01-01,Hyderabad,Publishing,Morning,348,22.52,4,17.4,93.67,30,Yes,1.149,Normal
100773,2026-01-01,Hyderabad,Quality Review,Evening,197,48.5,7,2.1,93.52,60,Yes,3.553,High Error Rate
101294,2026-01-01,Hyderabad,Validation,Evening,562,20.92,5,25.4,87.81,55,Yes,0.89,Low Quality Score
101622,2026-01-01,Pune,Enrichment,Evening,533,90.29,5,0.0,92.03,65,No,0.938,SLA Breach
101409,2026-01-01,Pune,Quality Review,Evening,562,34.0,8,15.2,99.64,60,Yes,1.423,Normal
102789,2026-01-01,Pune,Quality Review,Night,86,26.74,3,3.3,89.42,60,Yes,3.488,Low Quality Score
103191,2026-01-01,Pune,Quality Review,Night,458,41.04,5,44.4,91.22,60,Yes,1.092,Normal
104627,2026-01-01,Pune,Quality Review,Evening,625,38.68,1,0.0,95.59,60,Yes,0.16,Normal
100845,2026-01-01,Pune,Validation,Night,179,38.11,4,11.3,94.87,55,Yes,2.235,High Error Rate
102442,2026-01-01,Pune,Validation,Morning,249,47.13,5,18.4,95.56,55,Yes,2.008,High Error Rate
104111,2026-01-01,Pune,Validation,Morning,237,51.2,5,7.8,93.27,55,Yes,2.11,High Error Rate
101996,2026-01-01,Unknown,Publishing,Morning,350,30.02,5,2.1,96.37,30,No,1.429,SLA Breach
100575,2026-01-02,Bengaluru,Data Intake,Evening,378,34.15,4,0.0,86.63,35,Yes,1.058,Low Quality Score
101532,2026-01-02,Bengaluru,Data Intake,Morning,310,46.96,6,0.0,92.91,35,No,1.935,SLA Breach
103399,2026-01-02,Bengaluru,Data Intake,Night,315,15.86,2,0.0,96.69,35,Yes,0.635,Normal
103725,2026-01-02,Bengaluru,Data Intake,Morning,449,37.42,4,8.3,94.03,35,No,0.891,SLA Breach
104361,2026-01-02,Bengaluru,Data Intake,Night,172,62.82,7,8.6,95.42,35,No,4.07,High Error Rate
105719,2026-01-02,Bengaluru,Data Intake,Night,465,26.01,3,0.0,93.59,35,Yes,0.645,Normal
103799,2026-01-02,Bengaluru,Enrichment,Night,312,55.64,5,6.8,100.0,65,Yes,1.603,Normal
100707,2026-01-02,Bengaluru,Quality Review,Evening,125,91.76,4,0.0,96.76,60,No,3.2,High Error Rate
104131,2026-01-02,Bengaluru,Quality Review,Morning,356,33.76,2,35.6,95.94,60,Yes,0.562,Normal
101190,2026-01-02,Bengaluru,Validation,Morning,351,33.75,2,0.0,99.27,55,Yes,0.57,Normal
101807,2026-01-02,Bengaluru,Validation,Evening,99,37.29,5,0.7,94.36,55,Yes,5.051,High Error Rate
104689,2026-01-02,Bengaluru,Validation,Morning,273,32.44,7,21.8,90.94,55,Yes,2.564,High Error Rate
104768,2026-01-02,Bengaluru,Validation,Morning,83,21.84,6,17.5,93.52,55,Yes,7.229,High Error Rate
101070,2026-01-02,Chennai,Data Intake,Morning,340,10.02,4,0.0,88.59,35,Yes,1.176,Low Quality Score
101279,2026-01-02,Chennai,Data Intake,Evening,288,26.42,1,0.0,94.02,35,Yes,0.347,Normal
102202,2026-01-02,Chennai,Data Intake,Morning,558,37.98,8,0.0,96.92,35,No,1.434,SLA Breach
104885,2026-01-02,Chennai,Enrichment,Morning,213,58.83,5,14.4,97.1,65,Yes,2.347,High Error Rate
105603,2026-01-02,Chennai,Enrichment,Morning,117,60.02,4,25.1,95.14,65,Yes,3.419,High Error Rate
100303,2026-01-02,Chennai,Validation,Night,104,127.62,5,11.9,90.16,55,No,4.808,High Error Rate
104055,2026-01-02,Chennai,Validation,Morning,605,46.03,6,23.8,91.31,55,Yes,0.992,Normal
105844,2026-01-02,Hyderabad,Enrichment,Evening,541,30.04,13,10.6,94.69,65,Yes,2.403,High Error Rate
100465,2026-01-02,Hyderabad,Publishing,Night,538,51.77,4,10.7,94.31,30,No,0.743,SLA Breach
100104,2026-01-02,Hyderabad,Quality Review,Morning,208,36.02,3,0.0,94.97,60,Yes,1.442,Normal
102401,2026-01-02,Hyderabad,Quality Review,Night,433,63.64,9,0.0,91.18,60,No,2.079,High Error Rate
101175,2026-01-02,Hyderabad,Validation,Night,439,87.15,7,0.0,90.2,55,No,1.595,SLA Breach
101763,2026-01-02,Pune,Validation,Morning,631,57.75,3,3.7,93.34,55,No,0.475,SLA Breach
102443,2026-01-02,Pune,Validation,Evening,401,29.08,7,12.9,92.29,55,Yes,1.746,Normal
103822,2026-01-02,Pune,Validation,Evening,384,56.45,3,0.0,96.31,55,No,0.781,SLA Breach
104788,2026-01-02,Pune,Validation,Night,91,50.84,6,9.0,92.94,55,Yes,6.593,High Error Rate
103904,2026-01-03,Bengaluru,Publishing,Night,549,26.88,3,6.4,92.25,30,Yes,0.546,Normal
105068,2026-01-03,Bengaluru,Quality Review,Evening,511,95.57,9,0.0,93.25,60,No,1.761,SLA Breach
105880,2026-01-03,Bengaluru,Quality Review,Morning,281,17.47,3,8.1,94.44,60,Yes,1.068,Normal
105142,2026-01-03,Chennai,Data Intake,Morning,641,27.52,2,0.0,93.7,35,Yes,0.312,Normal
103136,2026-01-03,Chennai,Enrichment,Morning,215,32.86,4,3.9,99.02,65,Yes,1.86,Normal
101682,2026-01-03,Chennai,Publishing,Evening,494,26.0,5,22.9,93.31,30,Yes,1.012,Normal
104931,2026-01-03,Chennai,Publishing,Night,543,16.88,2,20.5,95.0,30,Yes,0.368,Normal
100410,2026-01-03,Chennai,Quality Review,Morning,610,31.67,5,2.6,99.07,60,Yes,0.82,Normal
104104,2026-01-03,Chennai,Quality Review,Evening,642,60.94,5,9.3,94.85,60,No,0.779,SLA Breach
104393,2026-01-03,Chennai,Quality Review,Evening,525,103.48,6,0.0,96.6,60,No,1.143,SLA Breach
100801,2026-01-03,Chennai,Unknown,Evening,424,22.15,2,0.0,94.3,35,Yes,0.472,Normal
105078,2026-01-03,Chennai,Validation,Evening,583,56.92,3,25.2,98.05,55,No,0.515,SLA Breach
105916,2026-01-03,Chennai,Validation,Morning,404,37.16,5,19.8,90.54,55,Yes,1.238,Normal
100790,2026-01-03,Hyderabad,Publishing,Night,298,17.17,5,11.8,88.31,30,Yes,1.678,Low Quality Score
100839,2026-01-03,Hyderabad,Publishing,Night,286,40.81,8,27.8,95.03,30,No,2.797,High Error Rate
105438,2026-01-03,Hyderabad,Quality Review,Evening,240,33.42,4,30.4,91.06,60,Yes,1.667,Normal
100889,2026-01-03,Pune,Data Intake,Night,493,32.25,7,19.7,94.2,35,Yes,1.42,Normal
101121,2026-01-03,Pune,Data Intake,Morning,389,43.59,9,9.4,89.85,35,No,2.314,Low Quality Score
101038,2026-01-03,Pune,Quality Review,Morning,242,27.19,8,32.0,95.76,60,Yes,3.306,High Error Rate
104046,2026-01-03,Pune,Quality Review,Night,482,42.41,7,0.0,94.33,60,Yes,1.452,Normal
104230,2026-01-03,Pune,Quality Review,Morning,160,31.5,4,22.9,94.0,60,Yes,2.5,High Error Rate
103103,2026-01-03,Pune,Validation,Morning,374,26.63,5,21.3,94.0,55,Yes,1.337,Normal
100540,2026-01-04,Bengaluru,Data Intake,Night,241,25.0,10,0.0,94.94,35,Yes,4.149,High Error Rate
103804,2026-01-04,Bengaluru,Data Intake,Morning,207,32.46,6,0.0,89.91,35,Yes,2.899,Low Quality Score
103858,2026-01-04,Bengaluru,Data Intake,Night,305,21.92,6,39.1,96.02,35,Yes,1.967,Normal
104505,2026-01-04,Bengaluru,Data Intake,Night,378,22.37,3,0.9,90.65,35,Yes,0.794,Normal
100233,2026-01-04,Bengaluru,Enrichment,Morning,542,56.49,2,8.4,93.07,65,Yes,0.369,Normal
104117,2026-01-04,Bengaluru,Enrichment,Evening,366,85.8,2,0.0,93.28,65,No,0.546,SLA Breach
105745,2026-01-04,Bengaluru,Publishing,Morning,194,41.82,7,0.0,96.89,30,No,3.608,High Error Rate
105746,2026-01-04,Bengaluru,Quality Review,Night,646,144.86,3,0.0,84.41,60,No,0.464,Low Quality Score
100300,2026-01-04,Chennai,Data Intake,Night,85,37.94,2,3.0,96.73,35,No,2.353,High Error Rate
101529,2026-01-04,Chennai,Data Intake,Morning,348,30.05,4,21.0,88.5,35,Yes,1.149,Low Quality Score
105897,2026-01-04,Chennai,Data Intake,Evening,468,25.25,5,5.2,93.58,35,Yes,1.068,Normal
101594,2026-01-04,Chennai,Enrichment,Morning,555,25.36,6,6.4,86.47,65,Yes,1.081,Low Quality Score
102090,2026-01-04,Chennai,Enrichment,Evening,564,27.91,3,22.8,92.27,65,Yes,0.532,Normal
103898,2026-01-04,Chennai,Enrichment,Night,420,40.13,1,0.0,90.75,65,Yes,0.238,Normal
105035,2026-01-04,Chennai,Enrichment,Evening,354,29.82,3,11.0,90.45,65,Yes,0.847,Normal
100415,2026-01-04,Chennai,Publishing,Morning,477,16.08,5,18.4,95.01,30,Yes,1.048,Normal
101167,2026-01-04,Chennai,Publishing,Evening,300,51.38,4,0.6,98.95,30,No,1.333,SLA Breach
104062,2026-01-04,Chennai,Publishing,Night,631,35.12,6,1.6,100.0,30,No,0.951,SLA Breach
104563,2026-01-04,Chennai,Quality Review,Morning,525,47.12,8,17.8,91.14,60,Yes,1.524,Normal
101366,2026-01-04,Chennai,Validation,Morning,357,45.66,5,0.9,89.05,55,Yes,1.401,Low Quality Score
102171,2026-01-04,Hyderabad,Data Intake,Evening,269,21.38,3,0.0,100.0,35,Yes,1.115,Normal
103505,2026-01-04,Hyderabad,Enrichment,Evening,527,75.05,5,4.1,95.47,65,No,0.949,SLA Breach
103788,2026-01-04,Hyderabad,Quality Review,Morning,440,55.34,10,28.7,90.56,60,Yes,2.273,High Error Rate
104527,2026-01-04,Hyderabad,Quality Review,Morning,408,63.79,8,0.0,91.87,60,No,1.961,SLA Breach
105411,2026-01-04,Hyderabad,Validation,Morning,360,69.82,3,23.2,97.53,55,No,0.833,SLA Breach
102975,2026-01-04,Pune,Data Intake,Night,532,40.34,5,0.0,95.7,35,No,0.94,SLA Breach
101624,2026-01-04,Pune,Enrichment,Evening,111,33.24,7,0.0,95.92,65,Yes,6.306,High Error Rate
101652,2026-01-04,Pune,Enrichment,Night,190,26.99,9,14.4,97.53,65,Yes,4.737,High Error Rate
105621,2026-01-04,Pune,Enrichment,Morning,111,59.11,5,20.3,93.01,65,Yes,4.505,High Error Rate
100478,2026-01-04,Pune,Quality Review,Night,318,64.67,6,0.0,90.96,60,No,1.887,SLA Breach
102712,2026-01-05,Bengaluru,Data Intake,Evening,259,25.87,4,9.9,91.31,35,Yes,1.544,Normal
104700,2026-01-05,Bengaluru,Data Intake,Evening,215,30.47,2,7.4,92.85,35,Yes,0.93,Normal
102329,2026-01-05,Bengaluru,Publishing,Morning,135,18.19,7,0.0,96.07,30,Yes,5.185,High Error Rate
104076,2026-01-05,Bengaluru,Publishing,Morning,443,24.13,4,31.1,95.4,30,Yes,0.903,Normal
104913,2026-01-05,Bengaluru,Publishing,Morning,557,21.17,7,10.4,96.15,30,Yes,1.257,Normal
102469,2026-01-05,Bengaluru,Quality Review,Night,240,86.17,1,14.7,96.4,60,No,0.417,SLA Breach
103309,2026-01-05,Bengaluru,Quality Review,Morning,404,66.37,7,20.8,91.96,60,No,1.733,SLA Breach
105162,2026-01-05,Bengaluru,Quality Review,Morning,87,20.54,5,10.0,95.27,60,Yes,5.747,High Error Rate
102223,2026-01-05,Chennai,Data Intake,Morning,297,39.18,3,15.4,88.26,35,No,1.01,Low Quality Score
101399,2026-01-05,Chennai,Publishing,Evening,572,51.05,6,14.1,98.19,30,No,1.049,SLA Breach
102138,2026-01-05,Chennai,Publishing,Morning,168,26.45,1,2.0,93.03,30,Yes,0.595,Normal
104260,2026-01-05,Chennai,Publishing,Morning,244,23.87,1,2.4,99.37,30,Yes,0.41,Normal
100369,2026-01-05,Chennai,Quality Review,Morning,185,39.8,5,5.4,91.16,60,Yes,2.703,High Error Rate
100454,2026-01-05,Chennai,Quality Review,Morning,372,71.4,6,0.0,94.89,60,No,1.613,SLA Breach
101744,2026-01-05,Chennai,Quality Review,Evening,612,29.41,2,4.0,88.99,60,Yes,0.327,Low Quality Score
102261,2026-01-05,Hyderabad,Enrichment,Evening,356,57.46,10,22.2,97.52,65,Yes,2.809,High Error Rate
102636,2026-01-05,Hyderabad,Enrichment,Evening,470,53.19,2,11.0,92.67,65,Yes,0.426,Normal
103997,2026-01-05,Hyderabad,Publishing,Evening,379,46.52,4,7.4,87.71,30,No,1.055,Low Quality Score
100272,2026-01-05,Hyderabad,Quality Review,Evening,378,53.14,5,0.0,100.0,60,Yes,1.323,Normal
100821,2026-01-05,Hyderabad,Quality Review,Evening,637,58.18,3,11.1,93.16,60,Yes,0.471,Normal
100170,2026-01-05,Hyderabad,Validation,Evening,452,50.06,5,12.0,89.88,55,Yes,1.106,Low Quality Score
103947,2026-01-05,Hyderabad,Validation,Evening,318,33.92,3,33.1,98.52,55,Yes,0.943,Normal
104645,2026-01-05,Hyderabad,Validation,Morning,103,38.97,5,17.4,97.64,55,Yes,4.854,High Error Rate
105114,2026-01-05,Hyderabad,Validation,Morning,462,41.01,6,12.5,93.18,55,Yes,1.299,Normal
105529,2026-01-05,Hyderabad,Validation,Morning,529,35.99,5,4.1,96.66,55,Yes,0.945,Normal
105774,2026-01-05,Hyderabad,Validation,Night,428,73.24,13,0.0,89.71,55,No,3.037,Low Quality Score
103119,2026-01-05,Pune,Data Intake,Morning,188,16.9,4,0.0,96.89,35,Yes,2.128,High Error Rate
105405,2026-01-05,Pune,Publishing,Morning,194,16.7,5,6.0,93.21,30,Yes,2.577,High Error Rate
100429,2026-01-05,Pune,Quality Review,Morning,210,41.96,8,12.4,96.46,60,Yes,3.81,High Error Rate
101180,2026-01-05,Pune,Quality Review,Night,387,44.53,4,15.5,88.46,60,Yes,1.034,Low Quality Score
103442,2026-01-05,Pune,Quality Review,Morning,297,60.29,5,7.1,100.0,60,No,1.684,SLA Breach
103486,2026-01-05,Pune,Quality Review,Morning,605,56.06,3,31.9,89.58,60,Yes,0.496,Low Quality Score
103805,2026-01-05,Pune,Quality Review,Evening,574,70.26,7,0.0,98.12,60,No,1.22,SLA Breach
101783,2026-01-05,Pune,Validation,Morning,543,102.21,5,18.4,94.63,55,No,0.921,SLA Breach
102410,2026-01-05,Pune,Validation,Evening,149,51.88,11,0.0,92.47,55,Yes,7.383,High Error Rate
104535,2026-01-06,Bengaluru,Enrichment,Night,224,57.16,4,20.6,98.12,65,Yes,1.786,Normal
102951,2026-01-06,Bengaluru,Publishing,Night,641,19.11,3,18.8,99.28,30,Yes,0.468,Normal
101869,2026-01-06,Bengaluru,Quality Review,Morning,141,66.94,6,0.0,93.13,60,No,4.255,High Error Rate
105396,2026-01-06,Bengaluru,Validation,Night,500,29.01,3,24.5,93.05,55,Yes,0.6,Normal
104160,2026-01-06,Chennai,Data Intake,Evening,199,17.12,0,21.1,94.74,35,Yes,0.0,Normal
100385,2026-01-06,Chennai,Enrichment,Morning,306,45.9,12,0.0,97.69,65,Yes,3.922,High Error Rate
102263,2026-01-06,Chennai,Enrichment,Morning,397,23.26,3,24.2,91.08,65,Yes,0.756,Normal
102499,2026-01-06,Chennai,Enrichment,Morning,351,59.32,7,21.4,93.3,65,Yes,1.994,Normal
105500,2026-01-06,Chennai,Publishing,Morning,473,24.64,4,12.5,99.85,30,Yes,0.846,Normal
100138,2026-01-06,Chennai,Quality Review,Morning,187,74.6,5,0.0,94.68,60,No,2.674,High Error Rate
104531,2026-01-06,Chennai,Quality Review,Morning,564,73.06,7,11.9,91.98,60,No,1.241,SLA Breach
104715,2026-01-06,Chennai,Quality Review,Morning,629,45.43,7,7.8,97.34,60,Yes,1.113,Normal
101536,2026-01-06,Chennai,Validation,Morning,262,33.33,9,7.0,87.08,55,Yes,3.435,Low Quality Score
103537,2026-01-06,Chennai,Validation,Morning,364,84.78,3,0.0,97.81,55,No,0.824,SLA Breach
101300,2026-01-06,Hyderabad,Publishing,Morning,577,17.29,5,13.2,91.89,30,Yes,0.867,Normal
102559,2026-01-06,Hyderabad,Quality Review,Morning,197,72.44,4,15.3,99.6,60,No,2.03,High Error Rate
104036,2026-01-06,Hyderabad,Quality Review,Evening,423,30.42,2,0.0,97.8,60,Yes,0.473,Normal
103458,2026-01-06,Hyderabad,Validation,Morning,219,43.83,9,18.2,93.41,55,Yes,4.11,High Error Rate
105120,2026-01-06,Hyderabad,Validation,Morning,261,71.29,5,1.9,94.93,55,No,1.916,SLA Breach
104244,2026-01-06,Pune,Data Intake,Evening,282,33.87,4,10.4,97.13,35,Yes,1.418,Normal
101590,2026-01-06,Pune,Enrichment,Evening,322,23.53,7,0.0,95.8,65,Yes,2.174,High Error Rate
101944,2026-01-06,Pune,Enrichment,Night,157,37.4,6,1.9,95.16,65,Yes,3.822,High Error Rate
105630,2026-01-06,Pune,Enrichment,Night,373,52.57,7,0.0,91.96,65,Yes,1.877,Normal
101493,2026-01-06,Pune,Publishing,Evening,370,33.83,6,14.4,96.1,30,No,1.622,SLA Breach
104642,2026-01-06,Pune,Quality Review,Evening,367,41.15,9,3.0,100.0,60,Yes,2.452,High Error Rate
100787,2026-01-06,Pune,Validation,Night,349,42.45,7,24.7,88.84,55,Yes,2.006,Low Quality Score
103682,2026-01-06,Pune,Validation,Evening,216,42.09,6,9.1,94.78,55,Yes,2.778,High Error Rate
105210,2026-01-06,Pune,Validation,Evening,420,62.54,1,31.6,87.93,55,No,0.238,Low Quality Score
105429,2026-01-06,Pune,Validation,Evening,574,68.74,4,16.6,96.25,55,No,0.697,SLA Breach
100830,2026-01-06,Unknown,Enrichment,Morning,591,33.4,11,13.4,100.0,65,Yes,1.861,Normal
101446,2026-01-07,Bengaluru,Data Intake,Evening,242,23.78,5,1.3,94.95,35,Yes,2.066,High Error Rate
105467,2026-01-07,Bengaluru,Data Intake,Evening,119,27.96,8,3.1,96.19,35,Yes,6.723,High Error Rate
101266,2026-01-07,Bengaluru,Enrichment,Morning,525,99.01,8,10.3,98.32,65,No,1.524,SLA Breach
102866,2026-01-07,Bengaluru,Enrichment,Evening,590,28.9,4,12.0,100.0,65,Yes,0.678,Normal
103755,2026-01-07,Bengaluru,Publishing,Morning,430,37.82,4,2.5,98.72,30,No,0.93,SLA Breach
104304,2026-01-07,Bengaluru,Publishing,Night,619,37.66,7,0.0,95.38,30,No,1.131,SLA Breach
102630,2026-01-07,Bengaluru,Quality Review,Night,344,38.63,7,7.2,93.48,60,Yes,2.035,High Error Rate
103240,2026-01-07,Bengaluru,Quality Review,Morning,422,79.92,6,38.2,96.2,60,No,1.422,SLA Breach
100117,2026-01-07,Chennai,Data Intake,Morning,378,23.02,8,23.5,88.67,35,Yes,2.116,Low Quality Score
100970,2026-01-07,Chennai,Enrichment,Evening,419,86.98,6,28.1,88.84,65,No,1.432,Low Quality Score
103545,2026-01-07,Chennai,Enrichment,Night,631,82.13,6,33.0,98.58,65,No,0.951,SLA Breach
105503,2026-01-07,Chennai,Enrichment,Morning,147,39.26,4,15.5,94.46,65,Yes,2.721,High Error Rate
105069,2026-01-07,Chennai,Quality Review,Evening,427,28.92,4,1.8,97.47,60,Yes,0.937,Normal
104969,2026-01-07,Chennai,Validation,Evening,530,40.76,2,0.0,98.96,55,Yes,0.377,Normal
104945,2026-01-07,Hyderabad,Data Intake,Morning,461,25.18,7,2.8,100.0,35,Yes,1.518,Normal
104275,2026-01-07,Hyderabad,Enrichment,Morning,92,60.9,7,14.6,96.41,65,Yes,7.609,High Error Rate
103320,2026-01-07,Hyderabad,Publishing,Morning,538,51.01,3,32.4,94.63,30,No,0.558,SLA Breach
100844,2026-01-07,Hyderabad,Quality Review,Morning,414,70.84,2,4.8,93.64,60,No,0.483,SLA Breach
101683,2026-01-07,Hyderabad,Quality Review,Morning,140,22.26,7,0.0,94.2,60,Yes,5.0,High Error Rate
101909,2026-01-07,Hyderabad,Quality Review,Evening,182,47.88,6,16.6,90.28,60,Yes,3.297,High Error Rate
104003,2026-01-07,Hyderabad,Quality Review,Night,393,48.85,4,7.5,89.76,60,Yes,1.018,Low Quality Score
104552,2026-01-07,Hyderabad,Quality Review,Morning,188,82.46,2,0.0,92.73,60,No,1.064,SLA Breach
105740,2026-01-07,Hyderabad,Quality Review,Morning,412,67.06,3,0.6,94.5,60,No,0.728,SLA Breach
100147,2026-01-07,Hyderabad,Validation,Night,299,59.13,2,36.3,95.52,55,No,0.669,SLA Breach
102322,2026-01-07,Hyderabad,Validation,Evening,162,42.57,4,0.2,95.01,55,Yes,2.469,High Error Rate
105838,2026-01-07,Hyderabad,Validation,Evening,230,36.74,5,2.2,90.33,55,Yes,2.174,High Error Rate
100328,2026-01-07,Pune,Data Intake,Morning,130,15.58,4,22.7,90.81,35,Yes,3.077,High Error Rate
102764,2026-01-07,Pune,Data Intake,Evening,225,20.5,3,0.0,89.58,35,Yes,1.333,Low Quality Score
104299,2026-01-07,Pune,Enrichment,Morning,484,67.17,5,3.8,93.17,65,No,1.033,SLA Breach
103633,2026-01-07,Pune,Publishing,Evening,185,36.8,3,16.7,96.47,30,No,1.622,SLA Breach
105002,2026-01-07,Pune,Quality Review,Night,288,50.24,4,4.4,90.83,60,Yes,1.389,Normal
100663,2026-01-07,Pune,Validation,Night,87,37.09,3,4.7,93.58,55,Yes,3.448,High Error Rate
100562,2026-01-08,Bengaluru,Data Intake,Night,401,19.79,4,10.6,99.18,35,Yes,0.998,Normal
100817,2026-01-08,Bengaluru,Data Intake,Evening,554,32.34,0,0.0,91.45,35,Yes,0.0,Normal
104320,2026-01-08,Bengaluru,Data Intake,Morning,236,55.06,7,15.2,93.97,35,No,2.966,High Error Rate
101871,2026-01-08,Bengaluru,Enrichment,Night,158,66.03,5,18.8,90.02,65,No,3.165,High Error Rate
102881,2026-01-08,Bengaluru,Enrichment,Evening,100,33.76,3,8.1,94.16,65,Yes,3.0,High Error Rate
100056,2026-01-08,Bengaluru,Publishing,Night,396,19.21,5,13.8,100.0,30,Yes,1.263,Normal
100250,2026-01-08,Bengaluru,Publishing,Morning,615,29.85,2,12.1,94.28,30,Yes,0.325,Normal
100870,2026-01-08,Bengaluru,Publishing,Night,303,41.3,4,6.1,96.62,30,No,1.32,SLA Breach
102728,2026-01-08,Bengaluru,Quality Review,Night,534,104.28,11,9.9,92.77,60,No,2.06,High Error Rate
104092,2026-01-08,Bengaluru,Quality Review,Evening,596,59.22,4,0.0,97.16,60,Yes,0.671,Normal
100811,2026-01-08,Bengaluru,Validation,Evening,307,19.83,8,0.0,95.31,55,Yes,2.606,High Error Rate
104194,2026-01-08,Bengaluru,Validation,Night,558,46.44,3,36.0,93.23,55,Yes,0.538,Normal
102371,2026-01-08,Chennai,Data Intake,Evening,195,71.77,9,21.7,88.22,35,No,4.615,Low Quality Score
102522,2026-01-08,Chennai,Data Intake,Evening,372,21.22,3,11.4,99.04,35,Yes,0.806,Normal
104189,2026-01-08,Chennai,Data Intake,Evening,363,44.2,2,30.2,99.47,35,No,0.551,SLA Breach
102038,2026-01-08,Chennai,Enrichment,Morning,532,34.1,5,0.0,88.79,65,Yes,0.94,Low Quality Score
102203,2026-01-08,Chennai,Quality Review,Evening,481,62.39,9,0.0,93.83,60,No,1.871,SLA Breach
101019,2026-01-08,Chennai,Validation,Evening,402,22.32,7,15.7,92.34,55,Yes,1.741,Normal
103880,2026-01-08,Chennai,Validation,Evening,105,52.58,6,18.0,96.86,55,Yes,5.714,High Error Rate
101099,2026-01-08,Hyderabad,Data Intake,Morning,408,39.09,5,0.0,98.88,35,No,1.225,SLA Breach
101240,2026-01-08,Hyderabad,Validation,Night,272,39.15,9,1.7,92.91,55,Yes,3.309,High Error Rate
104236,2026-01-08,Hyderabad,Validation,Morning,150,35.1,6,11.5,93.01,55,Yes,4.0,High Error Rate
102339,2026-01-08,Pune,Enrichment,Evening,495,21.2,4,4.9,92.85,65,Yes,0.808,Normal
102772,2026-01-08,Pune,Enrichment,Evening,104,49.74,6,0.0,89.41,65,Yes,5.769,Low Quality Score
104596,2026-01-08,Pune,Enrichment,Night,223,40.85,5,8.0,95.42,65,Yes,2.242,High Error Rate
105134,2026-01-08,Pune,Enrichment,Morning,81,62.79,2,39.8,95.67,65,Yes,2.469,High Error Rate
105628,2026-01-08,Pune,Enrichment,Night,287,50.74,9,42.0,99.48,65,Yes,3.136,High Error Rate
101452,2026-01-08,Pune,Publishing,Evening,86,36.15,5,0.0,91.5,30,No,5.814,High Error Rate
104458,2026-01-08,Pune,Quality Review,Night,604,42.25,2,0.0,86.29,60,Yes,0.331,Low Quality Score
104592,2026-01-08,Pune,Quality Review,Night,512,71.15,9,0.0,97.2,60,No,1.758,SLA Breach
104751,2026-01-08,Pune,Quality Review,Morning,250,23.46,4,13.6,88.15,60,Yes,1.6,Low Quality Score
100902,2026-01-08,Pune,Validation,Morning,154,38.43,6,3.1,89.83,55,Yes,3.896,Low Quality Score
101463,2026-01-09,Bengaluru,Data Intake,Morning,126,18.71,6,3.5,93.2,35,Yes,4.762,High Error Rate
103363,2026-01-09,Bengaluru,Data Intake,Morning,565,40.91,6,6.1,93.5,35,No,1.062,SLA Breach
105548,2026-01-09,Bengaluru,Data Intake,Evening,114,32.43,3,3.1,94.58,35,Yes,2.632,High Error Rate
101526,2026-01-09,Bengaluru,Enrichment,Evening,222,20.59,2,20.5,90.28,65,Yes,0.901,Normal
101781,2026-01-09,Bengaluru,Enrichment,Evening,216,35.78,4,13.1,94.53,65,Yes,1.852,Normal
103852,2026-01-09,Bengaluru,Publishing,Evening,288,20.32,4,10.1,97.0,30,Yes,1.389,Normal
104347,2026-01-09,Bengaluru,Publishing,Night,440,20.07,4,19.3,97.52,30,Yes,0.909,Normal
100574,2026-01-09,Bengaluru,Quality Review,Evening,497,52.67,8,8.6,100.0,60,Yes,1.61,Normal
104127,2026-01-09,Bengaluru,Quality Review,Morning,597,39.23,3,23.4,88.38,60,Yes,0.503,Low Quality Score
101110,2026-01-09,Bengaluru,Validation,Night,166,81.37,4,0.0,93.39,55,No,2.41,High Error Rate
104776,2026-01-09,Bengaluru,Validation,Morning,263,33.95,4,0.0,91.18,55,Yes,1.521,Normal
104329,2026-01-09,Chennai,Data Intake,Morning,201,45.73,11,37.4,96.82,35,No,5.473,High Error Rate
100352,2026-01-09,Chennai,Enrichment,Evening,606,61.14,10,22.0,88.35,65,Yes,1.65,Low Quality Score
100397,2026-01-09,Chennai,Enrichment,Night,284,120.51,5,0.0,97.25,65,No,1.761,SLA Breach
104894,2026-01-09,Chennai,Enrichment,Evening,253,85.19,4,7.2,98.55,65,No,1.581,SLA Breach
102780,2026-01-09,Chennai,Publishing,Morning,552,32.33,2,0.0,95.88,30,No,0.362,SLA Breach
103013,2026-01-09,Chennai,Publishing,Evening,252,67.41,5,9.1,94.0,30,No,1.984,SLA Breach
105093,2026-01-09,Chennai,Publishing,Evening,198,46.99,6,0.0,91.99,30,No,3.03,High Error Rate
101518,2026-01-09,Chennai,Quality Review,Evening,349,55.79,4,19.7,94.34,60,Yes,1.146,Normal
101286,2026-01-09,Chennai,Validation,Evening,413,60.77,3,1.7,98.3,55,No,0.726,SLA Breach
102412,2026-01-09,Hyderabad,Data Intake,Night,533,63.45,3,17.3,100.0,35,No,0.563,SLA Breach
101806,2026-01-09,Hyderabad,Enrichment,Night,509,52.19,9,24.4,93.9,65,Yes,1.768,Normal
105622,2026-01-09,Hyderabad,Enrichment,Evening,154,80.46,9,0.0,96.52,65,No,5.844,High Error Rate
103871,2026-01-09,Hyderabad,Publishing,Morning,495,20.13,4,0.0,94.3,30,Yes,0.808,Normal
105680,2026-01-09,Hyderabad,Quality Review,Morning,80,40.8,1,15.2,97.66,60,Yes,1.25,Normal
101270,2026-01-09,Hyderabad,Validation,Night,250,31.87,4,21.1,93.86,55,Yes,1.6,Normal
104770,2026-01-09,Hyderabad,Validation,Morning,618,20.01,3,19.3,94.76,55,Yes,0.485,Normal
104551,2026-01-09,Pune,Data Intake,Evening,91,42.07,1,9.7,92.73,35,No,1.099,SLA Breach
104022,2026-01-09,Pune,Enrichment,Evening,205,27.16,4,12.9,98.0,65,Yes,1.951,Normal
104269,2026-01-09,Pune,Enrichment,Evening,407,26.73,1,0.0,96.15,65,Yes,0.246,Normal
102884,2026-01-09,Pune,Publishing,Morning,581,71.97,5,0.0,95.06,30,No,0.861,SLA Breach
105055,2026-01-09,Pune,Validation,Night,254,42.04,5,0.0,85.03,55,Yes,1.969,Low Quality Score
101983,2026-01-10,Bengaluru,Data Intake,Morning,420,29.02,6,12.9,89.76,35,Yes,1.429,Low Quality Score
104341,2026-01-10,Bengaluru,Data Intake,Evening,178,26.12,7,10.2,96.33,35,Yes,3.933,High Error Rate
101267,2026-01-10,Bengaluru,Enrichment,Evening,255,80.73,5,26.3,95.61,65,No,1.961,SLA Breach
103338,2026-01-10,Bengaluru,Enrichment,Evening,303,37.52,6,12.4,93.64,65,Yes,1.98,Normal
103617,2026-01-10,Bengaluru,Enrichment,Morning,171,39.51,8,0.0,93.28,65,Yes,4.678,High Error Rate
105646,2026-01-10,Bengaluru,Publishing,Morning,271,59.84,8,0.7,95.1,30,No,2.952,High Error Rate
100898,2026-01-10,Bengaluru,Quality Review,Morning,525,34.4,3,0.0,86.16,60,Yes,0.571,Low Quality Score
104724,2026-01-10,Bengaluru,Quality Review,Morning,625,69.12,4,7.3,96.53,60,No,0.64,SLA Breach
105219,2026-01-10,Bengaluru,Quality Review,Night,617,57.66,6,17.3,94.69,60,Yes,0.972,Normal
100546,2026-01-10,Bengaluru,Validation,Morning,559,63.07,4,12.2,95.1,55,No,0.716,SLA Breach
101976,2026-01-10,Bengaluru,Validation,Morning,158,45.47,9,0.0,92.74,55,Yes,5.696,High Error Rate
100699,2026-01-10,Chennai,Data Intake,Evening,301,39.42,5,18.5,93.99,35,No,1.661,SLA Breach
103464,2026-01-10,Chennai,Data Intake,Evening,565,24.48,3,0.0,99.45,35,Yes,0.531,Normal
101642,2026-01-10,Chennai,Publishing,Morning,98,27.45,5,14.0,92.99,30,Yes,5.102,High Error Rate
103452,2026-01-10,Chennai,Publishing,Night,383,50.54,6,0.0,97.07,30,No,1.567,SLA Breach
101653,2026-01-10,Chennai,Quality Review,Night,464,86.16,5,15.8,86.4,60,No,1.078,Low Quality Score
103800,2026-01-10,Chennai,Quality Review,Morning,362,46.4,3,0.0,96.65,60,Yes,0.829,Normal
102972,2026-01-10,Chennai,Validation,Evening,208,42.79,4,12.7,94.98,55,Yes,1.923,Normal
104986,2026-01-10,Chennai,Validation,Evening,169,44.07,6,0.0,96.83,55,Yes,3.55,High Error Rate
102278,2026-01-10,Hyderabad,Data Intake,Morning,511,31.78,3,2.5,94.22,35,Yes,0.587,Normal
102314,2026-01-10,Hyderabad,Data Intake,Night,80,65.43,3,0.0,97.91,35,No,3.75,High Error Rate
105012,2026-01-10,Hyderabad,Enrichment,Night,521,54.01,6,5.7,94.17,65,Yes,1.152,Normal
100584,2026-01-10,Hyderabad,Publishing,Morning,349,16.63,5,26.8,89.61,30,Yes,1.433,Low Quality Score
101453,2026-01-10,Hyderabad,Quality Review,Morning,241,32.22,4,0.7,90.25,60,Yes,1.66,Normal
104120,2026-01-10,Hyderabad,Quality Review,Morning,560,35.02,4,23.1,92.93,60,Yes,0.714,Normal
104952,2026-01-10,Hyderabad,Quality Review,Evening,196,27.26,4,0.6,89.92,60,Yes,2.041,Low Quality Score
100848,2026-01-10,Hyderabad,Validation,Morning,521,42.03,7,0.0,100.0,55,Yes,1.344,Normal
102618,2026-01-10,Pune,Data Intake,Morning,615,17.13,7,1.0,95.02,35,Yes,1.138,Normal
102505,2026-01-10,Pune,Publishing,Morning,150,17.04,5,15.3,88.35,30,Yes,3.333,Low Quality Score
105991,2026-01-10,Pune,Publishing,Morning,275,32.69,4,1.1,98.85,30,No,1.455,SLA Breach
100887,2026-01-10,Pune,Quality Review,Night,99,33.34,8,0.0,89.96,60,Yes,8.081,Low Quality Score
101464,2026-01-10,Pune,Quality Review,Morning,554,24.9,5,18.5,95.65,60,Yes,0.903,Normal
101801,2026-01-11,Bengaluru,Data Intake,Evening,287,23.33,6,28.1,94.85,35,Yes,2.091,High Error Rate
103781,2026-01-11,Bengaluru,Data Intake,Evening,328,39.05,7,21.6,97.47,35,No,2.134,High Error Rate
100858,2026-01-11,Bengaluru,Enrichment,Morning,626,74.96,9,0.0,97.99,65,No,1.438,SLA Breach
101411,2026-01-11,Bengaluru,Enrichment,Morning,364,49.48,4,1.7,89.83,65,Yes,1.099,Low Quality Score
101615,2026-01-11,Bengaluru,Enrichment,Morning,278,39.59,6,13.2,97.12,65,Yes,2.158,High Error Rate
105816,2026-01-11,Bengaluru,Enrichment,Night,556,35.88,5,11.7,98.27,65,Yes,0.899,Normal
100542,2026-01-11,Bengaluru,Publishing,Evening,268,36.44,1,0.0,89.27,30,No,0.373,Low Quality Score
103357,2026-01-11,Bengaluru,Publishing,Morning,232,42.03,2,30.4,100.0,30,No,0.862,SLA Breach
102982,2026-01-11,Bengaluru,Validation,Evening,475,18.27,3,17.7,90.8,55,Yes,0.632,Normal
104702,2026-01-11,Bengaluru,Validation,Evening,473,40.57,4,16.7,90.84,55,Yes,0.846,Normal
100150,2026-01-11,Chennai,Data Intake,Night,123,37.35,6,23.7,91.74,35,No,4.878,High Error Rate
101021,2026-01-11,Chennai,Data Intake,Morning,623,54.03,1,0.0,97.41,35,No,0.161,SLA Breach
102460,2026-01-11,Chennai,Data Intake,Morning,606,30.57,5,5.4,98.16,35,Yes,0.825,Normal
105385,2026-01-11,Chennai,Data Intake,Evening,390,18.02,7,22.7,95.09,35,Yes,1.795,Normal
104185,2026-01-11,Chennai,Enrichment,Night,462,30.41,4,0.0,100.0,65,Yes,0.866,Normal
102488,2026-01-11,Chennai,Publishing,Morning,206,44.93,6,29.3,95.65,30,No,2.913,High Error Rate
104388,2026-01-11,Chennai,Publishing,Evening,354,20.09,10,0.0,89.77,30,Yes,2.825,Low Quality Score
104873,2026-01-11,Chennai,Publishing,Night,115,34.66,5,38.2,100.0,30,No,4.348,High Error Rate
104893,2026-01-11,Chennai,Publishing,Night,341,18.54,10,0.0,94.98,30,Yes,2.933,High Error Rate
105974,2026-01-11,Chennai,Publishing,Morning,543,21.25,3,16.1,95.24,30,Yes,0.552,Normal
103113,2026-01-11,Chennai,Quality Review,Evening,349,39.08,6,10.8,100.0,60,Yes,1.719,Normal
101136,2026-01-11,Chennai,Validation,Evening,471,46.14,5,39.5,94.52,55,Yes,1.062,Normal
101351,2026-01-11,Chennai,Validation,Morning,93,28.86,5,0.0,99.17,55,Yes,5.376,High Error Rate
101470,2026-01-11,Chennai,Validation,Morning,574,42.46,4,12.1,95.64,55,Yes,0.697,Normal
103919,2026-01-11,Chennai,Validation,Morning,283,23.01,6,7.2,99.97,55,Yes,2.12,High Error Rate
104855,2026-01-11,Chennai,Validation,Morning,219,84.81,7,0.0,94.23,55,No,3.196,High Error Rate
105475,2026-01-11,Chennai,Validation,Night,135,44.1,4,11.6,91.98,55,Yes,2.963,High Error Rate
105537,2026-01-11,Chennai,Validation,Evening,95,68.72,4,17.9,95.94,55,No,4.211,High Error Rate
103189,2026-01-11,Hyderabad,Data Intake,Evening,439,17.67,9,7.3,93.25,35,Yes,2.05,High Error Rate
104484,2026-01-11,Hyderabad,Data Intake,Night,302,74.17,6,48.0,86.83,35,No,1.987,Low Quality Score
104518,2026-01-11,Hyderabad,Data Intake,Morning,577,32.03,4,36.6,94.38,35,Yes,0.693,Normal
105257,2026-01-11,Hyderabad,Data Intake,Evening,521,54.98,2,10.2,94.31,35,No,0.384,SLA Breach
104861,2026-01-11,Hyderabad,Enrichment,Morning,640,44.6,4,44.3,99.5,65,Yes,0.625,Normal
103509,2026-01-11,Hyderabad,Publishing,Morning,248,35.41,4,0.0,97.01,30,No,1.613,SLA Breach
103184,2026-01-11,Hyderabad,Quality Review,Night,362,33.14,3,5.6,92.49,60,Yes,0.829,Normal
105017,2026-01-11,Hyderabad,Validation,Evening,348,76.99,7,18.3,99.45,55,No,2.011,High Error Rate
101026,2026-01-11,Pune,Data Intake,Night,581,23.06,6,0.0,88.82,35,Yes,1.033,Low Quality Score
105850,2026-01-11,Pune,Data Intake,Morning,286,25.64,4,0.0,93.48,35,Yes,1.399,Normal
101979,2026-01-11,Pune,Enrichment,Night,126,101.74,4,30.4,98.08,65,No,3.175,High Error Rate
105653,2026-01-11,Pune,Enrichment,Night,173,36.09,4,7.0,91.49,65,Yes,2.312,High Error Rate
102657,2026-01-11,Pune,Validation,Evening,102,36.75,5,0.0,99.54,55,Yes,4.902,High Error Rate
102788,2026-01-11,Pune,Validation,Morning,166,49.88,8,13.9,88.67,55,Yes,4.819,Low Quality Score
100619,2026-01-12,Bengaluru,Enrichment,Morning,281,55.19,9,14.8,98.07,65,Yes,3.203,High Error Rate
105606,2026-01-12,Bengaluru,Publishing,Evening,419,15.91,4,6.0,92.55,30,Yes,0.955,Normal
101456,2026-01-12,Bengaluru,Quality Review,Evening,624,40.78,7,0.0,93.07,60,Yes,1.122,Normal
102804,2026-01-12,Bengaluru,Quality Review,Evening,380,54.73,3,0.0,94.52,60,Yes,0.789,Normal
105696,2026-01-12,Bengaluru,Quality Review,Evening,100,81.79,5,19.2,91.65,60,No,5.0,High Error Rate
100279,2026-01-12,Bengaluru,Validation,Night,312,66.42,4,2.1,98.81,55,No,1.282,SLA Breach
101889,2026-01-12,Bengaluru,Validation,Morning,632,54.13,5,1.0,94.18,55,Yes,0.791,Normal
102373,2026-01-12,Chennai,Data Intake,Evening,298,45.69,3,10.3,98.58,35,No,1.007,SLA Breach
102888,2026-01-12,Chennai,Data Intake,Evening,560,23.62,4,22.0,96.01,35,Yes,0.714,Normal
103798,2026-01-12,Chennai,Data Intake,Morning,145,19.9,3,9.6,95.46,35,Yes,2.069,High Error Rate
102440,2026-01-12,Chennai,Publishing,Night,276,18.32,8,28.3,100.0,30,Yes,2.899,High Error Rate
102525,2026-01-12,Chennai,Publishing,Night,593,16.58,4,2.1,94.19,30,Yes,0.675,Normal
102002,2026-01-12,Hyderabad,Data Intake,Morning,357,21.86,3,14.2,96.97,35,Yes,0.84,Normal
102331,2026-01-12,Hyderabad,Enrichment,Morning,189,74.51,10,28.4,92.0,65,No,5.291,High Error Rate
102711,2026-01-12,Hyderabad,Enrichment,Night,519,60.96,5,24.9,91.61,65,Yes,0.963,Normal
104737,2026-01-12,Hyderabad,Enrichment,Evening,198,53.98,10,11.7,100.0,65,Yes,5.051,High Error Rate
100036,2026-01-12,Hyderabad,Validation,Morning,565,93.58,4,0.0,93.02,55,No,0.708,SLA Breach
103533,2026-01-12,Hyderabad,Validation,Morning,616,27.13,9,7.3,91.27,55,Yes,1.461,Normal
102129,2026-01-12,Pune,Data Intake,Morning,625,31.86,0,18.7,93.87,35,Yes,0.0,Normal
105359,2026-01-12,Pune,Data Intake,Morning,200,14.18,4,4.0,96.2,35,Yes,2.0,Normal
103501,2026-01-12,Pune,Quality Review,Morning,349,25.85,7,0.0,94.56,60,Yes,2.006,High Error Rate
102705,2026-01-13,Bengaluru,Data Intake,Night,413,27.71,9,29.9,100.0,35,Yes,2.179,High Error Rate
101362,2026-01-13,Bengaluru,Enrichment,Morning,238,52.01,3,9.1,92.79,65,Yes,1.261,Normal
102591,2026-01-13,Bengaluru,Enrichment,Evening,115,83.88,8,0.0,93.97,65,No,6.957,High Error Rate
103917,2026-01-13,Bengaluru,Enrichment,Morning,441,63.3,5,0.0,92.21,65,Yes,1.134,Normal
104277,2026-01-13,Bengaluru,Enrichment,Morning,246,34.31,1,28.1,92.09,65,Yes,0.407,Normal
104456,2026-01-13,Bengaluru,Enrichment,Night,249,54.3,7,7.2,97.06,65,Yes,2.811,High Error Rate
105309,2026-01-13,Bengaluru,Enrichment,Night,353,55.54,3,0.0,87.24,65,Yes,0.85,Low Quality Score
100387,2026-01-13,Bengaluru,Publishing,Morning,384,37.27,8,15.8,91.76,30,No,2.083,High Error Rate
105970,2026-01-13,Bengaluru,Publishing,Morning,525,22.03,1,0.0,98.49,30,Yes,0.19,Normal
103155,2026-01-13,Bengaluru,Quality Review,Evening,343,37.13,5,29.0,91.39,60,Yes,1.458,Normal
104291,2026-01-13,Bengaluru,Quality Review,Morning,219,72.16,5,0.0,97.44,60,No,2.283,High Error Rate
104692,2026-01-13,Bengaluru,Quality Review,Night,588,45.19,11,19.4,86.06,60,Yes,1.871,Low Quality Score
102964,2026-01-13,Bengaluru,Validation,Night,305,98.24,6,29.0,96.26,55,No,1.967,SLA Breach
103561,2026-01-13,Bengaluru,Validation,Morning,166,52.09,5,0.0,93.28,55,Yes,3.012,High Error Rate
104854,2026-01-13,Bengaluru,Validation,Night,150,36.02,4,7.0,97.34,55,Yes,2.667,High Error Rate
103988,2026-01-13,Chennai,Data Intake,Morning,84,29.68,5,0.0,89.45,35,Yes,5.952,Low Quality Score
102312,2026-01-13,Chennai,Enrichment,Morning,213,22.72,9,0.0,93.26,65,Yes,4.225,High Error Rate
101035,2026-01-13,Chennai,Publishing,Morning,309,35.73,2,0.0,96.27,30,No,0.647,SLA Breach
103277,2026-01-13,Chennai,Publishing,Morning,161,34.34,8,5.2,93.99,30,No,4.969,High Error Rate
100899,2026-01-13,Chennai,Quality Review,Morning,414,29.76,10,0.0,89.74,60,Yes,2.415,Low Quality Score
101769,2026-01-13,Chennai,Quality Review,Evening,635,37.36,7,28.8,94.79,60,Yes,1.102,Normal
103070,2026-01-13,Chennai,Quality Review,Morning,538,45.23,5,3.9,94.19,60,Yes,0.929,Normal
103411,2026-01-13,Chennai,Quality Review,Night,110,29.77,7,4.7,92.4,60,Yes,6.364,High Error Rate
100518,2026-01-13,Chennai,Validation,Evening,181,64.41,6,0.0,97.99,55,No,3.315,High Error Rate
101953,2026-01-13,Chennai,Validation,Night,337,65.2,5,6.1,92.34,55,No,1.484,SLA Breach
103816,2026-01-13,Chennai,Validation,Night,305,36.51,8,14.2,83.25,55,Yes,2.623,Low Quality Score
104394,2026-01-13,Hyderabad,Data Intake,Evening,257,33.14,6,22.4,96.43,35,Yes,2.335,High Error Rate
104644,2026-01-13,Hyderabad,Data Intake,Morning,224,58.4,7,29.8,99.39,35,No,3.125,High Error Rate
105336,2026-01-13,Hyderabad,Data Intake,Evening,481,43.34,6,7.3,94.91,35,No,1.247,SLA Breach
105301,2026-01-13,Hyderabad,Publishing,Night,497,33.62,3,9.0,89.86,30,No,0.604,Low Quality Score
101834,2026-01-13,Hyderabad,Quality Review,Night,362,70.4,6,23.1,96.56,60,No,1.657,SLA Breach
102795,2026-01-13,Hyderabad,Quality Review,Evening,628,49.16,2,0.0,96.4,60,Yes,0.318,Normal
100045,2026-01-13,Hyderabad,Validation,Evening,479,38.94,4,3.7,90.25,55,Yes,0.835,Normal
104838,2026-01-13,Hyderabad,Validation,Evening,202,56.53,6,28.2,87.35,55,No,2.97,Low Quality Score
104680,2026-01-13,Pune,Data Intake,Morning,551,28.86,5,15.7,92.09,35,Yes,0.907,Normal
103532,2026-01-13,Pune,Enrichment,Night,457,60.1,5,12.8,97.44,65,Yes,1.094,Normal
104399,2026-01-13,Pune,Enrichment,Night,624,58.56,6,2.9,95.21,65,Yes,0.962,Normal
102232,2026-01-13,Pune,Publishing,Night,211,19.16,6,8.5,97.99,30,Yes,2.844,High Error Rate
104684,2026-01-13,Pune,Quality Review,Morning,111,39.85,3,0.0,93.65,60,Yes,2.703,High Error Rate
104697,2026-01-14,Bengaluru,Data Intake,Evening,261,49.02,5,15.7,91.29,35,No,1.916,SLA Breach
104231,2026-01-14,Bengaluru,Enrichment,Evening,354,36.47,2,24.2,94.32,65,Yes,0.565,Normal
101215,2026-01-14,Bengaluru,Quality Review,Evening,459,61.02,5,3.4,90.78,60,No,1.089,SLA Breach
105530,2026-01-14,Chennai,Data Intake,Night,217,13.58,8,30.6,94.46,35,Yes,3.687,High Error Rate
101253,2026-01-14,Chennai,Publishing,Evening,486,47.06,7,4.4,95.01,30,No,1.44,SLA Breach
103536,2026-01-14,Chennai,Publishing,Morning,637,39.01,7,7.8,87.27,30,No,1.099,Low Quality Score
101911,2026-01-14,Chennai,Quality Review,Evening,559,56.64,5,34.1,89.52,60,Yes,0.894,Low Quality Score
103614,2026-01-14,Chennai,Quality Review,Night,611,49.07,4,22.0,90.87,60,Yes,0.655,Normal
105584,2026-01-14,Chennai,Quality Review,Morning,82,40.97,2,16.4,97.45,60,Yes,2.439,High Error Rate
101022,2026-01-14,Chennai,Validation,Evening,628,62.26,3,34.2,94.05,55,No,0.478,SLA Breach
105697,2026-01-14,Chennai,Validation,Morning,410,55.02,3,19.2,93.96,55,No,0.732,SLA Breach
103335,2026-01-14,Hyderabad,Data Intake,Morning,201,21.35,3,0.0,94.98,35,Yes,1.493,Normal
102669,2026-01-14,Hyderabad,Enrichment,Evening,113,34.61,8,3.5,90.59,65,Yes,7.08,High Error Rate
103932,2026-01-14,Hyderabad,Enrichment,Evening,390,91.2,4,24.4,88.31,65,No,1.026,Low Quality Score
104780,2026-01-14,Hyderabad,Enrichment,Morning,557,120.22,6,19.0,93.01,65,No,1.077,SLA Breach
100069,2026-01-14,Hyderabad,Quality Review,Morning,592,45.29,9,25.4,96.23,60,Yes,1.52,Normal
102025,2026-01-14,Hyderabad,Validation,Morning,368,50.02,9,3.6,94.49,55,Yes,2.446,High Error Rate
105166,2026-01-14,Hyderabad,Validation,Evening,271,38.31,6,9.7,92.45,55,Yes,2.214,High Error Rate
105423,2026-01-14,Hyderabad,Validation,Evening,300,53.31,3,6.9,95.98,55,Yes,1.0,Normal
100659,2026-01-14,Pune,Publishing,Evening,128,25.28,7,17.5,98.25,30,Yes,5.469,High Error Rate
101055,2026-01-14,Pune,Publishing,Evening,365,37.26,3,3.9,91.62,30,No,0.822,SLA Breach
103652,2026-01-14,Pune,Quality Review,Night,488,25.13,6,0.3,90.99,60,Yes,1.23,Normal
104593,2026-01-14,Pune,Quality Review,Morning,237,24.34,4,24.6,86.62,60,Yes,1.688,Low Quality Score
102752,2026-01-15,Bengaluru,Data Intake,Morning,444,16.2,9,24.8,95.06,35,Yes,2.027,High Error Rate
101571,2026-01-15,Bengaluru,Enrichment,Evening,590,24.61,5,16.3,99.39,65,Yes,0.847,Normal
100217,2026-01-15,Bengaluru,Publishing,Evening,143,53.14,3,20.3,95.01,30,No,2.098,High Error Rate
105591,2026-01-15,Bengaluru,Publishing,Evening,501,24.11,8,1.3,88.44,30,Yes,1.597,Low Quality Score
101096,2026-01-15,Bengaluru,Quality Review,Morning,403,67.22,6,17.3,91.58,60,No,1.489,SLA Breach
102479,2026-01-15,Bengaluru,Quality Review,Evening,429,61.52,6,17.6,92.65,60,No,1.399,SLA Breach
104537,2026-01-15,Bengaluru,Quality Review,Night,593,26.72,8,47.6,85.03,60,Yes,1.349,Low Quality Score
104648,2026-01-15,Bengaluru,Quality Review,Morning,413,54.32,3,6.6,91.19,60,Yes,0.726,Normal
100127,2026-01-15,Bengaluru,Validation,Night,595,68.0,3,12.5,92.1,55,No,0.504,SLA Breach
103759,2026-01-15,Bengaluru,Validation,Morning,327,19.0,6,20.8,94.95,55,Yes,1.835,Normal
105508,2026-01-15,Chennai,Data Intake,Evening,340,29.9,5,0.6,90.71,35,Yes,1.471,Normal
100439,2026-01-15,Chennai,Enrichment,Night,133,61.61,3,12.3,94.47,65,Yes,2.256,High Error Rate
101851,2026-01-15,Chennai,Enrichment,Evening,532,51.08,3,25.7,88.52,65,Yes,0.564,Low Quality Score
105262,2026-01-15,Chennai,Enrichment,Morning,311,26.94,2,27.1,100.0,65,Yes,0.643,Normal
100280,2026-01-15,Chennai,Publishing,Night,632,33.98,4,17.0,100.0,30,No,0.633,SLA Breach
101361,2026-01-15,Chennai,Publishing,Morning,468,31.72,2,14.4,94.51,30,No,0.427,SLA Breach
104624,2026-01-15,Chennai,Publishing,Morning,489,35.54,10,0.0,95.64,30,No,2.045,High Error Rate
103134,2026-01-15,Chennai,Quality Review,Morning,324,84.92,1,1.4,94.19,60,No,0.309,SLA Breach
104105,2026-01-15,Chennai,Validation,Morning,347,57.71,3,0.0,94.97,55,No,0.865,SLA Breach
103639,2026-01-15,Hyderabad,Enrichment,Evening,98,92.73,9,30.2,95.58,65,No,9.184,High Error Rate
101027,2026-01-15,Hyderabad,Publishing,Night,480,32.49,3,13.4,92.85,30,No,0.625,SLA Breach
105139,2026-01-15,Hyderabad,Validation,Evening,354,46.77,4,11.0,96.26,55,Yes,1.13,Normal
103580,2026-01-15,Pune,Enrichment,Morning,423,37.45,5,0.0,86.01,65,Yes,1.182,Low Quality Score
101588,2026-01-15,Pune,Publishing,Night,645,17.55,6,15.2,95.85,30,Yes,0.93,Normal
103916,2026-01-15,Pune,Publishing,Morning,193,18.63,4,3.9,96.61,30,Yes,2.073,High Error Rate
102856,2026-01-15,Pune,Validation,Morning,584,49.94,3,7.9,93.63,55,Yes,0.514,Normal
100196,2026-01-16,Bengaluru,Data Intake,Evening,340,31.82,5,5.6,94.3,35,Yes,1.471,Normal
100246,2026-01-16,Bengaluru,Enrichment,Night,382,22.61,3,0.0,97.44,65,Yes,0.785,Normal
100431,2026-01-16,Bengaluru,Enrichment,Night,340,35.48,9,15.2,92.84,65,Yes,2.647,High Error Rate
105179,2026-01-16,Bengaluru,Enrichment,Morning,128,40.43,7,29.1,92.66,65,Yes,5.469,High Error Rate
100678,2026-01-16,Bengaluru,Quality Review,Morning,547,30.25,9,29.0,97.32,60,Yes,1.645,Normal
105876,2026-01-16,Bengaluru,Quality Review,Morning,255,53.1,7,2.4,98.01,60,Yes,2.745,High Error Rate
100753,2026-01-16,Bengaluru,Validation,Evening,231,38.88,3,4.7,90.1,55,Yes,1.299,Normal
103535,2026-01-16,Bengaluru,Validation,Morning,211,82.72,3,9.7,95.6,55,No,1.422,SLA Breach
103887,2026-01-16,Bengaluru,Validation,Evening,323,27.08,5,0.0,91.29,55,Yes,1.548,Normal
102635,2026-01-16,Chennai,Enrichment,Night,126,72.22,4,0.0,86.76,65,No,3.175,Low Quality Score
103321,2026-01-16,Chennai,Enrichment,Night,464,41.37,5,21.4,96.01,65,Yes,1.078,Normal
103620,2026-01-16,Chennai,Publishing,Night,355,32.63,5,16.9,87.63,30,No,1.408,Low Quality Score
105367,2026-01-16,Chennai,Publishing,Morning,523,25.51,4,28.2,96.93,30,Yes,0.765,Normal
100728,2026-01-16,Chennai,Validation,Evening,444,63.88,4,8.2,89.48,55,No,0.901,Low Quality Score
101256,2026-01-16,Chennai,Validation,Morning,565,51.82,4,11.5,94.51,55,Yes,0.708,Normal
102317,2026-01-16,Chennai,Validation,Evening,508,17.46,6,11.4,98.7,55,Yes,1.181,Normal
100007,2026-01-16,Hyderabad,Data Intake,Morning,351,15.08,6,13.3,94.53,35,Yes,1.709,Normal
103281,2026-01-16,Hyderabad,Data Intake,Morning,209,42.05,5,15.0,100.0,35,No,2.392,High Error Rate
104432,2026-01-16,Hyderabad,Enrichment,Night,552,47.99,8,33.2,98.08,65,Yes,1.449,Normal
100881,2026-01-16,Hyderabad,Validation,Morning,159,52.22,2,15.2,94.49,55,Yes,1.258,Normal
101122,2026-01-16,Hyderabad,Validation,Night,204,23.99,4,30.1,85.99,55,Yes,1.961,Low Quality Score
101328,2026-01-16,Hyderabad,Validation,Evening,424,41.74,6,23.5,97.75,55,Yes,1.415,Normal
102865,2026-01-16,Hyderabad,Validation,Night,247,39.17,6,6.7,88.58,55,Yes,2.429,Low Quality Score
103543,2026-01-16,Pune,Data Intake,Evening,574,22.31,2,17.8,86.77,35,Yes,0.348,Low Quality Score
102366,2026-01-16,Pune,Publishing,Morning,497,36.22,5,0.0,95.69,30,No,1.006,SLA Breach
102529,2026-01-16,Pune,Quality Review,Evening,232,56.8,7,0.0,95.88,60,Yes,3.017,High Error Rate
105229,2026-01-16,Pune,Quality Review,Morning,342,39.3,8,0.0,96.44,60,Yes,2.339,High Error Rate
104577,2026-01-16,Pune,Validation,Evening,441,56.38,6,1.3,90.55,55,No,1.361,SLA Breach
100826,2026-01-17,Bengaluru,Data Intake,Evening,518,32.45,6,7.7,95.38,35,Yes,1.158,Normal
100951,2026-01-17,Bengaluru,Data Intake,Evening,248,34.77,1,4.3,92.48,35,Yes,0.403,Normal
101721,2026-01-17,Bengaluru,Data Intake,Morning,597,45.04,4,0.0,93.54,35,No,0.67,SLA Breach
104101,2026-01-17,Bengaluru,Data Intake,Morning,536,43.61,3,0.0,93.86,35,No,0.56,SLA Breach
101633,2026-01-17,Bengaluru,Publishing,Morning,129,50.59,6,0.0,95.24,30,No,4.651,High Error Rate
104128,2026-01-17,Bengaluru,Quality Review,Morning,520,24.18,6,0.0,90.47,60,Yes,1.154,Normal
105565,2026-01-17,Bengaluru,Quality Review,Night,278,101.96,2,21.7,88.76,60,No,0.719,Low Quality Score
101809,2026-01-17,Bengaluru,Validation,Evening,252,84.75,7,16.9,94.48,55,No,2.778,High Error Rate
103528,2026-01-17,Chennai,Data Intake,Morning,362,41.84,4,2.1,92.21,35,No,1.105,SLA Breach
105479,2026-01-17,Chennai,Data Intake,Evening,140,35.96,4,0.0,95.56,35,No,2.857,High Error Rate
104926,2026-01-17,Chennai,Enrichment,Evening,242,72.98,6,4.6,96.05,65,No,2.479,High Error Rate
102033,2026-01-17,Chennai,Publishing,Evening,247,26.83,4,16.7,91.79,30,Yes,1.619,Normal
102854,2026-01-17,Chennai,Publishing,Morning,508,31.43,5,0.0,89.77,30,No,0.984,Low Quality Score
102912,2026-01-17,Chennai,Publishing,Evening,569,18.14,6,13.7,91.83,30,Yes,1.054,Normal
105482,2026-01-17,Chennai,Quality Review,Morning,568,28.24,9,16.6,86.32,60,Yes,1.585,Low Quality Score
100033,2026-01-17,Chennai,Validation,Morning,119,26.32,2,0.4,96.5,55,Yes,1.681,Normal
100133,2026-01-17,Chennai,Validation,Night,517,64.62,5,6.6,94.02,55,No,0.967,SLA Breach
102340,2026-01-17,Chennai,Validation,Morning,283,37.11,5,0.0,97.66,55,Yes,1.767,Normal
104528,2026-01-17,Hyderabad,Data Intake,Evening,275,59.18,2,14.4,95.98,35,No,0.727,SLA Breach
105903,2026-01-17,Hyderabad,Data Intake,Morning,271,21.62,4,7.2,95.3,35,Yes,1.476,Normal
100359,2026-01-17,Hyderabad,Enrichment,Evening,414,46.16,9,11.2,95.55,65,Yes,2.174,High Error Rate
100695,2026-01-17,Hyderabad,Enrichment,Night,355,94.94,9,0.0,96.37,65,No,2.535,High Error Rate
104611,2026-01-17,Hyderabad,Publishing,Morning,572,30.35,6,15.6,94.17,30,No,1.049,SLA Breach
105535,2026-01-17,Hyderabad,Publishing,Evening,466,29.07,8,23.4,92.79,30,Yes,1.717,Normal
100172,2026-01-17,Hyderabad,Quality Review,Evening,277,35.24,2,0.0,97.37,60,Yes,0.722,Normal
100581,2026-01-17,Hyderabad,Quality Review,Morning,347,87.12,7,2.4,92.25,60,No,2.017,High Error Rate
101531,2026-01-17,Hyderabad,Quality Review,Evening,264,60.08,6,0.0,91.69,60,No,2.273,High Error Rate
102082,2026-01-17,Hyderabad,Quality Review,Morning,304,38.66,5,11.7,93.24,60,Yes,1.645,Normal
104300,2026-01-17,Hyderabad,Quality Review,Night,328,42.73,7,9.2,88.44,60,Yes,2.134,Low Quality Score
101931,2026-01-17,Hyderabad,Validation,Night,112,35.32,5,0.0,99.29,55,Yes,4.464,High Error Rate
105764,2026-01-17,Hyderabad,Validation,Night,146,20.78,1,31.4,98.69,55,Yes,0.685,Normal
101543,2026-01-17,Pune,Data Intake,Morning,343,25.74,4,27.6,97.71,35,Yes,1.166,Normal
103982,2026-01-17,Pune,Data Intake,Evening,379,40.78,8,37.3,90.78,35,No,2.111,High Error Rate
104572,2026-01-17,Pune,Data Intake,Evening,179,71.9,5,27.3,100.0,35,No,2.793,High Error Rate
100001,2026-01-17,Pune,Publishing,Morning,292,26.98,5,1.9,90.09,30,Yes,1.712,Normal
100910,2026-01-17,Pune,Publishing,Evening,609,22.07,4,8.9,94.63,30,Yes,0.657,Normal
103414,2026-01-17,Pune,Publishing,Morning,400,30.55,4,21.5,90.9,30,No,1.0,SLA Breach
105194,2026-01-17,Pune,Publishing,Evening,383,27.53,3,3.4,97.97,30,Yes,0.783,Normal
103248,2026-01-17,Pune,Quality Review,Evening,87,62.58,8,5.8,96.01,60,No,9.195,High Error Rate
104258,2026-01-17,Pune,Quality Review,Evening,232,114.06,6,18.3,88.84,60,No,2.586,Low Quality Score
105792,2026-01-17,Pune,Quality Review,Evening,370,35.93,7,18.9,94.72,60,Yes,1.892,Normal
104698,2026-01-17,Pune,Validation,Morning,120,51.09,7,8.5,96.83,55,Yes,5.833,High Error Rate
103975,2026-01-18,Bengaluru,Data Intake,Evening,103,31.07,5,5.6,97.31,35,Yes,4.854,High Error Rate
100588,2026-01-18,Bengaluru,Enrichment,Morning,112,57.43,6,6.6,94.66,65,Yes,5.357,High Error Rate
100674,2026-01-18,Bengaluru,Enrichment,Evening,371,49.74,6,27.2,100.0,65,Yes,1.617,Normal
103672,2026-01-18,Bengaluru,Publishing,Evening,242,28.09,7,17.7,90.62,30,Yes,2.893,High Error Rate
103959,2026-01-18,Bengaluru,Publishing,Evening,630,22.05,7,3.3,91.96,30,Yes,1.111,Normal
101842,2026-01-18,Bengaluru,Quality Review,Morning,224,51.71,7,13.5,100.0,60,Yes,3.125,High Error Rate
102957,2026-01-18,Bengaluru,Quality Review,Evening,365,49.12,3,9.6,96.82,60,Yes,0.822,Normal
100376,2026-01-18,Bengaluru,Validation,Morning,566,68.16,4,33.4,97.76,55,No,0.707,SLA Breach
100700,2026-01-18,Bengaluru,Validation,Morning,205,60.88,6,0.0,98.74,55,No,2.927,High Error Rate
102266,2026-01-18,Chennai,Data Intake,Evening,320,53.75,4,0.0,94.5,35,No,1.25,SLA Breach
104466,2026-01-18,Chennai,Data Intake,Night,622,30.06,5,0.0,90.74,35,Yes,0.804,Normal
104553,2026-01-18,Chennai,Data Intake,Evening,236,32.76,5,29.9,99.9,35,Yes,2.119,High Error Rate
104727,2026-01-18,Chennai,Enrichment,Evening,207,65.92,2,2.8,99.47,65,No,0.966,SLA Breach
100218,2026-01-18,Chennai,Publishing,Evening,359,32.87,1,0.0,93.03,30,No,0.279,SLA Breach
100977,2026-01-18,Chennai,Quality Review,Evening,331,24.17,4,0.0,89.81,60,Yes,1.208,Low Quality Score
104843,2026-01-18,Chennai,Quality Review,Night,427,31.72,7,0.0,96.58,60,Yes,1.639,Normal
102594,2026-01-18,Chennai,Unknown,Evening,551,22.21,4,0.0,100.0,60,Yes,0.726,Normal
100087,2026-01-18,Chennai,Validation,Morning,355,40.69,5,0.0,97.86,55,Yes,1.408,Normal
100791,2026-01-18,Chennai,Validation,Evening,375,41.73,5,37.9,92.61,55,Yes,1.333,Normal
102321,2026-01-18,Chennai,Validation,Morning,136,48.13,5,0.0,94.06,55,Yes,3.676,High Error Rate
102472,2026-01-18,Chennai,Validation,Morning,258,126.37,7,4.7,93.46,55,No,2.713,High Error Rate
103284,2026-01-18,Chennai,Validation,Morning,309,26.52,5,9.1,97.04,55,Yes,1.618,Normal
104294,2026-01-18,Chennai,Validation,Morning,298,50.08,2,23.6,94.35,55,Yes,0.671,Normal
104763,2026-01-18,Chennai,Validation,Evening,116,71.6,10,9.4,89.1,55,No,8.621,Low Quality Score
104848,2026-01-18,Chennai,Validation,Evening,365,70.37,6,22.6,99.81,55,No,1.644,SLA Breach
100010,2026-01-18,Hyderabad,Data Intake,Evening,501,31.69,5,26.2,95.82,35,Yes,0.998,Normal
101788,2026-01-18,Hyderabad,Data Intake,Morning,104,29.82,9,0.7,100.0,35,Yes,8.654,High Error Rate
102306,2026-01-18,Hyderabad,Enrichment,Night,250,23.51,10,0.0,100.0,65,Yes,4.0,High Error Rate
102742,2026-01-18,Hyderabad,Enrichment,Evening,147,38.65,10,8.2,94.58,65,Yes,6.803,High Error Rate
101690,2026-01-18,Hyderabad,Publishing,Evening,500,20.71,6,2.4,94.42,30,Yes,1.2,Normal
106000,2026-01-18,Hyderabad,Publishing,Morning,332,17.98,4,0.7,92.19,30,Yes,1.205,Normal
102816,2026-01-18,Hyderabad,Quality Review,Evening,476,24.92,5,0.0,96.76,60,Yes,1.05,Normal
104071,2026-01-18,Hyderabad,Quality Review,Evening,138,80.41,3,0.0,96.61,60,No,2.174,High Error Rate
104314,2026-01-18,Hyderabad,Quality Review,Evening,89,46.33,4,19.4,93.16,60,Yes,4.494,High Error Rate
105028,2026-01-18,Hyderabad,Quality Review,Morning,121,122.95,6,4.2,95.38,60,No,4.959,High Error Rate
102453,2026-01-18,Hyderabad,Validation,Night,110,102.32,2,0.0,97.73,55,No,1.818,SLA Breach
100243,2026-01-18,Pune,Data Intake,Morning,222,22.95,7,5.5,96.89,35,Yes,3.153,High Error Rate
103343,2026-01-18,Pune,Data Intake,Morning,366,22.41,6,2.8,88.27,35,Yes,1.639,Low Quality Score
104671,2026-01-18,Pune,Publishing,Morning,237,58.8,5,16.4,86.09,30,No,2.11,Low Quality Score
103419,2026-01-18,Pune,Quality Review,Night,360,44.39,8,5.3,97.1,60,Yes,2.222,High Error Rate
103872,2026-01-19,Bengaluru,Data Intake,Morning,272,51.15,4,0.0,89.5,35,No,1.471,Low Quality Score
104461,2026-01-19,Bengaluru,Data Intake,Morning,120,19.45,7,0.0,97.67,35,Yes,5.833,High Error Rate
105728,2026-01-19,Bengaluru,Data Intake,Morning,436,18.82,7,15.9,94.03,35,Yes,1.606,Normal
102502,2026-01-19,Bengaluru,Enrichment,Night,407,56.38,7,0.0,87.91,65,Yes,1.72,Low Quality Score
102682,2026-01-19,Bengaluru,Enrichment,Evening,147,45.73,5,8.0,96.53,65,Yes,3.401,High Error Rate
103497,2026-01-19,Bengaluru,Enrichment,Morning,107,82.93,5,3.6,95.41,65,No,4.673,High Error Rate
105136,2026-01-19,Bengaluru,Enrichment,Morning,350,41.69,7,0.0,88.84,65,Yes,2.0,Low Quality Score
100258,2026-01-19,Bengaluru,Publishing,Morning,324,19.42,7,0.0,92.66,30,Yes,2.16,High Error Rate
101436,2026-01-19,Bengaluru,Publishing,Evening,309,24.32,7,14.9,100.0,30,Yes,2.265,High Error Rate
101730,2026-01-19,Bengaluru,Publishing,Night,474,26.1,11,30.5,96.24,30,Yes,2.321,High Error Rate
103807,2026-01-19,Bengaluru,Publishing,Night,354,29.35,6,27.7,98.31,30,Yes,1.695,Normal
101359,2026-01-19,Bengaluru,Quality Review,Evening,251,75.73,4,18.0,96.23,60,No,1.594,SLA Breach
101880,2026-01-19,Bengaluru,Quality Review,Evening,396,43.92,2,0.0,94.97,60,Yes,0.505,Normal
105211,2026-01-19,Bengaluru,Quality Review,Night,203,52.7,6,4.1,90.71,60,Yes,2.956,High Error Rate
105926,2026-01-19,Bengaluru,Quality Review,Night,447,46.54,4,0.0,92.45,60,Yes,0.895,Normal
100580,2026-01-19,Chennai,Data Intake,Evening,389,23.38,2,19.9,100.0,35,Yes,0.514,Normal
100891,2026-01-19,Chennai,Enrichment,Morning,178,43.74,4,29.1,89.91,65,Yes,2.247,Low Quality Score
104420,2026-01-19,Chennai,Enrichment,Night,547,44.94,5,25.8,97.13,65,Yes,0.914,Normal
104635,2026-01-19,Chennai,Quality Review,Evening,295,61.76,5,0.0,92.3,60,No,1.695,SLA Breach
105564,2026-01-19,Chennai,Quality Review,Night,98,62.38,1,0.0,90.5,60,No,1.02,SLA Breach
105966,2026-01-19,Chennai,Quality Review,Evening,344,53.92,4,11.5,100.0,60,Yes,1.163,Normal
101450,2026-01-19,Chennai,Validation,Morning,217,43.84,7,13.8,100.0,55,Yes,3.226,High Error Rate
101738,2026-01-19,Chennai,Validation,Night,253,40.57,6,22.3,88.04,55,Yes,2.372,Low Quality Score
102515,2026-01-19,Chennai,Validation,Evening,324,51.53,4,0.0,97.94,55,Yes,1.235,Normal
102475,2026-01-19,Hyderabad,Data Intake,Evening,383,84.36,5,7.3,97.4,35,No,1.305,SLA Breach
103853,2026-01-19,Hyderabad,Data Intake,Evening,365,20.55,6,20.1,99.39,35,Yes,1.644,Normal
104183,2026-01-19,Hyderabad,Data Intake,Morning,415,34.47,6,5.9,93.04,35,Yes,1.446,Normal
105557,2026-01-19,Hyderabad,Data Intake,Morning,398,17.78,5,0.0,95.17,35,Yes,1.256,Normal
102623,2026-01-19,Hyderabad,Enrichment,Night,356,61.59,9,31.9,98.08,65,Yes,2.528,High Error Rate
103783,2026-01-19,Hyderabad,Enrichment,Morning,381,57.21,10,24.2,89.87,65,Yes,2.625,Low Quality Score
102615,2026-01-19,Hyderabad,Publishing,Morning,143,39.73,4,41.8,92.25,30,No,2.797,High Error Rate
104107,2026-01-19,Hyderabad,Publishing,Evening,483,47.2,4,0.0,92.47,30,No,0.828,SLA Breach
102423,2026-01-19,Hyderabad,Quality Review,Morning,482,52.43,4,13.5,93.05,60,Yes,0.83,Normal
104070,2026-01-19,Hyderabad,Quality Review,Evening,390,40.56,5,4.2,97.02,60,Yes,1.282,Normal
104917,2026-01-19,Pune,Data Intake,Morning,232,23.52,5,0.6,96.69,35,Yes,2.155,High Error Rate
101289,2026-01-19,Pune,Enrichment,Morning,344,37.24,6,7.0,91.56,65,Yes,1.744,Normal
102556,2026-01-19,Pune,Enrichment,Morning,551,68.76,2,0.0,89.05,65,No,0.363,Low Quality Score
104916,2026-01-19,Pune,Quality Review,Night,488,67.04,5,0.8,96.16,60,No,1.025,SLA Breach
105526,2026-01-19,Pune,Quality Review,Night,412,36.42,6,12.4,94.19,60,Yes,1.456,Normal
103035,2026-01-19,Pune,Validation,Evening,262,35.33,4,11.4,93.62,55,Yes,1.527,Normal
102265,2026-01-20,Bengaluru,Data Intake,Evening,203,54.66,2,0.0,95.43,35,No,0.985,SLA Breach
101272,2026-01-20,Bengaluru,Publishing,Night,172,23.0,7,27.4,93.07,30,Yes,4.07,High Error Rate
100480,2026-01-20,Bengaluru,Quality Review,Morning,629,55.03,3,6.9,93.81,60,Yes,0.477,Normal
105507,2026-01-20,Bengaluru,Quality Review,Morning,407,22.07,7,0.0,100.0,60,Yes,1.72,Normal
100322,2026-01-20,Bengaluru,Validation,Evening,200,29.0,6,29.5,98.68,55,Yes,3.0,High Error Rate
100583,2026-01-20,Bengaluru,Validation,Evening,187,57.42,7,23.4,91.07,55,No,3.743,High Error Rate
105639,2026-01-20,Bengaluru,Validation,Morning,534,16.64,8,12.7,92.6,55,Yes,1.498,Normal
100818,2026-01-20,Chennai,Data Intake,Morning,312,29.37,3,0.0,90.98,35,Yes,0.962,Normal
103491,2026-01-20,Chennai,Data Intake,Morning,444,35.5,2,8.6,98.9,35,No,0.45,SLA Breach
104779,2026-01-20,Chennai,Data Intake,Morning,620,35.96,10,9.9,90.47,35,No,1.613,SLA Breach
102177,2026-01-20,Chennai,Enrichment,Evening,470,74.88,6,19.7,97.59,65,No,1.277,SLA Breach
101166,2026-01-20,Chennai,Publishing,Morning,648,20.54,3,46.0,97.3,30,Yes,0.463,Normal
101855,2026-01-20,Chennai,Publishing,Night,180,57.35,4,12.2,94.85,30,No,2.222,High Error Rate
103727,2026-01-20,Chennai,Publishing,Evening,248,32.89,8,19.0,90.87,30,No,3.226,High Error Rate
100310,2026-01-20,Chennai,Quality Review,Morning,380,29.98,4,0.0,85.75,60,Yes,1.053,Low Quality Score
101827,2026-01-20,Chennai,Quality Review,Evening,425,39.92,5,3.3,93.18,60,Yes,1.176,Normal
102946,2026-01-20,Chennai,Quality Review,Night,310,32.46,4,0.0,91.25,60,Yes,1.29,Normal
104044,2026-01-20,Chennai,Quality Review,Evening,349,45.36,7,12.4,95.1,60,Yes,2.006,High Error Rate
104832,2026-01-20,Hyderabad,Data Intake,Night,177,38.66,8,24.7,93.08,35,No,4.52,High Error Rate
102504,2026-01-20,Hyderabad,Enrichment,Evening,559,59.12,9,0.0,93.25,65,Yes,1.61,Normal
103077,2026-01-20,Hyderabad,Enrichment,Evening,351,77.4,9,13.6,94.06,65,No,2.564,High Error Rate
103150,2026-01-20,Hyderabad,Enrichment,Night,524,36.86,7,5.2,94.07,65,Yes,1.336,Normal
103353,2026-01-20,Hyderabad,Enrichment,Evening,530,31.51,5,0.0,94.11,65,Yes,0.943,Normal
100460,2026-01-20,Hyderabad,Publishing,Evening,263,47.1,1,1.3,96.82,30,No,0.38,SLA Breach
100516,2026-01-20,Hyderabad,Publishing,Morning,642,11.55,4,0.0,98.48,30,Yes,0.623,Normal
105105,2026-01-20,Hyderabad,Publishing,Evening,442,47.03,3,9.8,97.97,30,No,0.679,SLA Breach
101227,2026-01-20,Hyderabad,Quality Review,Night,379,66.16,6,0.0,90.55,60,No,1.583,SLA Breach
104238,2026-01-20,Hyderabad,Quality Review,Morning,286,78.89,0,28.6,96.97,60,No,0.0,SLA Breach
104853,2026-01-20,Hyderabad,Validation,Morning,477,75.96,6,4.8,93.93,55,No,1.258,SLA Breach
105778,2026-01-20,Hyderabad,Validation,Evening,487,29.36,9,18.7,93.29,55,Yes,1.848,Normal
100171,2026-01-20,Pune,Data Intake,Morning,150,76.02,1,0.0,89.52,35,No,0.667,Low Quality Score
104966,2026-01-20,Pune,Publishing,Evening,634,15.32,3,23.3,96.3,30,Yes,0.473,Normal
103687,2026-01-20,Pune,Quality Review,Morning,390,60.6,5,15.2,94.22,60,No,1.282,SLA Breach
105318,2026-01-20,Pune,Quality Review,Evening,350,40.33,8,9.1,90.45,60,Yes,2.286,High Error Rate
102215,2026-01-21,Bengaluru,Data Intake,Morning,212,32.94,6,31.0,94.89,35,Yes,2.83,High Error Rate
104382,2026-01-21,Bengaluru,Enrichment,Night,311,81.48,1,0.0,92.45,65,No,0.322,SLA Breach
105929,2026-01-21,Bengaluru,Enrichment,Evening,397,74.02,2,0.0,94.67,65,No,0.504,SLA Breach
100365,2026-01-21,Bengaluru,Quality Review,Evening,308,44.72,5,10.7,96.45,60,Yes,1.623,Normal
100501,2026-01-21,Bengaluru,Quality Review,Evening,529,62.58,4,0.0,97.57,60,No,0.756,SLA Breach
103791,2026-01-21,Bengaluru,Quality Review,Evening,366,89.84,2,0.0,97.72,60,No,0.546,SLA Breach
101579,2026-01-21,Bengaluru,Validation,Evening,172,34.55,8,18.4,95.9,55,Yes,4.651,High Error Rate
102506,2026-01-21,Bengaluru,Validation,Evening,456,62.2,6,12.1,92.98,55,No,1.316,SLA Breach
104010,2026-01-21,Bengaluru,Validation,Evening,135,37.83,3,43.5,96.32,55,Yes,2.222,High Error Rate
101816,2026-01-21,Chennai,Data Intake,Evening,352,34.93,11,0.0,93.91,35,Yes,3.125,High Error Rate
101867,2026-01-21,Chennai,Data Intake,Morning,308,48.97,5,18.0,93.62,35,No,1.623,SLA Breach
103034,2026-01-21,Chennai,Data Intake,Night,438,32.5,6,16.1,97.46,35,Yes,1.37,Normal
101216,2026-01-21,Chennai,Enrichment,Evening,612,62.5,3,0.0,94.2,65,Yes,0.49,Normal
102723,2026-01-21,Chennai,Enrichment,Evening,97,55.28,4,33.4,92.74,65,Yes,4.124,High Error Rate
104221,2026-01-21,Chennai,Enrichment,Morning,428,61.56,4,0.0,90.67,65,Yes,0.935,Normal
100120,2026-01-21,Chennai,Publishing,Morning,133,41.78,7,1.8,100.0,30,No,5.263,High Error Rate
101466,2026-01-21,Chennai,Publishing,Evening,584,46.48,6,0.0,96.33,30,No,1.027,SLA Breach
101489,2026-01-21,Chennai,Publishing,Evening,94,32.48,4,0.0,82.45,30,No,4.255,Low Quality Score
103027,2026-01-21,Chennai,Publishing,Evening,493,25.55,4,3.2,94.3,30,Yes,0.811,Normal
100873,2026-01-21,Chennai,Quality Review,Morning,170,28.84,6,0.0,89.5,60,Yes,3.529,Low Quality Score
101484,2026-01-21,Chennai,Quality Review,Morning,487,64.24,4,2.6,95.25,60,No,0.821,SLA Breach
102244,2026-01-21,Chennai,Quality Review,Evening,585,27.42,7,10.2,94.44,60,Yes,1.197,Normal
103591,2026-01-21,Chennai,Quality Review,Morning,145,50.24,0,33.6,98.29,60,Yes,0.0,Normal
104434,2026-01-21,Chennai,Quality Review,Morning,251,18.78,10,0.1,96.31,60,Yes,3.984,High Error Rate
102853,2026-01-21,Chennai,Validation,Morning,549,72.47,1,8.1,94.44,55,No,0.182,SLA Breach
100808,2026-01-21,Hyderabad,Data Intake,Morning,368,36.66,4,4.7,99.53,35,No,1.087,SLA Breach
104729,2026-01-21,Hyderabad,Data Intake,Morning,480,21.65,4,15.4,96.32,35,Yes,0.833,Normal
101020,2026-01-21,Hyderabad,Quality Review,Night,581,36.23,2,8.9,90.61,60,Yes,0.344,Normal
100538,2026-01-21,Hyderabad,Validation,Morning,615,43.78,4,1.7,92.49,55,Yes,0.65,Normal
102214,2026-01-21,Pune,Data Intake,Night,373,54.63,5,5.5,97.21,35,No,1.34,SLA Breach
102911,2026-01-21,Pune,Publishing,Evening,217,18.62,8,24.6,92.35,30,Yes,3.687,High Error Rate
104978,2026-01-21,Pune,Publishing,Morning,410,67.55,6,4.2,89.98,30,No,1.463,Low Quality Score
101321,2026-01-21,Pune,Quality Review,Night,316,32.24,4,0.2,90.05,60,Yes,1.266,Normal
101538,2026-01-21,Pune,Quality Review,Night,638,95.06,4,39.5,95.8,60,No,0.627,SLA Breach
105125,2026-01-21,Pune,Quality Review,Evening,556,71.68,5,22.3,93.74,60,No,0.899,SLA Breach
104769,2026-01-21,Pune,Validation,Evening,359,26.89,2,19.8,94.62,55,Yes,0.557,Normal
101343,2026-01-22,Bengaluru,Data Intake,Morning,103,26.2,7,7.1,94.8,35,Yes,6.796,High Error Rate
101876,2026-01-22,Bengaluru,Enrichment,Morning,165,72.98,10,19.7,93.49,65,No,6.061,High Error Rate
101619,2026-01-22,Bengaluru,Publishing,Evening,452,29.17,2,6.1,93.82,30,Yes,0.442,Normal
105750,2026-01-22,Bengaluru,Publishing,Evening,324,60.51,5,11.1,100.0,30,No,1.543,SLA Breach
100313,2026-01-22,Bengaluru,Validation,Morning,230,54.45,5,17.9,100.0,55,Yes,2.174,High Error Rate
100724,2026-01-22,Bengaluru,Validation,Evening,539,63.33,5,10.5,96.29,55,No,0.928,SLA Breach
105026,2026-01-22,Bengaluru,Validation,Morning,340,26.23,7,4.6,94.05,55,Yes,2.059,High Error Rate
103530,2026-01-22,Chennai,Data Intake,Morning,283,23.7,6,0.0,94.58,35,Yes,2.12,High Error Rate
104402,2026-01-22,Chennai,Enrichment,Night,341,103.14,7,12.9,97.3,65,No,2.053,High Error Rate
104459,2026-01-22,Chennai,Enrichment,Evening,494,37.79,7,10.0,94.485,65,Yes,1.417,Normal
105829,2026-01-22,Chennai,Enrichment,Morning,330,30.06,6,4.8,96.14,65,Yes,1.818,Normal
105562,2026-01-22,Chennai,Publishing,Night,482,11.94,7,9.8,88.39,30,Yes,1.452,Low Quality Score
105610,2026-01-22,Chennai,Publishing,Night,276,23.6,10,10.7,94.8,30,Yes,3.623,High Error Rate
100778,2026-01-22,Chennai,Quality Review,Night,556,47.14,5,48.3,92.58,60,Yes,0.899,Normal
102700,2026-01-22,Chennai,Quality Review,Evening,479,58.37,8,2.7,92.64,60,Yes,1.67,Normal
100198,2026-01-22,Chennai,Validation,Morning,589,31.06,8,8.5,95.64,55,Yes,1.358,Normal
100497,2026-01-22,Hyderabad,Data Intake,Evening,564,31.02,5,14.3,93.86,35,Yes,0.887,Normal
100863,2026-01-22,Hyderabad,Data Intake,Morning,157,26.27,3,0.0,89.76,35,Yes,1.911,Low Quality Score
102786,2026-01-22,Hyderabad,Data Intake,Morning,394,14.34,7,12.5,92.95,35,Yes,1.777,Normal
103161,2026-01-22,Hyderabad,Data Intake,Night,249,45.98,3,32.0,95.39,35,No,1.205,SLA Breach
103651,2026-01-22,Hyderabad,Data Intake,Evening,247,59.63,10,7.6,90.62,35,No,4.049,High Error Rate
100726,2026-01-22,Hyderabad,Quality Review,Morning,492,50.63,11,23.4,91.66,60,Yes,2.236,High Error Rate
101050,2026-01-22,Hyderabad,Quality Review,Evening,527,49.8,3,3.2,91.4,60,Yes,0.569,Normal
103305,2026-01-22,Hyderabad,Quality Review,Evening,231,33.92,4,13.5,96.88,60,Yes,1.732,Normal
104411,2026-01-22,Hyderabad,Quality Review,Night,113,43.68,6,18.2,86.44,60,Yes,5.31,Low Quality Score
103370,2026-01-22,Hyderabad,Validation,Morning,377,43.95,2,14.2,98.33,55,Yes,0.531,Normal
105753,2026-01-22,Hyderabad,Validation,Morning,242,59.16,4,14.4,98.64,55,No,1.653,SLA Breach
100946,2026-01-22,Pune,Data Intake,Morning,603,43.34,7,27.4,92.0,35,No,1.161,SLA Breach
102269,2026-01-22,Pune,Data Intake,Evening,618,20.69,6,12.8,89.0,35,Yes,0.971,Low Quality Score
101157,2026-01-22,Pune,Enrichment,Morning,322,49.76,7,9.8,96.19,65,Yes,2.174,High Error Rate
101946,2026-01-22,Pune,Publishing,Night,272,27.67,6,0.0,96.68,30,Yes,2.206,High Error Rate
102364,2026-01-22,Pune,Validation,Morning,403,26.05,6,3.3,96.12,55,Yes,1.489,Normal
102681,2026-01-22,Pune,Validation,Night,428,58.97,8,0.0,99.89,55,No,1.869,SLA Breach
105847,2026-01-22,Pune,Validation,Evening,247,19.73,0,11.1,88.46,55,Yes,0.0,Low Quality Score
100436,2026-01-23,Bengaluru,Enrichment,Morning,531,34.29,5,8.5,97.61,65,Yes,0.942,Normal
105188,2026-01-23,Bengaluru,Enrichment,Evening,384,42.54,5,10.2,90.78,65,Yes,1.302,Normal
101928,2026-01-23,Bengaluru,Publishing,Morning,89,26.5,1,0.3,92.53,30,Yes,1.124,Normal
103349,2026-01-23,Bengaluru,Publishing,Morning,561,57.73,4,23.5,93.99,30,No,0.713,SLA Breach
103499,2026-01-23,Bengaluru,Validation,Night,601,14.78,11,10.2,94.77,55,Yes,1.83,Normal
105732,2026-01-23,Bengaluru,Validation,Morning,486,42.93,5,27.8,96.06,55,Yes,1.029,Normal
104532,2026-01-23,Chennai,Data Intake,Night,116,47.04,10,6.3,95.24,35,No,8.621,High Error Rate
105780,2026-01-23,Chennai,Data Intake,Night,167,39.69,1,17.9,100.0,35,No,0.599,SLA Breach
105801,2026-01-23,Chennai,Data Intake,Morning,430,30.7,5,17.0,99.79,35,Yes,1.163,Normal
100157,2026-01-23,Chennai,Enrichment,Morning,232,31.89,7,21.4,90.5,65,Yes,3.017,High Error Rate
101630,2026-01-23,Chennai,Enrichment,Morning,369,93.41,4,20.3,97.46,65,No,1.084,SLA Breach
104842,2026-01-23,Chennai,Enrichment,Night,137,75.02,2,0.0,94.07,65,No,1.46,SLA Breach
103973,2026-01-23,Chennai,Publishing,Morning,85,31.25,10,9.6,97.9,30,No,11.765,High Error Rate
105158,2026-01-23,Chennai,Publishing,Evening,251,49.88,4,3.0,99.42,30,No,1.594,SLA Breach
104513,2026-01-23,Chennai,Quality Review,Morning,204,54.17,5,26.4,95.7,60,Yes,2.451,High Error Rate
100784,2026-01-23,Chennai,Validation,Morning,518,52.66,7,9.3,90.05,55,Yes,1.351,Normal
100874,2026-01-23,Chennai,Validation,Evening,361,94.55,3,28.2,99.11,55,No,0.831,SLA Breach
104655,2026-01-23,Chennai,Validation,Evening,176,71.43,8,20.1,91.32,55,No,4.545,High Error Rate
102830,2026-01-23,Hyderabad,Data Intake,Morning,211,48.7,3,0.0,90.89,35,No,1.422,SLA Breach
105893,2026-01-23,Hyderabad,Data Intake,Morning,202,27.54,4,30.6,92.59,35,Yes,1.98,Normal
100386,2026-01-23,Hyderabad,Enrichment,Evening,263,39.8,10,20.4,93.34,65,Yes,3.802,High Error Rate
101605,2026-01-23,Hyderabad,Enrichment,Evening,138,176.64,9,14.6,96.01,65,No,6.522,High Error Rate
100418,2026-01-23,Hyderabad,Quality Review,Night,479,91.12,3,0.0,97.6,60,No,0.626,SLA Breach
102080,2026-01-23,Hyderabad,Quality Review,Morning,610,44.23,3,7.7,94.81,60,Yes,0.492,Normal
102823,2026-01-23,Hyderabad,Quality Review,Morning,85,46.34,4,3.1,99.48,60,Yes,4.706,High Error Rate
102923,2026-01-23,Hyderabad,Quality Review,Night,464,49.15,2,0.0,94.31,60,Yes,0.431,Normal
102510,2026-01-23,Hyderabad,Validation,Morning,454,26.75,5,14.6,88.51,55,Yes,1.101,Low Quality Score
103821,2026-01-23,Hyderabad,Validation,Morning,114,72.24,7,0.0,91.48,55,No,6.14,High Error Rate
105761,2026-01-23,Hyderabad,Validation,Morning,446,51.75,2,3.7,93.6,55,Yes,0.448,Normal
101238,2026-01-23,Pune,Data Intake,Evening,448,18.63,4,0.0,96.4,35,Yes,0.893,Normal
105353,2026-01-23,Pune,Enrichment,Morning,440,31.89,6,9.3,98.11,65,Yes,1.364,Normal
104198,2026-01-23,Pune,Publishing,Evening,428,31.36,4,48.3,90.17,30,No,0.935,SLA Breach
104285,2026-01-23,Pune,Publishing,Morning,276,44.35,6,0.0,94.81,30,No,2.174,High Error Rate
100783,2026-01-23,Pune,Quality Review,Evening,518,46.4,6,29.4,93.38,60,Yes,1.158,Normal
101610,2026-01-23,Pune,Quality Review,Night,203,23.22,8,5.8,98.08,60,Yes,3.941,High Error Rate
104798,2026-01-23,Pune,Validation,Morning,297,24.37,5,15.5,100.0,55,Yes,1.684,Normal
102006,2026-01-24,Bengaluru,Data Intake,Morning,263,9.82,6,1.6,89.67,35,Yes,2.281,Low Quality Score
102431,2026-01-24,Bengaluru,Data Intake,Morning,179,18.22,7,0.0,92.09,35,Yes,3.911,High Error Rate
102819,2026-01-24,Bengaluru,Data Intake,Evening,252,50.04,3,0.0,91.18,35,No,1.19,SLA Breach
103287,2026-01-24,Bengaluru,Enrichment,Evening,519,29.76,2,11.6,92.52,65,Yes,0.385,Normal
103945,2026-01-24,Bengaluru,Enrichment,Morning,556,33.99,4,9.7,95.98,65,Yes,0.719,Normal
100670,2026-01-24,Bengaluru,Publishing,Morning,581,40.42,4,10.1,91.53,30,No,0.688,SLA Breach
102550,2026-01-24,Bengaluru,Quality Review,Morning,203,56.28,3,10.2,90.96,60,Yes,1.478,Normal
105885,2026-01-24,Bengaluru,Quality Review,Evening,523,33.46,7,4.3,92.67,60,Yes,1.338,Normal
103064,2026-01-24,Bengaluru,Unknown,Morning,509,43.18,5,15.3,97.12,60,Yes,0.982,Normal
101005,2026-01-24,Bengaluru,Validation,Morning,185,63.55,2,5.1,96.19,55,No,1.081,SLA Breach
101926,2026-01-24,Bengaluru,Validation,Night,209,44.49,7,22.6,96.05,55,Yes,3.349,High Error Rate
100434,2026-01-24,Chennai,Enrichment,Night,211,23.67,4,33.1,99.42,65,Yes,1.896,Normal
103102,2026-01-24,Chennai,Enrichment,Evening,512,32.66,10,6.5,95.32,65,Yes,1.953,Normal
100221,2026-01-24,Chennai,Publishing,Morning,502,18.83,5,13.5,93.44,30,Yes,0.996,Normal
100414,2026-01-24,Chennai,Publishing,Evening,202,44.27,5,18.8,94.94,30,No,2.475,High Error Rate
100443,2026-01-24,Chennai,Quality Review,Evening,259,24.88,7,0.0,94.6,60,Yes,2.703,High Error Rate
101645,2026-01-24,Chennai,Quality Review,Evening,227,77.96,5,0.0,96.11,60,No,2.203,High Error Rate
102697,2026-01-24,Chennai,Quality Review,Morning,563,30.14,7,8.5,90.14,60,Yes,1.243,Normal
105661,2026-01-24,Chennai,Quality Review,Morning,127,54.72,9,0.0,94.2,60,Yes,7.087,High Error Rate
100018,2026-01-24,Chennai,Validation,Night,395,47.33,4,7.4,95.57,55,Yes,1.013,Normal
100705,2026-01-24,Chennai,Validation,Evening,611,37.2,4,7.3,95.18,55,Yes,0.655,Normal
100945,2026-01-24,Chennai,Validation,Morning,282,63.0,3,0.0,93.14,55,No,1.064,SLA Breach
101776,2026-01-24,Chennai,Validation,Night,433,30.65,3,0.0,99.29,55,Yes,0.693,Normal
102909,2026-01-24,Chennai,Validation,Evening,631,55.53,4,18.8,90.5,55,No,0.634,SLA Breach
103513,2026-01-24,Chennai,Validation,Night,208,50.17,5,0.0,95.08,55,Yes,2.404,High Error Rate
103348,2026-01-24,Hyderabad,Data Intake,Evening,502,13.21,5,17.3,93.88,35,Yes,0.996,Normal
102104,2026-01-24,Hyderabad,Enrichment,Night,262,75.3,4,7.9,100.0,65,No,1.527,SLA Breach
103538,2026-01-24,Hyderabad,Enrichment,Night,340,64.92,8,0.0,93.89,65,Yes,2.353,High Error Rate
105946,2026-01-24,Hyderabad,Enrichment,Evening,424,51.17,3,0.0,99.68,65,Yes,0.708,Normal
104118,2026-01-24,Hyderabad,Publishing,Morning,152,15.99,8,0.0,91.49,30,Yes,5.263,High Error Rate
100074,2026-01-24,Hyderabad,Quality Review,Evening,425,106.5,6,15.6,95.24,60,No,1.412,SLA Breach
100759,2026-01-24,Pune,Data Intake,Evening,589,42.27,9,0.0,91.82,35,No,1.528,SLA Breach
103165,2026-01-24,Pune,Data Intake,Morning,577,30.86,5,0.0,96.44,35,Yes,0.867,Normal
103774,2026-01-24,Pune,Data Intake,Evening,193,39.91,7,0.0,88.76,35,No,3.627,Low Quality Score
101805,2026-01-24,Pune,Enrichment,Morning,376,53.18,5,32.8,97.32,65,Yes,1.33,Normal
103022,2026-01-24,Pune,Enrichment,Night,324,141.66,2,0.0,95.78,65,No,0.617,SLA Breach
102699,2026-01-24,Pune,Quality Review,Evening,285,51.49,4,8.2,92.92,60,Yes,1.404,Normal
102085,2026-01-24,Pune,Validation,Night,229,36.9,5,0.0,96.32,55,Yes,2.183,High Error Rate
104145,2026-01-24,Pune,Validation,Evening,330,37.27,3,0.0,99.8,55,Yes,0.909,Normal
104204,2026-01-24,Pune,Validation,Evening,450,44.42,4,0.0,99.84,55,Yes,0.889,Normal
104474,2026-01-25,Bengaluru,Data Intake,Morning,549,18.65,8,32.5,94.81,35,Yes,1.457,Normal
100823,2026-01-25,Bengaluru,Enrichment,Evening,206,27.08,3,27.4,100.0,65,Yes,1.456,Normal
105089,2026-01-25,Bengaluru,Enrichment,Morning,342,54.13,7,0.0,96.39,65,Yes,2.047,High Error Rate
102234,2026-01-25,Bengaluru,Publishing,Evening,336,19.93,7,0.0,94.57,30,Yes,2.083,High Error Rate
101358,2026-01-25,Bengaluru,Quality Review,Morning,130,63.14,3,23.2,91.98,60,No,2.308,High Error Rate
103527,2026-01-25,Bengaluru,Quality Review,Morning,136,31.1,9,0.3,94.8,60,Yes,6.618,High Error Rate
105995,2026-01-25,Bengaluru,Quality Review,Morning,441,62.84,4,21.1,88.2,60,No,0.907,Low Quality Score
101819,2026-01-25,Bengaluru,Validation,Night,592,48.12,6,7.6,93.89,55,Yes,1.014,Normal
100682,2026-01-25,Chennai,Data Intake,Morning,564,23.93,5,4.2,96.31,35,Yes,0.887,Normal
103269,2026-01-25,Chennai,Data Intake,Morning,134,56.06,5,40.9,92.14,35,No,3.731,High Error Rate
102207,2026-01-25,Chennai,Enrichment,Night,169,30.73,9,10.3,95.43,65,Yes,5.325,High Error Rate
102761,2026-01-25,Chennai,Enrichment,Evening,421,39.39,5,30.7,97.5,65,Yes,1.188,Normal
104758,2026-01-25,Chennai,Enrichment,Morning,260,46.96,7,40.3,97.78,65,Yes,2.692,High Error Rate
101342,2026-01-25,Chennai,Publishing,Evening,283,24.98,3,13.2,98.7,30,Yes,1.06,Normal
105231,2026-01-25,Chennai,Publishing,Morning,518,17.68,3,21.5,91.29,30,Yes,0.579,Normal
103606,2026-01-25,Chennai,Quality Review,Morning,279,36.78,2,0.0,91.03,60,Yes,0.717,Normal
104837,2026-01-25,Chennai,Quality Review,Night,540,36.73,4,0.0,97.63,60,Yes,0.741,Normal
105159,2026-01-25,Chennai,Quality Review,Morning,142,30.96,7,4.7,92.96,60,Yes,4.93,High Error Rate
100604,2026-01-25,Chennai,Validation,Morning,313,82.87,4,16.7,90.27,55,No,1.278,SLA Breach
100948,2026-01-25,Chennai,Validation,Morning,216,33.29,6,23.2,92.82,55,Yes,2.778,High Error Rate
105456,2026-01-25,Chennai,Validation,Evening,116,50.88,8,0.7,93.43,55,Yes,6.897,High Error Rate
102727,2026-01-25,Hyderabad,Enrichment,Morning,544,90.19,7,0.0,91.18,65,No,1.287,SLA Breach
104657,2026-01-25,Hyderabad,Publishing,Evening,204,36.64,2,0.0,89.48,30,No,0.98,Low Quality Score
101895,2026-01-25,Hyderabad,Quality Review,Morning,327,83.41,2,6.7,90.13,60,No,0.612,SLA Breach
102378,2026-01-25,Hyderabad,Validation,Night,208,32.21,5,13.1,95.1,55,Yes,2.404,High Error Rate
101836,2026-01-25,Pune,Data Intake,Evening,383,38.06,2,0.0,97.13,35,No,0.522,SLA Breach
102480,2026-01-25,Pune,Publishing,Evening,146,38.71,8,11.7,95.08,30,No,5.479,High Error Rate
103308,2026-01-25,Pune,Publishing,Morning,387,41.42,6,26.1,91.54,30,No,1.55,SLA Breach
104021,2026-01-25,Pune,Publishing,Night,480,35.69,3,33.9,88.75,30,No,0.625,Low Quality Score
104303,2026-01-25,Pune,Publishing,Night,496,70.57,5,3.8,99.09,30,No,1.008,SLA Breach
105560,2026-01-25,Pune,Validation,Morning,295,22.78,8,0.0,93.01,55,Yes,2.712,High Error Rate
100329,2026-01-26,Bengaluru,Data Intake,Evening,619,24.54,2,28.9,91.25,35,Yes,0.323,Normal
104026,2026-01-26,Bengaluru,Data Intake,Evening,549,28.11,6,0.0,95.99,35,Yes,1.093,Normal
101963,2026-01-26,Bengaluru,Publishing,Morning,508,29.24,7,21.1,100.0,30,Yes,1.378,Normal
104668,2026-01-26,Bengaluru,Publishing,Morning,381,54.84,5,0.0,93.19,30,No,1.312,SLA Breach
100834,2026-01-26,Bengaluru,Quality Review,Evening,454,28.72,3,32.6,97.59,60,Yes,0.661,Normal
103835,2026-01-26,Bengaluru,Validation,Morning,214,38.05,5,17.7,92.59,55,Yes,2.336,High Error Rate
102210,2026-01-26,Chennai,Data Intake,Evening,174,32.8,4,0.0,89.33,35,Yes,2.299,Low Quality Score
105428,2026-01-26,Chennai,Data Intake,Night,611,47.18,1,0.0,98.38,35,No,0.164,SLA Breach
100306,2026-01-26,Chennai,Enrichment,Evening,569,44.59,7,0.0,96.96,65,Yes,1.23,Normal
101090,2026-01-26,Chennai,Enrichment,Morning,191,35.3,2,0.0,97.36,65,Yes,1.047,Normal
101187,2026-01-26,Chennai,Enrichment,Evening,425,103.88,2,32.9,98.31,65,No,0.471,SLA Breach
101445,2026-01-26,Chennai,Enrichment,Morning,500,74.87,5,15.9,92.84,65,No,1.0,SLA Breach
102108,2026-01-26,Chennai,Enrichment,Morning,220,27.85,9,30.0,91.84,65,Yes,4.091,High Error Rate
100100,2026-01-26,Chennai,Publishing,Morning,191,41.59,5,0.0,92.11,30,No,2.618,High Error Rate
103204,2026-01-26,Chennai,Publishing,Morning,437,29.8,8,0.1,87.54,30,Yes,1.831,Low Quality Score
104954,2026-01-26,Chennai,Publishing,Night,140,25.74,2,22.1,95.62,30,Yes,1.429,Normal
102519,2026-01-26,Chennai,Validation,Morning,153,89.55,6,30.0,97.1,55,No,3.922,High Error Rate
100462,2026-01-26,Hyderabad,Data Intake,Evening,152,48.23,9,20.1,94.53,35,No,5.921,High Error Rate
100118,2026-01-26,Hyderabad,Enrichment,Night,490,83.68,8,0.0,90.01,65,No,1.633,SLA Breach
103249,2026-01-26,Hyderabad,Enrichment,Night,609,79.6,4,0.0,100.0,65,No,0.657,SLA Breach
103889,2026-01-26,Hyderabad,Publishing,Evening,291,51.61,5,0.0,88.42,30,No,1.718,Low Quality Score
105985,2026-01-26,Hyderabad,Publishing,Morning,350,23.2,9,0.0,93.87,30,Yes,2.571,High Error Rate
100769,2026-01-26,Hyderabad,Quality Review,Evening,353,52.2,3,0.0,94.92,60,Yes,0.85,Normal
101528,2026-01-26,Hyderabad,Quality Review,Morning,122,48.34,4,0.0,95.55,60,Yes,3.279,High Error Rate
103514,2026-01-26,Hyderabad,Quality Review,Morning,284,30.85,6,20.8,98.42,60,Yes,2.113,High Error Rate
100721,2026-01-26,Hyderabad,Unknown,Night,166,56.48,4,9.7,91.37,60,Yes,2.41,High Error Rate
104368,2026-01-26,Hyderabad,Validation,Night,569,21.37,7,20.2,98.89,55,Yes,1.23,Normal
104016,2026-01-26,Pune,Data Intake,Evening,287,13.85,7,24.6,94.08,35,Yes,2.439,High Error Rate
105075,2026-01-26,Pune,Enrichment,Morning,455,50.88,8,0.0,100.0,65,Yes,1.758,Normal
102736,2026-01-26,Pune,Publishing,Night,119,21.76,5,7.1,95.64,30,Yes,4.202,High Error Rate
100620,2026-01-26,Pune,Quality Review,Morning,265,35.65,6,6.9,93.04,60,Yes,2.264,High Error Rate
100241,2026-01-26,Pune,Validation,Evening,218,28.01,4,10.9,94.56,55,Yes,1.835,Normal
103993,2026-01-26,Pune,Validation,Evening,447,29.93,8,15.1,100.0,55,Yes,1.79,Normal
104098,2026-01-27,Bengaluru,Data Intake,Evening,539,32.05,5,0.7,100.0,35,Yes,0.928,Normal
104631,2026-01-27,Bengaluru,Data Intake,Evening,378,32.58,6,26.5,93.71,35,Yes,1.587,Normal
105034,2026-01-27,Bengaluru,Enrichment,Morning,284,35.18,5,0.0,93.79,65,Yes,1.761,Normal
105921,2026-01-27,Bengaluru,Enrichment,Evening,483,64.38,7,6.7,99.85,65,Yes,1.449,Normal
100752,2026-01-27,Bengaluru,Publishing,Night,445,35.32,4,4.3,98.2,30,No,0.899,SLA Breach
102330,2026-01-27,Bengaluru,Publishing,Morning,242,72.25,8,15.5,100.0,30,No,3.306,High Error Rate
103058,2026-01-27,Bengaluru,Publishing,Evening,114,36.54,5,19.7,92.55,30,No,4.386,High Error Rate
101612,2026-01-27,Bengaluru,Validation,Morning,504,34.11,2,0.0,94.08,55,Yes,0.397,Normal
103671,2026-01-27,Bengaluru,Validation,Night,221,64.99,8,0.0,93.29,55,No,3.62,High Error Rate
100408,2026-01-27,Chennai,Data Intake,Morning,389,24.88,3,11.5,92.81,35,Yes,0.771,Normal
100528,2026-01-27,Chennai,Data Intake,Night,192,38.51,9,0.0,96.79,35,No,4.688,High Error Rate
103069,2026-01-27,Chennai,Data Intake,Night,213,39.25,3,24.8,92.0,35,No,1.408,SLA Breach
105755,2026-01-27,Chennai,Publishing,Evening,442,33.29,6,7.0,87.63,30,No,1.357,Low Quality Score
100975,2026-01-27,Chennai,Quality Review,Evening,170,48.7,6,18.6,99.9,60,Yes,3.529,High Error Rate
101063,2026-01-27,Chennai,Quality Review,Evening,559,49.12,8,10.9,98.72,60,Yes,1.431,Normal
105782,2026-01-27,Chennai,Quality Review,Evening,376,26.68,6,0.0,94.99,60,Yes,1.596,Normal
105906,2026-01-27,Chennai,Quality Review,Morning,302,43.42,6,0.0,89.55,60,Yes,1.987,Low Quality Score
104061,2026-01-27,Chennai,Validation,Evening,182,32.98,7,16.9,97.4,55,Yes,3.846,High Error Rate
102302,2026-01-27,Hyderabad,Publishing,Morning,558,29.64,4,0.0,100.0,30,Yes,0.717,Normal
100938,2026-01-27,Hyderabad,Validation,Evening,574,93.97,5,0.0,91.79,55,No,0.871,SLA Breach
101935,2026-01-27,Hyderabad,Validation,Evening,341,32.74,3,0.0,93.38,55,Yes,0.88,Normal
100924,2026-01-27,Pune,Data Intake,Evening,545,29.27,6,4.2,95.99,35,Yes,1.101,Normal
102891,2026-01-27,Pune,Enrichment,Morning,609,55.04,5,0.0,89.57,65,Yes,0.821,Low Quality Score
105212,2026-01-27,Pune,Enrichment,Evening,154,46.93,7,28.1,95.46,65,Yes,4.545,High Error Rate
100522,2026-01-27,Pune,Quality Review,Evening,367,26.15,6,16.0,100.0,60,Yes,1.635,Normal
101575,2026-01-27,Pune,Quality Review,Night,451,53.96,4,0.0,83.84,60,Yes,0.887,Low Quality Score
102889,2026-01-27,Pune,Quality Review,Night,487,95.22,5,4.2,93.91,60,No,1.027,SLA Breach
100256,2026-01-27,Pune,Validation,Morning,373,66.64,4,16.9,91.05,55,No,1.072,SLA Breach
100457,2026-01-27,Pune,Validation,Evening,485,32.02,7,4.8,99.38,55,Yes,1.443,Normal
101607,2026-01-27,Pune,Validation,Night,297,53.69,7,3.7,96.7,55,Yes,2.357,High Error Rate
101229,2026-01-28,Bengaluru,Data Intake,Morning,344,14.74,2,21.4,88.71,35,Yes,0.581,Low Quality Score
104720,2026-01-28,Bengaluru,Data Intake,Morning,293,24.83,8,25.9,91.42,35,Yes,2.73,High Error Rate
100961,2026-01-28,Bengaluru,Enrichment,Evening,602,86.1,3,25.1,90.34,65,No,0.498,SLA Breach
101698,2026-01-28,Bengaluru,Enrichment,Morning,209,36.36,4,9.5,91.55,65,Yes,1.914,Normal
103686,2026-01-28,Bengaluru,Enrichment,Morning,464,47.96,5,18.2,93.12,65,Yes,1.078,Normal
100357,2026-01-28,Bengaluru,Publishing,Morning,397,48.4,7,1.0,93.02,30,No,1.763,SLA Breach
101481,2026-01-28,Bengaluru,Publishing,Night,143,27.13,4,19.2,92.79,30,Yes,2.797,High Error Rate
101104,2026-01-28,Bengaluru,Quality Review,Morning,480,36.78,2,27.6,97.91,60,Yes,0.417,Normal
102222,2026-01-28,Bengaluru,Quality Review,Morning,354,67.34,7,0.0,95.54,60,No,1.977,SLA Breach
104211,2026-01-28,Bengaluru,Quality Review,Evening,404,50.82,4,22.7,92.07,60,Yes,0.99,Normal
104348,2026-01-28,Bengaluru,Quality Review,Morning,371,83.33,6,8.6,91.78,60,No,1.617,SLA Breach
105251,2026-01-28,Bengaluru,Quality Review,Evening,338,61.73,1,30.4,97.29,60,No,0.296,SLA Breach
105806,2026-01-28,Bengaluru,Quality Review,Night,206,63.4,3,13.9,88.12,60,No,1.456,Low Quality Score
102663,2026-01-28,Bengaluru,Unknown,Morning,434,39.94,3,4.5,97.98,55,Yes,0.691,Normal
102063,2026-01-28,Bengaluru,Validation,Night,498,38.96,7,16.5,92.78,55,Yes,1.406,Normal
103568,2026-01-28,Bengaluru,Validation,Morning,95,28.91,2,0.0,84.28,55,Yes,2.105,Low Quality Score
100182,2026-01-28,Chennai,Data Intake,Night,591,39.12,8,10.6,94.49,35,No,1.354,SLA Breach
100390,2026-01-28,Chennai,Data Intake,Morning,211,30.54,4,9.1,88.89,35,Yes,1.896,Low Quality Score
101046,2026-01-28,Chennai,Enrichment,Evening,340,54.22,1,39.7,99.86,65,Yes,0.294,Normal
101677,2026-01-28,Chennai,Enrichment,Night,219,31.8,4,11.2,97.73,65,Yes,1.826,Normal
103038,2026-01-28,Chennai,Enrichment,Evening,230,43.94,1,11.1,89.95,65,Yes,0.435,Low Quality Score
103701,2026-01-28,Chennai,Enrichment,Evening,409,60.27,6,0.0,100.0,65,Yes,1.467,Normal
104018,2026-01-28,Chennai,Enrichment,Morning,471,75.59,5,20.0,95.09,65,No,1.062,SLA Breach
104752,2026-01-28,Chennai,Enrichment,Evening,386,72.2,3,9.8,93.96,65,No,0.777,SLA Breach
100058,2026-01-28,Chennai,Publishing,Night,534,51.93,4,22.2,94.71,30,No,0.749,SLA Breach
102308,2026-01-28,Chennai,Publishing,Night,566,17.09,5,21.4,95.18,30,Yes,0.883,Normal
102639,2026-01-28,Chennai,Publishing,Night,440,29.42,5,0.0,100.0,30,Yes,1.136,Normal
104849,2026-01-28,Chennai,Publishing,Evening,435,21.11,5,18.9,91.03,30,Yes,1.149,Normal
102013,2026-01-28,Chennai,Quality Review,Night,485,58.96,4,16.3,96.55,60,Yes,0.825,Normal
104766,2026-01-28,Chennai,Quality Review,Night,256,55.68,3,13.1,96.45,60,Yes,1.172,Normal
102886,2026-01-28,Chennai,Validation,Evening,450,59.08,6,10.5,100.0,55,No,1.333,SLA Breach
103830,2026-01-28,Hyderabad,Data Intake,Evening,497,41.48,3,10.5,94.99,35,No,0.604,SLA Breach
104113,2026-01-28,Hyderabad,Data Intake,Evening,430,51.69,8,9.7,100.0,35,No,1.86,SLA Breach
105547,2026-01-28,Hyderabad,Enrichment,Evening,587,60.91,8,14.4,100.0,65,Yes,1.363,Normal
100273,2026-01-28,Hyderabad,Publishing,Morning,478,19.63,5,0.0,95.55,30,Yes,1.046,Normal
105052,2026-01-28,Hyderabad,Publishing,Evening,333,28.77,6,0.0,93.23,30,Yes,1.802,Normal
105824,2026-01-28,Hyderabad,Publishing,Evening,631,22.91,4,21.5,97.74,30,Yes,0.634,Normal
105827,2026-01-28,Hyderabad,Publishing,Night,379,37.55,10,8.6,92.99,30,No,2.639,High Error Rate
101537,2026-01-28,Hyderabad,Quality Review,Morning,334,30.26,4,22.6,95.48,60,Yes,1.198,Normal
102008,2026-01-28,Hyderabad,Quality Review,Evening,95,23.04,4,0.0,93.48,60,Yes,4.211,High Error Rate
103980,2026-01-28,Hyderabad,Quality Review,Evening,274,27.35,1,29.9,95.82,60,Yes,0.365,Normal
100536,2026-01-28,Hyderabad,Validation,Morning,257,50.21,2,0.0,95.29,55,Yes,0.778,Normal
101970,2026-01-28,Hyderabad,Validation,Night,124,59.48,2,31.0,90.22,55,No,1.613,SLA Breach
103928,2026-01-28,Pune,Data Intake,Evening,171,38.2,1,0.0,95.49,35,No,0.585,SLA Breach
101524,2026-01-28,Pune,Enrichment,Morning,614,24.04,3,0.0,95.19,65,Yes,0.489,Normal
105366,2026-01-28,Pune,Quality Review,Night,388,24.82,3,0.3,90.24,60,Yes,0.773,Normal
105902,2026-01-28,Pune,Validation,Evening,99,23.48,3,19.2,94.52,55,Yes,3.03,High Error Rate
105832,2026-01-29,Bengaluru,Enrichment,Morning,645,59.14,4,16.6,93.68,65,Yes,0.62,Normal
100533,2026-01-29,Bengaluru,Publishing,Morning,584,28.21,5,18.2,91.97,30,Yes,0.856,Normal
101695,2026-01-29,Bengaluru,Quality Review,Night,443,48.31,9,16.9,92.15,60,Yes,2.032,High Error Rate
103253,2026-01-29,Bengaluru,Quality Review,Evening,336,15.89,6,11.4,100.0,60,Yes,1.786,Normal
100884,2026-01-29,Bengaluru,Validation,Night,439,18.49,3,13.8,98.63,55,Yes,0.683,Normal
100937,2026-01-29,Bengaluru,Validation,Night,603,36.68,3,2.5,97.37,55,Yes,0.498,Normal
101655,2026-01-29,Bengaluru,Validation,Morning,195,32.86,4,15.3,90.54,55,Yes,2.051,High Error Rate
105151,2026-01-29,Bengaluru,Validation,Evening,501,37.04,4,1.5,97.79,55,Yes,0.798,Normal
105914,2026-01-29,Bengaluru,Validation,Night,314,21.27,2,13.4,95.56,55,Yes,0.637,Normal
100750,2026-01-29,Chennai,Data Intake,Morning,311,54.94,5,23.0,100.0,35,No,1.608,SLA Breach
104557,2026-01-29,Chennai,Enrichment,Morning,182,52.75,7,8.7,91.4,65,Yes,3.846,High Error Rate
105937,2026-01-29,Chennai,Enrichment,Morning,195,54.89,7,15.2,91.39,65,Yes,3.59,High Error Rate
103603,2026-01-29,Chennai,Publishing,Morning,532,23.44,5,22.3,89.42,30,Yes,0.94,Low Quality Score
103403,2026-01-29,Chennai,Quality Review,Morning,128,124.81,8,0.0,98.17,60,No,6.25,High Error Rate
102249,2026-01-29,Chennai,Validation,Morning,647,39.18,6,10.6,96.01,55,Yes,0.927,Normal
103707,2026-01-29,Chennai,Validation,Evening,621,19.94,5,9.3,96.45,55,Yes,0.805,Normal
105881,2026-01-29,Hyderabad,Data Intake,Evening,235,23.46,6,0.0,95.2,35,Yes,2.553,High Error Rate
100847,2026-01-29,Hyderabad,Publishing,Morning,89,16.68,10,13.1,93.59,30,Yes,11.236,High Error Rate
101947,2026-01-29,Hyderabad,Publishing,Night,292,20.11,8,9.0,93.12,30,Yes,2.74,High Error Rate
103351,2026-01-29,Hyderabad,Publishing,Morning,422,12.0,9,18.2,90.74,30,Yes,2.133,High Error Rate
102792,2026-01-29,Hyderabad,Quality Review,Morning,169,28.88,6,20.7,91.6,60,Yes,3.55,High Error Rate
102868,2026-01-29,Hyderabad,Quality Review,Morning,471,54.35,6,35.8,100.0,60,Yes,1.274,Normal
104663,2026-01-29,Hyderabad,Unknown,Evening,565,60.31,3,0.0,94.34,30,No,0.531,SLA Breach
101406,2026-01-29,Hyderabad,Validation,Morning,383,76.08,3,34.3,95.98,55,No,0.783,SLA Breach
102427,2026-01-29,Pune,Publishing,Evening,154,22.49,1,26.2,94.61,30,Yes,0.649,Normal
103808,2026-01-29,Pune,Publishing,Morning,537,21.99,4,28.4,92.32,30,Yes,0.745,Normal
104418,2026-01-29,Pune,Validation,Morning,619,56.86,7,0.0,97.24,55,No,1.131,SLA Breach
105457,2026-01-29,Pune,Validation,Night,647,40.1,10,48.7,88.69,55,Yes,1.546,Low Quality Score
100041,2026-01-30,Bengaluru,Data Intake,Morning,309,41.51,7,3.7,91.26,35,No,2.265,High Error Rate
100350,2026-01-30,Bengaluru,Data Intake,Morning,107,34.81,3,1.7,95.21,35,Yes,2.804,High Error Rate
102933,2026-01-30,Bengaluru,Data Intake,Morning,107,18.54,3,0.0,97.25,35,Yes,2.804,High Error Rate
103163,2026-01-30,Bengaluru,Data Intake,Night,308,54.38,5,0.0,91.88,35,No,1.623,SLA Breach
100178,2026-01-30,Bengaluru,Enrichment,Morning,641,56.97,7,0.0,94.75,65,Yes,1.092,Normal
100623,2026-01-30,Bengaluru,Publishing,Morning,82,37.58,6,12.7,94.11,30,No,7.317,High Error Rate
101637,2026-01-30,Bengaluru,Publishing,Night,417,25.58,5,10.4,94.66,30,Yes,1.199,Normal
103271,2026-01-30,Bengaluru,Publishing,Morning,631,28.23,6,0.0,97.74,30,Yes,0.951,Normal
105042,2026-01-30,Bengaluru,Publishing,Morning,419,18.21,6,0.0,91.78,30,Yes,1.432,Normal
101076,2026-01-30,Bengaluru,Quality Review,Evening,294,71.53,2,2.8,93.77,60,No,0.68,SLA Breach
103322,2026-01-30,Bengaluru,Validation,Evening,486,35.12,10,9.1,96.96,55,Yes,2.058,High Error Rate
104957,2026-01-30,Bengaluru,Validation,Morning,376,86.94,6,18.9,94.05,55,No,1.596,SLA Breach
101908,2026-01-30,Chennai,Data Intake,Night,186,21.31,6,34.1,92.36,35,Yes,3.226,High Error Rate
101936,2026-01-30,Chennai,Data Intake,Evening,210,19.74,3,19.9,92.42,35,Yes,1.429,Normal
101778,2026-01-30,Chennai,Enrichment,Evening,342,63.21,2,3.3,92.37,65,Yes,0.585,Normal
104220,2026-01-30,Chennai,Enrichment,Morning,112,50.82,3,17.5,93.62,65,Yes,2.679,High Error Rate
105762,2026-01-30,Chennai,Enrichment,Night,284,80.04,7,0.3,91.09,65,No,2.465,High Error Rate
102720,2026-01-30,Chennai,Publishing,Morning,429,22.57,5,21.0,88.76,30,Yes,1.166,Low Quality Score
105542,2026-01-30,Chennai,Publishing,Morning,183,21.2,5,11.3,92.79,30,Yes,2.732,High Error Rate
100532,2026-01-30,Chennai,Quality Review,Night,330,20.1,1,32.1,87.35,60,Yes,0.303,Low Quality Score
101854,2026-01-30,Chennai,Quality Review,Evening,282,63.97,6,9.2,96.98,60,No,2.128,High Error Rate
104583,2026-01-30,Chennai,Quality Review,Morning,331,67.01,3,0.0,92.35,60,No,0.906,SLA Breach
100083,2026-01-30,Hyderabad,Data Intake,Morning,434,37.1,7,0.0,94.56,35,No,1.613,SLA Breach
101487,2026-01-30,Hyderabad,Data Intake,Evening,391,51.94,5,5.6,91.82,35,No,1.279,SLA Breach
105846,2026-01-30,Hyderabad,Data Intake,Evening,367,52.24,8,21.5,90.5,35,No,2.18,High Error Rate
101850,2026-01-30,Hyderabad,Enrichment,Morning,385,39.3,7,22.2,95.48,65,Yes,1.818,Normal
100287,2026-01-30,Hyderabad,Publishing,Night,488,19.18,2,11.1,91.17,30,Yes,0.41,Normal
101556,2026-01-30,Hyderabad,Publishing,Morning,338,27.8,4,0.3,95.0,30,Yes,1.183,Normal
102660,2026-01-30,Hyderabad,Publishing,Morning,342,29.58,6,6.2,96.35,30,Yes,1.754,Normal
102433,2026-01-30,Hyderabad,Quality Review,Morning,591,37.87,10,8.7,95.52,60,Yes,1.692,Normal
104143,2026-01-30,Hyderabad,Validation,Morning,254,44.14,6,16.9,88.51,55,Yes,2.362,Low Quality Score
104884,2026-01-30,Hyderabad,Validation,Evening,235,34.01,3,0.0,93.07,55,Yes,1.277,Normal
102095,2026-01-30,Pune,Data Intake,Night,418,47.34,7,29.4,94.46,35,No,1.675,SLA Breach
101596,2026-01-30,Pune,Enrichment,Morning,484,84.76,7,9.6,90.35,65,No,1.446,SLA Breach
103327,2026-01-30,Pune,Enrichment,Morning,644,41.43,4,0.0,97.61,65,Yes,0.621,Normal
105978,2026-01-30,Pune,Enrichment,Evening,430,67.68,9,0.0,90.53,65,No,2.093,High Error Rate
103365,2026-01-30,Pune,Publishing,Morning,369,27.65,9,0.0,95.49,30,Yes,2.439,High Error Rate
103885,2026-01-30,Pune,Publishing,Morning,475,46.3,5,10.2,91.54,30,No,1.053,SLA Breach
101941,2026-01-30,Pune,Quality Review,Night,536,23.83,5,5.6,89.61,60,Yes,0.933,Low Quality Score
102369,2026-01-30,Pune,Quality Review,Evening,151,73.02,7,6.3,100.0,60,No,4.636,High Error Rate
101078,2026-01-31,Bengaluru,Data Intake,Morning,112,14.98,6,0.0,97.48,35,Yes,5.357,High Error Rate
102200,2026-01-31,Bengaluru,Data Intake,Night,143,40.13,2,13.8,90.39,35,No,1.399,SLA Breach
105381,2026-01-31,Bengaluru,Enrichment,Evening,391,93.43,3,27.6,94.38,65,No,0.767,SLA Breach
105392,2026-01-31,Bengaluru,Enrichment,Night,410,38.35,2,15.7,95.95,65,Yes,0.488,Normal
105851,2026-01-31,Bengaluru,Enrichment,Morning,195,28.81,3,28.8,92.81,65,Yes,1.538,Normal
100703,2026-01-31,Bengaluru,Publishing,Morning,495,31.51,6,0.0,100.0,30,No,1.212,SLA Breach
102534,2026-01-31,Bengaluru,Quality Review,Morning,499,50.22,3,7.3,91.48,60,Yes,0.601,Normal
103690,2026-01-31,Bengaluru,Quality Review,Morning,463,80.88,10,7.0,91.29,60,No,2.16,High Error Rate
104379,2026-01-31,Bengaluru,Quality Review,Evening,292,30.55,9,30.2,97.06,60,Yes,3.082,High Error Rate
101193,2026-01-31,Bengaluru,Validation,Night,281,50.07,5,9.5,97.24,55,Yes,1.779,Normal
103180,2026-01-31,Bengaluru,Validation,Night,348,28.65,6,2.4,91.56,55,Yes,1.724,Normal
103562,2026-01-31,Bengaluru,Validation,Evening,186,43.35,9,6.4,98.49,55,Yes,4.839,High Error Rate
100168,2026-01-31,Chennai,Data Intake,Evening,576,44.5,8,0.0,88.01,35,No,1.389,Low Quality Score
100685,2026-01-31,Chennai,Data Intake,Morning,624,13.09,3,0.0,97.66,35,Yes,0.481,Normal
105299,2026-01-31,Chennai,Data Intake,Night,164,37.42,4,0.0,100.0,35,No,2.439,High Error Rate
103049,2026-01-31,Chennai,Enrichment,Evening,518,34.22,3,0.0,95.19,65,Yes,0.579,Normal
104283,2026-01-31,Chennai,Publishing,Evening,415,32.55,3,0.0,97.23,30,No,0.723,SLA Breach
103524,2026-01-31,Chennai,Validation,Morning,595,44.45,7,19.7,97.45,55,Yes,1.176,Normal
104367,2026-01-31,Chennai,Validation,Morning,342,52.27,5,12.5,90.71,55,Yes,1.462,Normal
100262,2026-01-31,Hyderabad,Data Intake,Night,548,27.2,7,0.0,99.57,35,Yes,1.277,Normal
104682,2026-01-31,Hyderabad,Data Intake,Night,482,18.87,3,7.7,89.81,35,Yes,0.622,Low Quality Score
105620,2026-01-31,Hyderabad,Data Intake,Evening,628,22.21,5,19.7,95.93,35,Yes,0.796,Normal
103517,2026-01-31,Hyderabad,Enrichment,Evening,466,66.58,9,21.6,85.44,65,No,1.931,Low Quality Score
105888,2026-01-31,Hyderabad,Publishing,Morning,216,15.73,3,0.0,90.64,30,Yes,1.389,Normal
100187,2026-01-31,Hyderabad,Quality Review,Morning,531,47.54,4,0.0,95.67,60,Yes,0.753,Normal
105450,2026-01-31,Hyderabad,Quality Review,Morning,626,61.09,7,0.4,91.99,60,No,1.118,SLA Breach
100467,2026-01-31,Hyderabad,Validation,Night,98,45.93,3,2.4,92.98,55,Yes,3.061,High Error Rate
102596,2026-01-31,Hyderabad,Validation,Morning,579,34.74,7,0.0,96.39,55,Yes,1.209,Normal
105377,2026-01-31,Hyderabad,Validation,Night,384,84.11,4,19.1,87.93,55,No,1.042,Low Quality Score
102328,2026-01-31,Pune,Data Intake,Evening,481,44.3,6,27.0,98.53,35,No,1.247,SLA Breach
103559,2026-01-31,Pune,Enrichment,Morning,443,24.34,4,6.9,94.83,65,Yes,0.903,Normal
104372,2026-01-31,Pune,Enrichment,Night,242,85.24,9,0.0,97.23,65,No,3.719,High Error Rate
105176,2026-01-31,Pune,Enrichment,Night,420,49.35,6,7.6,94.01,65,Yes,1.429,Normal
102297,2026-01-31,Pune,Quality Review,Evening,288,75.6,3,0.0,91.84,60,No,1.042,SLA Breach
102940,2026-01-31,Pune,Quality Review,Evening,391,51.53,6,0.0,97.95,60,Yes,1.535,Normal
105418,2026-01-31,Pune,Quality Review,Night,563,27.72,5,0.0,96.0,60,Yes,0.888,Normal
101433,2026-01-31,Pune,Validation,Night,531,82.06,5,24.1,93.52,55,No,0.942,SLA Breach
103052,2026-02-01,Bengaluru,Data Intake,Morning,423,33.04,6,2.7,91.94,35,Yes,1.418,Normal
103196,2026-02-01,Bengaluru,Data Intake,Morning,605,22.57,0,14.1,95.02,35,Yes,0.0,Normal
104634,2026-02-01,Bengaluru,Data Intake,Morning,259,26.56,3,28.4,95.11,35,Yes,1.158,Normal
102450,2026-02-01,Bengaluru,Enrichment,Morning,244,103.78,6,18.7,93.21,65,No,2.459,High Error Rate
102478,2026-02-01,Bengaluru,Publishing,Evening,379,14.45,7,0.0,91.21,30,Yes,1.847,Normal
103289,2026-02-01,Bengaluru,Publishing,Morning,494,32.25,2,19.4,91.95,30,No,0.405,SLA Breach
101032,2026-02-01,Bengaluru,Quality Review,Night,387,29.69,2,5.7,93.58,60,Yes,0.517,Normal
102370,2026-02-01,Bengaluru,Quality Review,Morning,601,68.78,8,13.1,96.42,60,No,1.331,SLA Breach
102805,2026-02-01,Bengaluru,Quality Review,Morning,424,51.59,9,4.4,94.52,60,Yes,2.123,High Error Rate
100230,2026-02-01,Bengaluru,Validation,Evening,396,23.03,1,16.1,95.86,55,Yes,0.253,Normal
100259,2026-02-01,Bengaluru,Validation,Morning,122,67.32,4,13.0,97.2,55,No,3.279,High Error Rate
102051,2026-02-01,Chennai,Data Intake,Evening,502,34.73,1,0.0,94.09,35,Yes,0.199,Normal
103088,2026-02-01,Chennai,Data Intake,Night,235,39.57,6,0.0,98.18,35,No,2.553,High Error Rate
100544,2026-02-01,Chennai,Enrichment,Evening,621,86.46,6,13.3,96.66,65,No,0.966,SLA Breach
102248,2026-02-01,Chennai,Enrichment,Morning,130,41.08,2,1.3,94.37,65,Yes,1.538,Normal
105073,2026-02-01,Chennai,Enrichment,Morning,132,43.99,5,1.3,95.25,65,Yes,3.788,High Error Rate
102103,2026-02-01,Chennai,Quality Review,Night,126,61.49,6,20.6,96.17,60,No,4.762,High Error Rate
103761,2026-02-01,Chennai,Quality Review,Evening,102,38.65,5,9.0,92.56,60,Yes,4.902,High Error Rate
100661,2026-02-01,Chennai,Validation,Night,562,54.2,4,0.0,94.2,55,Yes,0.712,Normal
101616,2026-02-01,Chennai,Validation,Night,363,45.71,6,20.6,94.49,55,Yes,1.653,Normal
103097,2026-02-01,Chennai,Validation,Morning,569,57.73,8,0.0,90.4,55,No,1.406,SLA Breach
103888,2026-02-01,Chennai,Validation,Morning,405,41.3,5,13.2,91.37,55,Yes,1.235,Normal
105961,2026-02-01,Chennai,Validation,Evening,482,17.38,5,9.5,96.65,55,Yes,1.037,Normal
102368,2026-02-01,Hyderabad,Quality Review,Morning,187,31.03,4,0.0,95.14,60,Yes,2.139,High Error Rate
103257,2026-02-01,Hyderabad,Quality Review,Evening,202,63.37,4,0.0,93.81,60,No,1.98,SLA Breach
100411,2026-02-01,Hyderabad,Validation,Night,415,42.07,6,17.8,88.45,55,Yes,1.446,Low Quality Score
100704,2026-02-01,Hyderabad,Validation,Night,416,65.04,4,8.6,96.56,55,No,0.962,SLA Breach
102147,2026-02-01,Pune,Data Intake,Night,274,55.86,2,12.7,95.47,35,No,0.73,SLA Breach
100761,2026-02-01,Pune,Publishing,Morning,644,32.05,6,11.0,100.0,30,No,0.932,SLA Breach
103950,2026-02-01,Pune,Publishing,Night,602,64.68,6,14.7,91.94,30,No,0.997,SLA Breach
100908,2026-02-01,Pune,Quality Review,Morning,363,48.28,9,0.0,94.53,60,Yes,2.479,High Error Rate
102931,2026-02-01,Pune,Quality Review,Morning,133,48.35,10,0.0,99.88,60,Yes,7.519,High Error Rate
105486,2026-02-01,Pune,Quality Review,Night,350,27.49,6,24.9,95.79,60,Yes,1.714,Normal
105096,2026-02-01,Pune,Validation,Morning,468,37.43,1,0.0,97.67,55,Yes,0.214,Normal
102275,2026-02-02,Bengaluru,Data Intake,Morning,340,29.31,3,3.5,92.56,35,Yes,0.882,Normal
102483,2026-02-02,Bengaluru,Data Intake,Morning,158,36.71,4,29.4,93.59,35,No,2.532,High Error Rate
103792,2026-02-02,Bengaluru,Data Intake,Night,272,25.02,9,1.3,96.53,35,Yes,3.309,High Error Rate
100469,2026-02-02,Bengaluru,Enrichment,Morning,378,71.03,4,29.7,91.36,65,No,1.058,SLA Breach
105493,2026-02-02,Bengaluru,Publishing,Morning,442,50.44,2,0.0,94.72,30,No,0.452,SLA Breach
103087,2026-02-02,Bengaluru,Quality Review,Morning,291,15.78,5,0.0,94.91,60,Yes,1.718,Normal
103668,2026-02-02,Bengaluru,Quality Review,Night,364,58.22,8,0.0,85.42,60,Yes,2.198,Low Quality Score
103787,2026-02-02,Bengaluru,Quality Review,Evening,429,30.42,2,0.0,97.16,60,Yes,0.466,Normal
101405,2026-02-02,Bengaluru,Validation,Evening,440,33.42,13,0.0,96.97,55,Yes,2.955,High Error Rate
101702,2026-02-02,Bengaluru,Validation,Morning,596,42.15,4,29.0,91.97,55,Yes,0.671,Normal
105474,2026-02-02,Chennai,Data Intake,Night,619,17.62,7,32.6,91.96,35,Yes,1.131,Normal
104773,2026-02-02,Chennai,Enrichment,Evening,416,47.65,4,18.4,93.2,65,Yes,0.962,Normal
100564,2026-02-02,Chennai,Quality Review,Night,359,32.15,10,7.6,86.17,60,Yes,2.786,Low Quality Score
102381,2026-02-02,Chennai,Quality Review,Night,297,56.48,2,21.5,90.2,60,Yes,0.673,Normal
103824,2026-02-02,Chennai,Quality Review,Evening,284,71.7,6,9.8,88.89,60,No,2.113,Low Quality Score
104391,2026-02-02,Chennai,Quality Review,Morning,342,41.56,5,15.2,96.18,60,Yes,1.462,Normal
104929,2026-02-02,Chennai,Quality Review,Evening,343,73.5,3,22.1,99.8,60,No,0.875,SLA Breach
105303,2026-02-02,Chennai,Quality Review,Evening,481,76.64,3,4.5,94.87,60,No,0.624,SLA Breach
101106,2026-02-02,Chennai,Validation,Morning,632,57.97,2,20.9,99.45,55,No,0.316,SLA Breach
101174,2026-02-02,Chennai,Validation,Morning,359,31.8,8,25.0,92.7,55,Yes,2.228,High Error Rate
102613,2026-02-02,Chennai,Validation,Morning,398,60.64,7,0.0,95.22,55,No,1.759,SLA Breach
104168,2026-02-02,Chennai,Validation,Evening,126,69.32,6,10.0,90.61,55,No,4.762,High Error Rate
104226,2026-02-02,Chennai,Validation,Evening,477,39.76,5,9.7,92.37,55,Yes,1.048,Normal
100392,2026-02-02,Hyderabad,Publishing,Morning,341,22.74,3,12.3,91.7,30,Yes,0.88,Normal
100349,2026-02-02,Hyderabad,Quality Review,Evening,388,52.81,1,0.0,91.99,60,Yes,0.258,Normal
101883,2026-02-02,Hyderabad,Quality Review,Evening,358,31.26,5,36.8,85.81,60,Yes,1.397,Low Quality Score
103879,2026-02-02,Hyderabad,Quality Review,Evening,222,47.59,4,6.2,99.58,60,Yes,1.802,Normal
105391,2026-02-02,Hyderabad,Quality Review,Evening,414,35.29,3,13.8,97.53,60,Yes,0.725,Normal
100251,2026-02-02,Pune,Validation,Evening,94,40.26,5,28.0,96.69,55,Yes,5.319,High Error Rate
101886,2026-02-02,Pune,Validation,Morning,316,46.62,6,4.8,91.97,55,Yes,1.899,Normal
102032,2026-02-02,Pune,Validation,Morning,370,42.2,9,0.0,94.02,55,Yes,2.432,High Error Rate
104628,2026-02-02,Pune,Validation,Night,411,50.24,3,12.2,86.38,55,Yes,0.73,Low Quality Score
101326,2026-02-03,Bengaluru,Data Intake,Evening,419,42.54,5,2.7,90.78,35,No,1.193,SLA Breach
104408,2026-02-03,Bengaluru,Enrichment,Morning,382,50.13,9,14.1,89.86,65,Yes,2.356,Low Quality Score
100023,2026-02-03,Bengaluru,Publishing,Evening,265,51.21,5,0.0,99.32,30,No,1.887,SLA Breach
103359,2026-02-03,Bengaluru,Publishing,Morning,435,28.24,3,7.6,91.51,30,Yes,0.69,Normal
100912,2026-02-03,Bengaluru,Quality Review,Evening,555,89.18,7,17.7,91.8,60,No,1.261,SLA Breach
103529,2026-02-03,Bengaluru,Quality Review,Evening,320,61.81,3,0.0,92.34,60,No,0.938,SLA Breach
105496,2026-02-03,Bengaluru,Quality Review,Night,127,63.23,6,28.8,94.29,60,No,4.724,High Error Rate
101663,2026-02-03,Bengaluru,Unknown,Morning,101,72.6,1,0.0,97.17,30,No,0.99,SLA Breach
101798,2026-02-03,Bengaluru,Validation,Evening,613,86.49,5,27.5,88.28,55,No,0.816,Low Quality Score
101639,2026-02-03,Chennai,Enrichment,Morning,93,44.33,6,22.9,98.91,65,Yes,6.452,High Error Rate
101891,2026-02-03,Chennai,Validation,Morning,495,63.66,5,23.2,93.0,55,No,1.01,SLA Breach
102385,2026-02-03,Chennai,Validation,Morning,213,61.17,3,18.0,95.6,55,No,1.408,SLA Breach
102926,2026-02-03,Chennai,Validation,Morning,375,50.3,6,18.7,94.49,55,Yes,1.6,Normal
104019,2026-02-03,Chennai,Validation,Morning,289,56.71,7,18.8,93.92,55,No,2.422,High Error Rate
104331,2026-02-03,Chennai,Validation,Evening,482,77.48,2,8.7,94.16,55,No,0.415,SLA Breach
102741,2026-02-03,Hyderabad,Enrichment,Morning,285,46.75,9,7.0,94.73,65,Yes,3.158,High Error Rate
101929,2026-02-03,Hyderabad,Publishing,Morning,358,19.91,2,0.0,94.2,30,Yes,0.559,Normal
101960,2026-02-03,Hyderabad,Publishing,Morning,209,27.83,3,19.8,92.77,30,Yes,1.435,Normal
103099,2026-02-03,Hyderabad,Publishing,Night,467,28.18,3,12.2,95.95,30,Yes,0.642,Normal
103935,2026-02-03,Hyderabad,Publishing,Evening,251,17.14,7,20.4,94.82,30,Yes,2.789,High Error Rate
100635,2026-02-03,Hyderabad,Quality Review,Evening,580,49.94,6,0.0,96.29,60,Yes,1.034,Normal
104156,2026-02-03,Hyderabad,Quality Review,Night,625,80.83,7,5.8,91.41,60,No,1.12,SLA Breach
105618,2026-02-03,Hyderabad,Quality Review,Night,125,71.39,5,0.0,91.17,60,No,4.0,High Error Rate
101345,2026-02-03,Hyderabad,Validation,Evening,197,68.99,3,0.0,91.98,55,No,1.523,SLA Breach
105329,2026-02-03,Pune,Publishing,Night,548,45.47,5,3.6,98.25,30,No,0.912,SLA Breach
101432,2026-02-03,Pune,Quality Review,Morning,353,58.15,8,0.0,92.85,60,Yes,2.266,High Error Rate
102929,2026-02-03,Pune,Quality Review,Evening,581,48.6,4,20.3,93.03,60,Yes,0.688,Normal
104983,2026-02-03,Pune,Quality Review,Evening,429,29.09,4,4.7,93.89,60,Yes,0.932,Normal
103290,2026-02-03,Pune,Validation,Night,366,39.35,9,11.8,91.77,55,Yes,2.459,High Error Rate
105940,2026-02-03,Pune,Validation,Morning,214,49.68,5,5.1,91.02,55,Yes,2.336,High Error Rate
105271,2026-02-03,Unknown,Publishing,Evening,640,20.44,1,11.7,91.93,30,Yes,0.156,Normal
102674,2026-02-03,Unknown,Quality Review,Morning,281,54.02,2,7.7,95.49,60,Yes,0.712,Normal
103045,2026-02-04,Bengaluru,Data Intake,Night,119,37.85,4,0.0,100.0,35,No,3.361,High Error Rate
103776,2026-02-04,Bengaluru,Data Intake,Morning,116,40.32,6,10.6,94.86,35,No,5.172,High Error Rate
104448,2026-02-04,Bengaluru,Data Intake,Morning,519,35.78,6,0.7,91.44,35,No,1.156,SLA Breach
102392,2026-02-04,Bengaluru,Enrichment,Morning,596,31.62,5,0.0,99.59,65,Yes,0.839,Normal
104875,2026-02-04,Bengaluru,Enrichment,Morning,232,94.63,5,3.7,100.0,65,No,2.155,High Error Rate
101534,2026-02-04,Bengaluru,Quality Review,Night,282,93.74,3,33.3,88.28,60,No,1.064,Low Quality Score
103194,2026-02-04,Bengaluru,Validation,Morning,89,45.66,6,0.1,97.9,55,Yes,6.742,High Error Rate
104103,2026-02-04,Bengaluru,Validation,Evening,626,31.74,5,1.8,91.74,55,Yes,0.799,Normal
104564,2026-02-04,Bengaluru,Validation,Evening,317,39.15,3,3.1,97.36,55,Yes,0.946,Normal
100523,2026-02-04,Chennai,Data Intake,Evening,358,47.83,4,20.0,85.73,35,No,1.117,Low Quality Score
102554,2026-02-04,Chennai,Data Intake,Morning,275,48.7,4,4.6,95.51,35,No,1.455,SLA Breach
103394,2026-02-04,Chennai,Data Intake,Night,378,43.78,6,10.2,100.0,35,No,1.587,SLA Breach
102071,2026-02-04,Chennai,Publishing,Night,553,28.82,2,0.0,95.15,30,Yes,0.362,Normal
105681,2026-02-04,Chennai,Publishing,Evening,595,56.11,8,0.0,100.0,30,No,1.345,SLA Breach
100253,2026-02-04,Chennai,Quality Review,Night,285,81.23,12,0.0,96.16,60,No,4.211,High Error Rate
102220,2026-02-04,Chennai,Quality Review,Evening,529,55.19,6,27.4,93.52,60,Yes,1.134,Normal
103295,2026-02-04,Chennai,Quality Review,Night,173,86.18,3,22.3,94.05,60,No,1.734,SLA Breach
104009,2026-02-04,Chennai,Quality Review,Morning,407,26.7,5,0.0,92.21,60,Yes,1.229,Normal
104248,2026-02-04,Chennai,Validation,Evening,494,92.01,6,2.3,91.6,55,No,1.215,SLA Breach
104871,2026-02-04,Chennai,Validation,Morning,603,79.97,6,6.5,93.2,55,No,0.995,SLA Breach
101523,2026-02-04,Hyderabad,Data Intake,Night,148,16.03,5,0.0,94.01,35,Yes,3.378,High Error Rate
102810,2026-02-04,Hyderabad,Publishing,Night,308,24.77,7,22.3,95.63,30,Yes,2.273,High Error Rate
104985,2026-02-04,Hyderabad,Publishing,Evening,433,16.85,6,43.2,97.24,30,Yes,1.386,Normal
102738,2026-02-04,Hyderabad,Quality Review,Evening,420,29.18,4,3.3,87.3,60,Yes,0.952,Low Quality Score
104796,2026-02-04,Hyderabad,Quality Review,Morning,433,37.18,5,0.0,90.38,60,Yes,1.155,Normal
104956,2026-02-04,Hyderabad,Quality Review,Night,194,41.38,3,12.0,91.23,60,Yes,1.546,Normal
101113,2026-02-04,Hyderabad,Validation,Night,230,31.85,7,2.1,94.51,55,Yes,3.043,High Error Rate
103913,2026-02-04,Hyderabad,Validation,Night,542,88.01,7,17.9,98.79,55,No,1.292,SLA Breach
104905,2026-02-04,Pune,Data Intake,Evening,530,23.96,0,10.2,95.71,35,Yes,0.0,Normal
102993,2026-02-04,Pune,Publishing,Evening,88,24.2,2,0.0,89.17,30,Yes,2.273,Low Quality Score
103256,2026-02-04,Pune,Publishing,Morning,351,18.52,1,17.2,90.28,30,Yes,0.285,Normal
100888,2026-02-04,Pune,Quality Review,Morning,525,16.6,4,0.9,91.94,60,Yes,0.762,Normal
101178,2026-02-04,Pune,Quality Review,Evening,572,78.7,1,2.8,93.6,60,No,0.175,SLA Breach
101651,2026-02-04,Pune,Quality Review,Morning,406,41.0,5,12.6,91.93,60,Yes,1.232,Normal
105969,2026-02-04,Pune,Quality Review,Morning,366,53.23,8,22.9,92.51,60,Yes,2.186,High Error Rate
100072,2026-02-04,Pune,Validation,Night,131,37.43,1,22.0,99.55,55,Yes,0.763,Normal
102944,2026-02-04,Pune,Validation,Morning,240,77.94,1,0.0,93.39,55,No,0.417,SLA Breach
104491,2026-02-04,Pune,Validation,Evening,524,24.29,4,8.9,97.84,55,Yes,0.763,Normal
105905,2026-02-04,Pune,Validation,Morning,356,37.49,7,0.0,91.36,55,Yes,1.966,Normal
103040,2026-02-05,Bengaluru,Enrichment,Evening,298,64.53,3,0.0,90.75,65,Yes,1.007,Normal
105001,2026-02-05,Bengaluru,Enrichment,Evening,636,33.2,4,0.0,95.36,65,Yes,0.629,Normal
105280,2026-02-05,Bengaluru,Enrichment,Night,567,37.65,3,11.8,94.485,65,Yes,0.529,Normal
105953,2026-02-05,Bengaluru,Enrichment,Night,345,52.91,3,8.1,89.73,65,Yes,0.87,Low Quality Score
103153,2026-02-05,Bengaluru,Publishing,Morning,274,11.91,7,7.8,97.25,30,Yes,2.555,High Error Rate
101787,2026-02-05,Bengaluru,Quality Review,Morning,368,65.87,4,0.0,88.36,60,No,1.087,Low Quality Score
103182,2026-02-05,Bengaluru,Quality Review,Morning,125,57.61,4,34.4,95.33,60,Yes,3.2,High Error Rate
102094,2026-02-05,Bengaluru,Validation,Morning,270,48.7,4,0.0,92.0,55,Yes,1.481,Normal
105911,2026-02-05,Bengaluru,Validation,Morning,516,33.76,4,4.6,96.54,55,Yes,0.775,Normal
102890,2026-02-05,Chennai,Data Intake,Morning,333,30.31,9,0.0,100.0,35,Yes,2.703,High Error Rate
103258,2026-02-05,Chennai,Data Intake,Evening,329,24.1,7,47.5,94.75,35,Yes,2.128,High Error Rate
100052,2026-02-05,Chennai,Enrichment,Night,314,54.69,6,20.8,95.37,65,Yes,1.911,Normal
100838,2026-02-05,Chennai,Enrichment,Night,311,52.66,6,15.7,93.36,65,Yes,1.929,Normal
105763,2026-02-05,Chennai,Enrichment,Morning,226,37.7,6,10.0,94.75,65,Yes,2.655,High Error Rate
100398,2026-02-05,Chennai,Publishing,Morning,427,35.85,5,5.5,95.36,30,No,1.171,SLA Breach
103837,2026-02-05,Chennai,Publishing,Morning,610,10.52,3,24.3,97.98,30,Yes,0.492,Normal
100993,2026-02-05,Chennai,Validation,Morning,393,29.52,4,3.3,98.05,55,Yes,1.018,Normal
104581,2026-02-05,Chennai,Validation,Morning,536,35.52,5,1.1,97.49,55,Yes,0.933,Normal
101115,2026-02-05,Hyderabad,Data Intake,Morning,138,27.59,5,3.8,94.52,35,Yes,3.623,High Error Rate
104791,2026-02-05,Hyderabad,Enrichment,Morning,601,68.6,7,0.6,97.67,65,No,1.165,SLA Breach
104844,2026-02-05,Hyderabad,Enrichment,Evening,84,113.25,7,0.0,94.73,65,No,8.333,High Error Rate
105781,2026-02-05,Hyderabad,Enrichment,Evening,82,97.86,12,6.5,92.11,65,No,14.634,High Error Rate
102813,2026-02-05,Hyderabad,Publishing,Evening,648,44.89,4,0.0,97.31,30,No,0.617,SLA Breach
102861,2026-02-05,Hyderabad,Publishing,Night,85,43.01,9,14.3,95.05,30,No,10.588,High Error Rate
101770,2026-02-05,Hyderabad,Quality Review,Morning,277,90.7,6,25.1,91.97,60,No,2.166,High Error Rate
105465,2026-02-05,Hyderabad,Quality Review,Morning,156,40.46,5,22.2,94.34,60,Yes,3.205,High Error Rate
102745,2026-02-05,Hyderabad,Validation,Evening,120,56.86,8,19.6,93.12,55,No,6.667,High Error Rate
104656,2026-02-05,Hyderabad,Validation,Evening,143,96.12,2,29.3,100.0,55,No,1.399,SLA Breach
104827,2026-02-05,Hyderabad,Validation,Night,103,28.31,5,8.0,90.48,55,Yes,4.854,High Error Rate
105234,2026-02-05,Hyderabad,Validation,Evening,232,51.58,12,0.0,94.43,55,Yes,5.172,High Error Rate
102851,2026-02-05,Pune,Data Intake,Evening,611,41.88,7,14.7,95.43,35,No,1.146,SLA Breach
103024,2026-02-05,Pune,Data Intake,Evening,627,35.48,3,13.7,94.32,35,No,0.478,SLA Breach
100543,2026-02-05,Pune,Enrichment,Morning,526,63.78,0,1.4,96.21,65,Yes,0.0,Normal
103693,2026-02-05,Pune,Publishing,Evening,559,16.38,3,23.2,93.6,30,Yes,0.537,Normal
102466,2026-02-05,Pune,Quality Review,Evening,569,57.48,3,2.6,96.47,60,Yes,0.527,Normal
104492,2026-02-05,Pune,Quality Review,Night,604,25.31,3,12.7,94.49,60,Yes,0.497,Normal
105168,2026-02-05,Pune,Quality Review,Morning,344,31.02,3,0.0,91.66,60,Yes,0.872,Normal
103909,2026-02-05,Pune,Validation,Morning,149,34.15,4,23.4,92.8,55,Yes,2.685,High Error Rate
100653,2026-02-06,Bengaluru,Data Intake,Night,564,26.33,6,0.0,99.59,35,Yes,1.064,Normal
105667,2026-02-06,Bengaluru,Data Intake,Night,283,43.26,5,7.6,92.92,35,No,1.767,SLA Breach
102815,2026-02-06,Bengaluru,Enrichment,Night,220,59.76,4,0.7,89.56,65,Yes,1.818,Low Quality Score
104886,2026-02-06,Bengaluru,Enrichment,Morning,639,75.59,4,27.1,96.16,65,No,0.626,SLA Breach
100426,2026-02-06,Bengaluru,Quality Review,Morning,225,46.07,8,22.5,95.3,60,Yes,3.556,High Error Rate
101085,2026-02-06,Bengaluru,Quality Review,Evening,469,34.69,5,0.0,89.85,60,Yes,1.066,Low Quality Score
101704,2026-02-06,Bengaluru,Quality Review,Evening,491,46.03,3,0.0,90.91,60,Yes,0.611,Normal
103894,2026-02-06,Chennai,Data Intake,Morning,312,19.09,7,14.6,92.48,35,Yes,2.244,High Error Rate
104811,2026-02-06,Chennai,Data Intake,Morning,401,34.52,7,4.4,93.75,35,Yes,1.746,Normal
100102,2026-02-06,Chennai,Enrichment,Morning,383,86.8,2,14.3,97.23,65,No,0.522,SLA Breach
100339,2026-02-06,Chennai,Enrichment,Night,205,55.16,3,5.9,91.64,65,Yes,1.463,Normal
101796,2026-02-06,Chennai,Enrichment,Evening,606,42.89,7,3.6,100.0,65,Yes,1.155,Normal
103965,2026-02-06,Chennai,Enrichment,Evening,259,50.82,3,24.5,94.11,65,Yes,1.158,Normal
105717,2026-02-06,Chennai,Enrichment,Morning,321,53.65,4,19.6,98.77,65,Yes,1.246,Normal
100872,2026-02-06,Chennai,Publishing,Night,556,14.29,1,0.0,99.27,30,Yes,0.18,Normal
102900,2026-02-06,Chennai,Publishing,Evening,478,18.63,1,9.6,95.63,30,Yes,0.209,Normal
104159,2026-02-06,Chennai,Publishing,Morning,304,41.0,4,19.7,93.18,30,No,1.316,SLA Breach
104578,2026-02-06,Chennai,Publishing,Evening,216,21.59,6,35.9,96.1,30,Yes,2.778,High Error Rate
105623,2026-02-06,Chennai,Publishing,Evening,202,15.08,6,1.7,94.54,30,Yes,2.97,High Error Rate
100009,2026-02-06,Chennai,Quality Review,Evening,444,35.52,2,14.7,100.0,60,Yes,0.45,Normal
105943,2026-02-06,Chennai,Quality Review,Night,400,50.36,8,15.4,92.79,60,Yes,2.0,Normal
102511,2026-02-06,Chennai,Validation,Night,619,45.19,4,19.7,94.59,55,Yes,0.646,Normal
102773,2026-02-06,Chennai,Validation,Evening,320,74.52,6,5.1,95.56,55,No,1.875,SLA Breach
104164,2026-02-06,Hyderabad,Data Intake,Morning,292,32.31,6,0.0,91.22,35,Yes,2.055,High Error Rate
102349,2026-02-06,Hyderabad,Enrichment,Morning,537,78.86,6,42.1,91.47,65,No,1.117,SLA Breach
103832,2026-02-06,Hyderabad,Enrichment,Night,117,77.38,9,2.9,98.61,65,No,7.692,High Error Rate
105177,2026-02-06,Hyderabad,Enrichment,Evening,594,123.67,15,4.8,88.98,65,No,2.525,Low Quality Score
100664,2026-02-06,Hyderabad,Publishing,Evening,133,17.89,5,0.0,95.34,30,Yes,3.759,High Error Rate
100224,2026-02-06,Hyderabad,Quality Review,Evening,415,43.04,3,1.2,93.24,60,Yes,0.723,Normal
105796,2026-02-06,Hyderabad,Quality Review,Morning,593,53.06,4,5.5,98.04,60,Yes,0.675,Normal
101740,2026-02-06,Hyderabad,Validation,Night,364,55.64,4,6.8,96.57,55,No,1.099,SLA Breach
102643,2026-02-06,Hyderabad,Validation,Evening,507,23.33,1,0.0,90.26,55,Yes,0.197,Normal
104262,2026-02-06,Pune,Data Intake,Evening,536,28.72,2,2.6,98.87,35,Yes,0.373,Normal
102116,2026-02-06,Pune,Enrichment,Night,543,63.08,7,21.9,91.75,65,Yes,1.289,Normal
103504,2026-02-06,Pune,Publishing,Morning,467,36.97,6,0.0,100.0,30,No,1.285,SLA Breach
103736,2026-02-06,Pune,Publishing,Morning,441,21.19,5,24.9,97.17,30,Yes,1.134,Normal
104570,2026-02-06,Pune,Publishing,Night,179,13.7,5,31.6,95.57,30,Yes,2.793,High Error Rate
101364,2026-02-06,Pune,Quality Review,Evening,549,62.05,6,11.9,87.9,60,No,1.093,Low Quality Score
103288,2026-02-06,Pune,Quality Review,Night,625,66.22,2,7.4,89.99,60,No,0.32,Low Quality Score
102765,2026-02-07,Bengaluru,Publishing,Morning,528,50.86,4,0.0,92.26,30,No,0.758,SLA Breach
105625,2026-02-07,Bengaluru,Publishing,Evening,203,21.69,4,27.5,97.53,30,Yes,1.97,Normal
105276,2026-02-07,Bengaluru,Quality Review,Morning,481,29.51,0,3.3,98.28,60,Yes,0.0,Normal
100735,2026-02-07,Chennai,Data Intake,Night,103,12.34,8,0.0,94.83,35,Yes,7.767,High Error Rate
101872,2026-02-07,Chennai,Data Intake,Evening,539,51.29,4,0.0,93.16,35,No,0.742,SLA Breach
102474,2026-02-07,Chennai,Data Intake,Evening,457,67.02,6,5.7,96.89,35,No,1.313,SLA Breach
103079,2026-02-07,Chennai,Data Intake,Morning,364,14.65,4,0.0,97.88,35,Yes,1.099,Normal
103433,2026-02-07,Chennai,Data Intake,Evening,522,57.25,7,19.5,96.66,35,No,1.341,SLA Breach
104119,2026-02-07,Chennai,Enrichment,Evening,456,76.77,4,16.6,96.1,65,No,0.877,SLA Breach
101474,2026-02-07,Chennai,Publishing,Night,98,26.23,5,13.2,94.01,30,Yes,5.102,High Error Rate
101940,2026-02-07,Chennai,Publishing,Morning,182,27.3,1,14.1,90.64,30,Yes,0.549,Normal
105313,2026-02-07,Chennai,Quality Review,Evening,94,56.42,5,3.4,92.98,60,Yes,5.319,High Error Rate
102496,2026-02-07,Chennai,Validation,Morning,268,21.42,7,13.5,94.16,55,Yes,2.612,High Error Rate
102870,2026-02-07,Chennai,Validation,Evening,325,45.95,2,0.0,89.96,55,Yes,0.615,Low Quality Score
103242,2026-02-07,Chennai,Validation,Morning,408,69.18,5,0.2,93.47,55,No,1.225,SLA Breach
104654,2026-02-07,Chennai,Validation,Night,648,58.1,5,0.8,99.91,55,No,0.772,SLA Breach
105175,2026-02-07,Chennai,Validation,Evening,127,54.15,5,21.5,100.0,55,Yes,3.937,High Error Rate
105864,2026-02-07,Hyderabad,Data Intake,Morning,381,38.57,5,20.8,92.03,35,No,1.312,SLA Breach
103583,2026-02-07,Hyderabad,Enrichment,Morning,609,58.96,5,4.3,92.78,65,Yes,0.821,Normal
101072,2026-02-07,Hyderabad,Publishing,Evening,273,42.63,10,12.8,95.25,30,No,3.663,High Error Rate
105979,2026-02-07,Hyderabad,Publishing,Evening,514,20.16,10,22.4,94.04,30,Yes,1.946,Normal
103241,2026-02-07,Hyderabad,Quality Review,Evening,317,33.6,8,14.5,100.0,60,Yes,2.524,High Error Rate
104059,2026-02-07,Hyderabad,Validation,Morning,280,72.2,12,0.0,85.8,55,No,4.286,Low Quality Score
102360,2026-02-07,Pune,Data Intake,Night,413,29.38,7,0.0,92.29,35,Yes,1.695,Normal
105494,2026-02-07,Pune,Publishing,Night,269,40.12,7,18.3,95.4,30,No,2.602,High Error Rate
105690,2026-02-07,Pune,Publishing,Evening,142,35.17,2,11.4,98.78,30,No,1.408,SLA Breach
102277,2026-02-08,Bengaluru,Data Intake,Night,93,25.47,2,10.6,89.89,35,Yes,2.151,Low Quality Score
103328,2026-02-08,Bengaluru,Data Intake,Evening,327,24.26,3,4.3,93.62,35,Yes,0.917,Normal
104188,2026-02-08,Bengaluru,Data Intake,Night,305,29.46,2,0.0,95.74,35,Yes,0.656,Normal
105725,2026-02-08,Bengaluru,Data Intake,Evening,134,24.95,6,29.7,96.48,35,Yes,4.478,High Error Rate
102523,2026-02-08,Bengaluru,Publishing,Evening,617,26.05,2,0.0,93.66,30,Yes,0.324,Normal
103232,2026-02-08,Bengaluru,Publishing,Morning,480,13.84,9,6.5,97.57,30,Yes,1.875,Normal
101710,2026-02-08,Bengaluru,Quality Review,Evening,218,56.92,3,21.0,94.35,60,Yes,1.376,Normal
103179,2026-02-08,Bengaluru,Validation,Night,192,54.45,5,0.0,91.12,55,Yes,2.604,High Error Rate
104755,2026-02-08,Bengaluru,Validation,Morning,491,78.12,6,0.0,93.55,55,No,1.222,SLA Breach
104996,2026-02-08,Bengaluru,Validation,Night,261,40.33,3,0.0,93.61,55,Yes,1.149,Normal
102602,2026-02-08,Chennai,Data Intake,Morning,557,27.46,3,20.4,93.18,35,Yes,0.539,Normal
102462,2026-02-08,Chennai,Enrichment,Morning,511,40.39,7,0.0,99.19,65,Yes,1.37,Normal
104587,2026-02-08,Chennai,Enrichment,Morning,308,45.7,6,26.0,94.21,65,Yes,1.948,Normal
100142,2026-02-08,Chennai,Publishing,Night,587,25.39,0,20.4,87.89,30,Yes,0.0,Low Quality Score
101988,2026-02-08,Chennai,Publishing,Evening,91,37.75,2,34.1,92.68,30,No,2.198,High Error Rate
101745,2026-02-08,Chennai,Quality Review,Morning,523,32.29,4,21.1,96.57,60,Yes,0.765,Normal
102470,2026-02-08,Chennai,Quality Review,Morning,405,49.52,3,0.0,91.42,60,Yes,0.741,Normal
102665,2026-02-08,Chennai,Quality Review,Morning,349,79.03,1,17.6,95.23,60,No,0.287,SLA Breach
102444,2026-02-08,Hyderabad,Data Intake,Evening,440,33.92,4,24.4,93.31,35,Yes,0.909,Normal
104027,2026-02-08,Hyderabad,Validation,Morning,352,74.78,5,27.6,97.73,55,No,1.42,SLA Breach
102734,2026-02-08,Pune,Data Intake,Morning,320,56.5,1,0.0,92.6,35,No,0.312,SLA Breach
103526,2026-02-08,Pune,Data Intake,Morning,545,31.19,3,26.4,95.08,35,Yes,0.55,Normal
105487,2026-02-08,Pune,Data Intake,Night,583,27.31,4,16.9,97.34,35,Yes,0.686,Normal
103297,2026-02-08,Pune,Publishing,Morning,235,44.92,6,0.0,95.96,30,No,2.553,High Error Rate
103960,2026-02-08,Pune,Publishing,Morning,92,15.35,2,2.4,99.28,30,Yes,2.174,High Error Rate
105996,2026-02-08,Pune,Publishing,Evening,526,17.14,7,28.3,100.0,30,Yes,1.331,Normal
101989,2026-02-08,Pune,Validation,Evening,468,55.27,4,13.6,96.67,55,No,0.855,SLA Breach
104605,2026-02-08,Pune,Validation,Morning,182,58.06,2,7.2,91.97,55,No,1.099,SLA Breach
104673,2026-02-08,Pune,Validation,Night,513,25.55,5,9.5,97.71,55,Yes,0.975,Normal
105040,2026-02-08,Pune,Validation,Morning,420,80.3,7,0.0,100.0,55,No,1.667,SLA Breach
105545,2026-02-09,Bengaluru,Data Intake,Morning,599,18.14,5,0.0,92.25,35,Yes,0.835,Normal
102394,2026-02-09,Bengaluru,Enrichment,Morning,434,28.86,6,0.0,91.39,65,Yes,1.382,Normal
102553,2026-02-09,Bengaluru,Enrichment,Morning,629,79.13,1,22.5,90.58,65,No,0.159,SLA Breach
102358,2026-02-09,Bengaluru,Publishing,Evening,180,52.88,5,0.0,93.06,30,No,2.778,High Error Rate
101395,2026-02-09,Bengaluru,Quality Review,Morning,189,47.6,3,25.7,94.75,60,Yes,1.587,Normal
102839,2026-02-09,Bengaluru,Quality Review,Evening,117,44.48,3,13.5,87.51,60,Yes,2.564,Low Quality Score
105752,2026-02-09,Bengaluru,Validation,Night,574,32.05,3,2.0,94.38,55,Yes,0.523,Normal
102874,2026-02-09,Chennai,Data Intake,Evening,265,31.34,9,16.1,90.2,35,Yes,3.396,High Error Rate
105656,2026-02-09,Chennai,Data Intake,Evening,331,86.82,11,32.3,98.12,35,No,3.323,High Error Rate
100964,2026-02-09,Chennai,Publishing,Night,522,39.78,5,32.0,95.67,30,No,0.958,SLA Breach
103476,2026-02-09,Chennai,Quality Review,Morning,80,72.8,4,16.7,99.05,60,No,5.0,High Error Rate
103586,2026-02-09,Chennai,Validation,Morning,141,66.02,1,25.1,95.37,55,No,0.709,SLA Breach
103683,2026-02-09,Hyderabad,Data Intake,Morning,465,28.27,3,5.7,94.75,35,Yes,0.645,Normal
105549,2026-02-09,Hyderabad,Data Intake,Evening,398,50.37,6,0.0,98.91,35,No,1.508,SLA Breach
105957,2026-02-09,Hyderabad,Data Intake,Morning,234,22.14,5,12.4,88.1,35,Yes,2.137,Low Quality Score
102194,2026-02-09,Hyderabad,Enrichment,Morning,243,67.15,7,27.7,93.58,65,No,2.881,High Error Rate
105570,2026-02-09,Hyderabad,Publishing,Night,420,20.44,9,16.3,94.3,30,Yes,2.143,High Error Rate
100903,2026-02-09,Hyderabad,Quality Review,Night,287,53.27,4,11.6,85.25,60,Yes,1.394,Low Quality Score
101582,2026-02-09,Hyderabad,Validation,Night,389,42.23,2,25.9,91.99,55,Yes,0.514,Normal
103952,2026-02-09,Pune,Data Intake,Morning,439,62.93,1,3.7,91.34,35,No,0.228,SLA Breach
101355,2026-02-09,Pune,Enrichment,Evening,535,77.35,4,3.7,100.0,65,No,0.748,SLA Breach
103018,2026-02-09,Pune,Publishing,Morning,501,32.36,6,15.5,95.51,30,No,1.198,SLA Breach
103670,2026-02-09,Pune,Publishing,Evening,628,34.29,9,12.8,91.68,30,No,1.433,SLA Breach
105567,2026-02-09,Pune,Quality Review,Evening,312,45.04,4,0.0,95.38,60,Yes,1.282,Normal
104556,2026-02-09,Pune,Unknown,Morning,504,37.46,5,16.7,88.45,35,No,0.992,Low Quality Score
103444,2026-02-09,Pune,Validation,Evening,484,54.49,5,0.0,93.26,55,Yes,1.033,Normal
104803,2026-02-10,Bengaluru,Data Intake,Evening,520,27.78,11,0.0,95.39,35,Yes,2.115,High Error Rate
104967,2026-02-10,Bengaluru,Enrichment,Evening,540,51.74,5,4.9,94.42,65,Yes,0.926,Normal
105320,2026-02-10,Bengaluru,Enrichment,Morning,413,30.63,5,42.4,95.75,65,Yes,1.211,Normal
103413,2026-02-10,Bengaluru,Publishing,Night,369,31.27,3,2.2,91.58,30,No,0.813,SLA Breach
103471,2026-02-10,Bengaluru,Quality Review,Evening,634,38.05,4,23.8,96.67,60,Yes,0.631,Normal
100976,2026-02-10,Chennai,Data Intake,Evening,410,25.38,4,0.0,93.48,35,Yes,0.976,Normal
101839,2026-02-10,Chennai,Data Intake,Morning,82,30.92,6,0.0,98.99,35,Yes,7.317,High Error Rate
105884,2026-02-10,Chennai,Data Intake,Morning,557,22.14,3,7.5,90.77,35,Yes,0.539,Normal
103314,2026-02-10,Chennai,Enrichment,Morning,116,36.23,2,0.0,100.0,65,Yes,1.724,Normal
104209,2026-02-10,Chennai,Enrichment,Morning,251,45.18,11,0.0,92.62,65,Yes,4.382,High Error Rate
105662,2026-02-10,Chennai,Enrichment,Morning,176,72.46,4,0.0,94.17,65,No,2.273,High Error Rate
101257,2026-02-10,Chennai,Publishing,Evening,561,45.62,4,17.8,95.22,30,No,0.713,SLA Breach
102241,2026-02-10,Chennai,Quality Review,Morning,155,60.56,13,0.0,93.74,60,No,8.387,High Error Rate
102299,2026-02-10,Chennai,Quality Review,Morning,213,21.86,4,13.1,100.0,60,Yes,1.878,Normal
103622,2026-02-10,Chennai,Quality Review,Night,583,52.14,4,30.1,96.1,60,Yes,0.686,Normal
105432,2026-02-10,Chennai,Quality Review,Night,119,59.98,5,0.0,95.7,60,Yes,4.202,High Error Rate
105587,2026-02-10,Chennai,Quality Review,Morning,401,47.82,4,14.5,88.87,60,Yes,0.998,Low Quality Score
102703,2026-02-10,Chennai,Validation,Morning,412,42.61,3,0.0,92.35,55,Yes,0.728,Normal
102747,2026-02-10,Chennai,Validation,Night,410,49.14,8,40.4,98.38,55,Yes,1.951,Normal
102914,2026-02-10,Chennai,Validation,Night,135,20.88,4,20.2,93.47,55,Yes,2.963,High Error Rate
103181,2026-02-10,Chennai,Validation,Morning,213,47.6,5,17.8,91.53,55,Yes,2.347,High Error Rate
103197,2026-02-10,Hyderabad,Data Intake,Morning,346,24.57,6,17.1,91.33,35,Yes,1.734,Normal
103869,2026-02-10,Hyderabad,Data Intake,Morning,435,33.05,7,18.9,98.18,35,Yes,1.609,Normal
103714,2026-02-10,Hyderabad,Enrichment,Evening,143,26.38,7,4.8,90.59,65,Yes,4.895,High Error Rate
104930,2026-02-10,Hyderabad,Enrichment,Night,294,37.65,7,0.0,91.6,65,Yes,2.381,High Error Rate
103152,2026-02-10,Hyderabad,Publishing,Morning,434,27.81,5,3.4,93.88,30,Yes,1.152,Normal
103741,2026-02-10,Hyderabad,Publishing,Evening,205,39.34,3,4.9,95.48,30,No,1.463,SLA Breach
105502,2026-02-10,Hyderabad,Publishing,Morning,637,22.73,6,3.4,98.96,30,Yes,0.942,Normal
100363,2026-02-10,Hyderabad,Quality Review,Evening,210,60.26,6,0.0,96.05,60,No,2.857,High Error Rate
103882,2026-02-10,Hyderabad,Quality Review,Evening,80,42.26,5,0.0,97.79,60,Yes,6.25,High Error Rate
105739,2026-02-10,Hyderabad,Validation,Evening,587,36.7,10,4.2,95.71,55,Yes,1.704,Normal
103850,2026-02-10,Pune,Enrichment,Morning,375,60.67,4,7.4,92.09,65,Yes,1.067,Normal
105772,2026-02-10,Pune,Quality Review,Morning,338,27.83,3,9.7,94.97,60,Yes,0.888,Normal
103029,2026-02-10,Pune,Validation,Evening,470,71.2,5,0.0,94.85,55,No,1.064,SLA Breach
104261,2026-02-10,Pune,Validation,Evening,369,17.53,6,10.4,99.39,55,Yes,1.626,Normal
102315,2026-02-11,Bengaluru,Data Intake,Evening,630,29.35,4,20.9,90.1,35,Yes,0.635,Normal
103089,2026-02-11,Bengaluru,Data Intake,Morning,421,26.01,1,26.2,90.32,35,Yes,0.238,Normal
104373,2026-02-11,Bengaluru,Data Intake,Evening,249,21.16,8,2.6,96.89,35,Yes,3.213,High Error Rate
103336,2026-02-11,Bengaluru,Enrichment,Evening,540,49.23,7,3.0,100.0,65,Yes,1.296,Normal
101512,2026-02-11,Bengaluru,Quality Review,Morning,599,52.96,6,31.8,95.06,60,Yes,1.002,Normal
102936,2026-02-11,Bengaluru,Quality Review,Evening,100,24.34,1,25.4,100.0,60,Yes,1.0,Normal
103782,2026-02-11,Bengaluru,Quality Review,Night,410,38.42,2,0.0,91.5,60,Yes,0.488,Normal
101545,2026-02-11,Bengaluru,Validation,Night,419,36.78,10,0.0,96.72,55,Yes,2.387,High Error Rate
105246,2026-02-11,Chennai,Enrichment,Morning,237,45.21,3,24.6,91.5,65,Yes,1.266,Normal
100032,2026-02-11,Chennai,Publishing,Evening,251,27.43,4,0.0,90.48,30,Yes,1.594,Normal
103811,2026-02-11,Chennai,Quality Review,Evening,348,64.28,6,28.5,91.17,60,No,1.724,SLA Breach
100412,2026-02-11,Chennai,Validation,Evening,386,31.23,2,16.3,94.5,55,Yes,0.518,Normal
102968,2026-02-11,Chennai,Validation,Evening,555,72.79,2,32.7,95.79,55,No,0.36,SLA Breach
101503,2026-02-11,Hyderabad,Data Intake,Morning,622,60.17,3,8.9,91.51,35,No,0.482,SLA Breach
100078,2026-02-11,Hyderabad,Quality Review,Evening,192,19.55,9,0.0,93.81,60,Yes,4.688,High Error Rate
103484,2026-02-11,Hyderabad,Quality Review,Evening,356,58.08,8,8.1,99.62,60,Yes,2.247,High Error Rate
103702,2026-02-11,Hyderabad,Quality Review,Evening,279,51.4,4,17.8,91.75,60,Yes,1.434,Normal
105351,2026-02-11,Pune,Data Intake,Night,640,20.17,4,16.6,97.84,35,Yes,0.625,Normal
100326,2026-02-11,Pune,Enrichment,Morning,334,26.26,3,37.7,96.04,65,Yes,0.898,Normal
105416,2026-02-11,Pune,Enrichment,Evening,173,27.39,4,9.6,89.89,65,Yes,2.312,Low Quality Score
104155,2026-02-11,Pune,Publishing,Night,345,28.21,4,30.0,88.96,30,Yes,1.159,Low Quality Score
105036,2026-02-11,Pune,Quality Review,Evening,93,28.93,3,6.9,94.12,60,Yes,3.226,High Error Rate
100567,2026-02-11,Pune,Validation,Evening,531,40.08,9,19.7,95.1,55,Yes,1.695,Normal
101479,2026-02-11,Pune,Validation,Evening,419,49.61,6,20.1,90.6,55,Yes,1.432,Normal
101656,2026-02-11,Pune,Validation,Night,84,19.86,3,0.0,95.54,55,Yes,3.571,High Error Rate
100327,2026-02-12,Bengaluru,Enrichment,Morning,471,74.49,9,0.0,93.4,65,No,1.911,SLA Breach
100626,2026-02-12,Bengaluru,Quality Review,Evening,572,105.22,4,0.0,95.04,60,No,0.699,SLA Breach
104706,2026-02-12,Bengaluru,Quality Review,Evening,185,23.9,6,0.0,94.04,60,Yes,3.243,High Error Rate
100510,2026-02-12,Chennai,Data Intake,Morning,397,39.88,5,0.0,95.86,35,No,1.259,SLA Breach
102175,2026-02-12,Chennai,Enrichment,Morning,178,29.77,4,0.8,93.74,65,Yes,2.247,High Error Rate
101288,2026-02-12,Chennai,Publishing,Evening,329,24.29,6,0.0,91.09,30,Yes,1.824,Normal
101609,2026-02-12,Chennai,Publishing,Morning,349,14.02,8,4.8,95.26,30,Yes,2.292,High Error Rate
102882,2026-02-12,Chennai,Publishing,Morning,104,17.95,5,15.8,91.36,30,Yes,4.808,High Error Rate
101817,2026-02-12,Chennai,Quality Review,Night,209,75.58,5,23.9,87.73,60,No,2.392,Low Quality Score
102209,2026-02-12,Chennai,Quality Review,Night,647,27.23,5,32.9,91.54,60,Yes,0.773,Normal
101291,2026-02-12,Chennai,Validation,Morning,379,27.85,7,18.6,97.49,55,Yes,1.847,Normal
101877,2026-02-12,Chennai,Validation,Evening,447,50.93,7,2.9,93.23,55,Yes,1.566,Normal
104764,2026-02-12,Chennai,Validation,Night,553,67.9,3,8.3,91.06,55,No,0.542,SLA Breach
105216,2026-02-12,Chennai,Validation,Morning,242,57.74,2,0.0,95.31,55,No,0.826,SLA Breach
105694,2026-02-12,Chennai,Validation,Night,240,48.4,6,4.7,94.74,55,Yes,2.5,High Error Rate
103110,2026-02-12,Hyderabad,Data Intake,Night,98,33.91,5,0.9,86.69,35,Yes,5.102,Low Quality Score
100148,2026-02-12,Hyderabad,Enrichment,Night,547,42.88,9,15.8,96.06,65,Yes,1.645,Normal
103911,2026-02-12,Hyderabad,Enrichment,Morning,495,49.84,7,0.0,94.27,65,Yes,1.414,Normal
104964,2026-02-12,Hyderabad,Enrichment,Night,582,61.76,10,1.8,96.9,65,Yes,1.718,Normal
104834,2026-02-12,Hyderabad,Publishing,Morning,106,33.22,4,11.5,88.3,30,No,3.774,Low Quality Score
105305,2026-02-12,Hyderabad,Publishing,Evening,456,13.94,2,17.4,88.97,30,Yes,0.439,Low Quality Score
103435,2026-02-12,Hyderabad,Quality Review,Night,159,75.55,3,28.4,89.04,60,No,1.887,Low Quality Score
105030,2026-02-12,Hyderabad,Quality Review,Morning,148,44.74,6,18.2,97.59,60,Yes,4.054,High Error Rate
100486,2026-02-12,Hyderabad,Validation,Night,190,42.73,3,0.0,98.67,55,Yes,1.579,Normal
103628,2026-02-12,Hyderabad,Validation,Morning,456,57.24,2,2.4,99.26,55,No,0.439,SLA Breach
102293,2026-02-12,Pune,Data Intake,Night,198,56.38,4,12.8,95.37,35,No,2.02,High Error Rate
103210,2026-02-12,Pune,Data Intake,Morning,223,31.86,4,22.1,88.03,35,Yes,1.794,Low Quality Score
103255,2026-02-12,Pune,Data Intake,Night,173,37.34,6,35.1,92.39,35,No,3.468,High Error Rate
100566,2026-02-12,Pune,Enrichment,Night,628,25.26,4,15.8,98.7,65,Yes,0.637,Normal
100637,2026-02-12,Pune,Enrichment,Evening,524,53.79,4,5.0,94.02,65,Yes,0.763,Normal
105387,2026-02-12,Pune,Enrichment,Night,561,41.42,3,13.9,97.12,65,Yes,0.535,Normal
100719,2026-02-12,Pune,Publishing,Evening,192,18.51,7,1.9,96.45,30,Yes,3.646,High Error Rate
101112,2026-02-12,Pune,Validation,Evening,438,47.09,3,25.8,93.21,55,Yes,0.685,Normal
101386,2026-02-12,Pune,Validation,Morning,544,47.56,6,9.1,95.18,55,Yes,1.103,Normal
100854,2026-02-13,Bengaluru,Data Intake,Evening,129,32.31,3,0.0,93.05,35,Yes,2.326,High Error Rate
101308,2026-02-13,Bengaluru,Data Intake,Evening,563,20.59,5,22.0,91.45,35,Yes,0.888,Normal
102182,2026-02-13,Bengaluru,Data Intake,Morning,451,25.54,3,6.7,96.77,35,Yes,0.665,Normal
105374,2026-02-13,Bengaluru,Data Intake,Evening,627,42.1,5,17.2,95.6,35,No,0.797,SLA Breach
100384,2026-02-13,Bengaluru,Publishing,Night,472,22.57,2,4.0,97.5,30,Yes,0.424,Normal
105260,2026-02-13,Bengaluru,Publishing,Night,175,16.46,5,31.3,89.82,30,Yes,2.857,Low Quality Score
101251,2026-02-13,Bengaluru,Quality Review,Morning,482,48.55,3,0.0,91.27,60,Yes,0.622,Normal
101506,2026-02-13,Bengaluru,Quality Review,Night,588,38.18,4,1.9,91.24,60,Yes,0.68,Normal
102641,2026-02-13,Bengaluru,Quality Review,Evening,90,64.7,1,13.6,100.0,60,No,1.111,SLA Breach
105972,2026-02-13,Bengaluru,Quality Review,Morning,270,52.6,3,14.0,91.26,60,Yes,1.111,Normal
100097,2026-02-13,Chennai,Enrichment,Evening,474,55.69,6,0.6,99.45,65,Yes,1.266,Normal
101542,2026-02-13,Chennai,Enrichment,Evening,645,41.93,5,0.0,94.61,65,Yes,0.775,Normal
103745,2026-02-13,Chennai,Publishing,Evening,182,39.85,2,0.0,94.05,30,No,1.099,SLA Breach
100189,2026-02-13,Chennai,Quality Review,Morning,167,38.98,8,0.0,94.45,60,Yes,4.79,High Error Rate
101047,2026-02-13,Chennai,Quality Review,Evening,542,26.89,5,4.4,91.63,60,Yes,0.923,Normal
102667,2026-02-13,Chennai,Quality Review,Morning,472,40.52,8,0.0,94.05,60,Yes,1.695,Normal
103084,2026-02-13,Chennai,Quality Review,Evening,526,36.67,2,0.0,92.11,60,Yes,0.38,Normal
103073,2026-02-13,Chennai,Validation,Morning,88,38.49,5,0.0,97.48,55,Yes,5.682,High Error Rate
103372,2026-02-13,Chennai,Validation,Morning,579,34.15,4,7.1,94.04,55,Yes,0.691,Normal
103968,2026-02-13,Chennai,Validation,Evening,434,87.77,2,0.0,89.99,55,No,0.461,Low Quality Score
105115,2026-02-13,Chennai,Validation,Evening,439,90.6,6,10.7,90.38,55,No,1.367,SLA Breach
101402,2026-02-13,Hyderabad,Data Intake,Morning,171,27.54,3,0.0,92.14,35,Yes,1.754,Normal
104607,2026-02-13,Hyderabad,Data Intake,Night,390,22.18,5,27.7,98.07,35,Yes,1.282,Normal
105103,2026-02-13,Hyderabad,Publishing,Morning,375,23.39,6,8.0,93.86,30,Yes,1.6,Normal
102967,2026-02-13,Hyderabad,Quality Review,Night,212,35.53,3,13.1,93.79,60,Yes,1.415,Normal
100832,2026-02-13,Hyderabad,Validation,Morning,411,64.81,6,32.5,91.78,55,No,1.46,SLA Breach
101265,2026-02-13,Hyderabad,Validation,Night,351,38.86,6,0.0,89.01,55,Yes,1.709,Low Quality Score
103094,2026-02-13,Hyderabad,Validation,Morning,242,31.92,5,26.3,90.71,55,Yes,2.066,High Error Rate
104200,2026-02-13,Hyderabad,Validation,Morning,287,42.87,4,19.4,100.0,55,Yes,1.394,Normal
104240,2026-02-13,Pune,Data Intake,Evening,175,38.25,8,0.0,91.02,35,No,4.571,High Error Rate
100593,2026-02-13,Pune,Publishing,Evening,248,32.45,4,16.3,96.28,30,No,1.613,SLA Breach
105273,2026-02-13,Pune,Publishing,Morning,502,37.47,6,0.0,97.12,30,No,1.195,SLA Breach
103293,2026-02-13,Pune,Validation,Night,645,34.78,5,11.8,99.38,55,Yes,0.775,Normal
105573,2026-02-13,Pune,Validation,Evening,391,39.09,4,0.0,87.24,55,Yes,1.023,Low Quality Score
101124,2026-02-14,Bengaluru,Data Intake,Morning,549,31.65,4,0.0,85.66,35,Yes,0.729,Low Quality Score
101906,2026-02-14,Bengaluru,Data Intake,Morning,615,28.48,4,33.0,94.12,35,Yes,0.65,Normal
103878,2026-02-14,Bengaluru,Data Intake,Morning,471,46.94,5,36.6,91.1,35,No,1.062,SLA Breach
105328,2026-02-14,Bengaluru,Data Intake,Evening,326,52.23,3,3.7,94.38,35,No,0.92,SLA Breach
105655,2026-02-14,Bengaluru,Data Intake,Evening,184,30.72,4,0.0,95.79,35,Yes,2.174,High Error Rate
104048,2026-02-14,Bengaluru,Enrichment,Morning,444,84.24,4,3.9,97.85,65,No,0.901,SLA Breach
100831,2026-02-14,Bengaluru,Quality Review,Night,577,85.6,5,26.6,89.71,60,No,0.867,Low Quality Score
103333,2026-02-14,Bengaluru,Quality Review,Morning,471,34.36,5,25.0,100.0,60,Yes,1.062,Normal
103482,2026-02-14,Bengaluru,Quality Review,Morning,380,81.47,2,5.1,100.0,60,No,0.526,SLA Breach
101811,2026-02-14,Bengaluru,Validation,Night,291,20.87,4,6.5,94.63,55,Yes,1.375,Normal
105127,2026-02-14,Bengaluru,Validation,Morning,126,61.82,10,4.3,98.12,55,No,7.937,High Error Rate
105834,2026-02-14,Bengaluru,Validation,Evening,237,41.65,10,0.0,93.14,55,Yes,4.219,High Error Rate
100315,2026-02-14,Chennai,Data Intake,Morning,331,21.6,3,9.9,94.23,35,Yes,0.906,Normal
100925,2026-02-14,Chennai,Data Intake,Evening,151,39.79,3,22.4,97.95,35,No,1.987,SLA Breach
100119,2026-02-14,Chennai,Enrichment,Evening,110,50.06,8,0.0,98.09,65,Yes,7.273,High Error Rate
105688,2026-02-14,Chennai,Enrichment,Morning,587,61.36,6,0.0,91.73,65,Yes,1.022,Normal
101515,2026-02-14,Chennai,Publishing,Morning,551,41.47,6,7.5,97.84,30,No,1.089,SLA Breach
102751,2026-02-14,Chennai,Publishing,Evening,629,24.95,4,9.2,96.06,30,Yes,0.636,Normal
101563,2026-02-14,Chennai,Quality Review,Morning,98,47.87,5,0.7,94.48,60,Yes,5.102,High Error Rate
101709,2026-02-14,Chennai,Quality Review,Evening,240,130.46,6,11.0,89.9,60,No,2.5,Low Quality Score
103275,2026-02-14,Chennai,Quality Review,Morning,299,34.25,5,26.6,99.15,60,Yes,1.672,Normal
104079,2026-02-14,Chennai,Quality Review,Morning,165,31.57,5,20.6,95.08,60,Yes,3.03,High Error Rate
101892,2026-02-14,Chennai,Validation,Morning,550,31.41,5,4.3,97.39,55,Yes,0.909,Normal
102253,2026-02-14,Chennai,Validation,Night,121,63.92,6,0.0,94.34,55,No,4.959,High Error Rate
102687,2026-02-14,Chennai,Validation,Morning,594,83.18,3,50.4,88.78,55,No,0.505,Low Quality Score
103863,2026-02-14,Chennai,Validation,Night,609,44.45,3,0.0,96.67,55,Yes,0.493,Normal
105918,2026-02-14,Chennai,Validation,Morning,433,43.56,3,16.8,96.52,55,Yes,0.693,Normal
103061,2026-02-14,Hyderabad,Data Intake,Evening,312,46.27,9,2.3,97.22,35,No,2.885,High Error Rate
104499,2026-02-14,Hyderabad,Data Intake,Morning,488,30.41,7,1.4,96.1,35,Yes,1.434,Normal
105878,2026-02-14,Hyderabad,Enrichment,Night,505,74.54,10,11.4,91.0,65,No,1.98,SLA Breach
103278,2026-02-14,Hyderabad,Quality Review,Evening,300,30.52,7,31.6,96.33,60,Yes,2.333,High Error Rate
104812,2026-02-14,Hyderabad,Quality Review,Night,287,34.18,3,13.3,90.75,60,Yes,1.045,Normal
101107,2026-02-14,Hyderabad,Validation,Morning,251,20.3,3,1.0,89.7,55,Yes,1.195,Low Quality Score
101454,2026-02-14,Hyderabad,Validation,Evening,564,42.47,5,0.0,95.05,55,Yes,0.887,Normal
105612,2026-02-14,Hyderabad,Validation,Night,270,50.98,6,1.0,99.36,55,Yes,2.222,High Error Rate
101013,2026-02-14,Pune,Data Intake,Evening,369,44.4,7,1.8,94.3,35,No,1.897,SLA Breach
101904,2026-02-14,Pune,Enrichment,Night,262,44.16,1,0.0,91.02,65,Yes,0.382,Normal
102100,2026-02-14,Pune,Enrichment,Night,611,66.42,4,0.0,93.58,65,No,0.655,SLA Breach
103570,2026-02-14,Pune,Enrichment,Evening,274,68.89,5,0.0,96.28,65,No,1.825,SLA Breach
101786,2026-02-14,Pune,Publishing,Evening,359,18.92,6,10.9,92.36,30,Yes,1.671,Normal
102487,2026-02-14,Pune,Publishing,Evening,463,30.61,3,2.0,90.34,30,No,0.648,SLA Breach
105424,2026-02-14,Pune,Publishing,Morning,279,30.14,8,16.2,96.41,30,No,2.867,High Error Rate
100857,2026-02-14,Pune,Quality Review,Evening,290,36.47,9,0.0,95.02,60,Yes,3.103,High Error Rate
102162,2026-02-14,Pune,Quality Review,Evening,491,42.96,4,19.5,91.01,60,Yes,0.815,Normal
100508,2026-02-14,Pune,Validation,Evening,310,56.48,3,0.0,96.55,55,No,0.968,SLA Breach
100989,2026-02-14,Pune,Validation,Morning,136,60.75,8,10.4,93.92,55,No,5.882,High Error Rate
103386,2026-02-14,Pune,Validation,Morning,457,93.02,2,19.7,93.87,55,No,0.438,SLA Breach
100617,2026-02-15,Bengaluru,Data Intake,Night,205,32.38,6,0.0,88.81,35,Yes,2.927,Low Quality Score
105027,2026-02-15,Bengaluru,Enrichment,Morning,386,48.61,2,0.0,96.72,65,Yes,0.518,Normal
105426,2026-02-15,Bengaluru,Enrichment,Evening,431,97.29,3,19.8,97.94,65,No,0.696,SLA Breach
100568,2026-02-15,Bengaluru,Quality Review,Evening,146,23.12,7,10.3,97.46,60,Yes,4.795,High Error Rate
101818,2026-02-15,Bengaluru,Quality Review,Morning,446,55.94,3,19.9,89.78,60,Yes,0.673,Low Quality Score
104452,2026-02-15,Bengaluru,Quality Review,Morning,214,45.61,5,22.3,94.85,60,Yes,2.336,High Error Rate
105277,2026-02-15,Bengaluru,Quality Review,Morning,619,26.26,1,0.0,97.14,60,Yes,0.162,Normal
100696,2026-02-15,Bengaluru,Validation,Evening,608,45.41,5,33.3,96.51,55,Yes,0.822,Normal
103431,2026-02-15,Bengaluru,Validation,Evening,417,66.11,6,0.0,96.32,55,No,1.439,SLA Breach
105088,2026-02-15,Chennai,Data Intake,Morning,536,19.46,5,10.9,98.33,35,Yes,0.933,Normal
101660,2026-02-15,Chennai,Enrichment,Evening,338,19.85,12,3.7,96.44,65,Yes,3.55,High Error Rate
102237,2026-02-15,Chennai,Enrichment,Evening,582,38.45,4,16.8,94.26,65,Yes,0.687,Normal
103222,2026-02-15,Chennai,Enrichment,Evening,444,50.13,8,1.4,100.0,65,Yes,1.802,Normal
101942,2026-02-15,Chennai,Publishing,Evening,324,20.14,5,8.0,100.0,30,Yes,1.543,Normal
103391,2026-02-15,Chennai,Validation,Morning,399,51.41,6,20.4,91.61,55,Yes,1.504,Normal
101413,2026-02-15,Hyderabad,Data Intake,Evening,139,19.11,1,0.0,95.33,35,Yes,0.719,Normal
102399,2026-02-15,Hyderabad,Data Intake,Night,258,22.1,3,7.5,91.44,35,Yes,1.163,Normal
101852,2026-02-15,Hyderabad,Enrichment,Evening,90,55.86,7,2.7,95.56,65,Yes,7.778,High Error Rate
104748,2026-02-15,Hyderabad,Enrichment,Morning,329,69.06,6,32.3,92.06,65,No,1.824,SLA Breach
105945,2026-02-15,Hyderabad,Quality Review,Night,336,61.86,6,7.5,88.79,60,No,1.786,Low Quality Score
104007,2026-02-15,Pune,Enrichment,Night,84,72.22,2,5.3,97.24,65,No,2.381,High Error Rate
105445,2026-02-15,Pune,Enrichment,Morning,173,69.06,5,25.6,91.87,65,No,2.89,High Error Rate
105748,2026-02-15,Pune,Enrichment,Morning,197,63.4,9,17.0,94.94,65,Yes,4.569,High Error Rate
100483,2026-02-15,Pune,Publishing,Evening,236,20.84,7,0.0,94.17,30,Yes,2.966,High Error Rate
103595,2026-02-15,Pune,Quality Review,Morning,344,68.14,8,15.5,91.7,60,No,2.326,High Error Rate
103703,2026-02-15,Pune,Quality Review,Night,429,29.03,3,7.9,91.82,60,Yes,0.699,Normal
103718,2026-02-15,Pune,Quality Review,Morning,511,35.94,5,0.0,90.15,60,Yes,0.978,Normal
101804,2026-02-16,Bengaluru,Data Intake,Evening,186,37.98,1,5.0,94.16,35,No,0.538,SLA Breach
100933,2026-02-16,Bengaluru,Enrichment,Morning,573,42.06,6,0.0,95.72,65,Yes,1.047,Normal
101307,2026-02-16,Bengaluru,Enrichment,Evening,576,77.69,3,2.5,92.15,65,No,0.521,SLA Breach
102188,2026-02-16,Bengaluru,Enrichment,Night,309,25.9,4,5.0,100.0,65,Yes,1.294,Normal
103319,2026-02-16,Bengaluru,Enrichment,Morning,607,99.7,4,6.2,93.63,65,No,0.659,SLA Breach
105835,2026-02-16,Bengaluru,Publishing,Morning,461,13.75,6,27.3,96.35,30,Yes,1.302,Normal
102421,2026-02-16,Bengaluru,Quality Review,Evening,583,104.12,1,34.6,96.27,60,No,0.172,SLA Breach
104794,2026-02-16,Bengaluru,Quality Review,Morning,329,48.02,3,0.0,91.65,60,Yes,0.912,Normal
102079,2026-02-16,Bengaluru,Validation,Night,455,36.14,5,3.5,93.38,55,Yes,1.099,Normal
104398,2026-02-16,Bengaluru,Validation,Morning,544,19.68,4,0.0,96.37,55,Yes,0.735,Normal
105930,2026-02-16,Bengaluru,Validation,Morning,417,46.79,8,5.1,91.75,55,Yes,1.918,Normal
104344,2026-02-16,Chennai,Data Intake,Night,408,80.39,6,5.1,91.13,35,No,1.471,SLA Breach
104358,2026-02-16,Chennai,Data Intake,Morning,608,24.92,4,11.9,97.49,35,Yes,0.658,Normal
104488,2026-02-16,Chennai,Data Intake,Evening,493,34.1,8,1.9,94.38,35,Yes,1.623,Normal
101562,2026-02-16,Chennai,Enrichment,Morning,375,65.05,3,0.0,92.92,65,No,0.8,SLA Breach
102346,2026-02-16,Chennai,Enrichment,Morning,596,41.21,5,19.5,96.5,65,Yes,0.839,Normal
105941,2026-02-16,Chennai,Enrichment,Night,351,63.62,6,16.9,94.52,65,Yes,1.709,Normal
105637,2026-02-16,Chennai,Quality Review,Morning,616,25.52,4,9.1,98.3,60,Yes,0.649,Normal
105853,2026-02-16,Chennai,Quality Review,Evening,347,71.16,5,21.8,95.52,60,No,1.441,SLA Breach
102126,2026-02-16,Chennai,Validation,Night,297,71.38,3,8.0,90.86,55,No,1.01,SLA Breach
103306,2026-02-16,Chennai,Validation,Evening,465,45.48,6,4.3,95.41,55,Yes,1.29,Normal
104138,2026-02-16,Chennai,Validation,Night,103,43.98,8,0.0,91.83,55,Yes,7.767,High Error Rate
100919,2026-02-16,Hyderabad,Data Intake,Morning,425,13.89,5,7.6,93.79,35,Yes,1.176,Normal
103468,2026-02-16,Hyderabad,Data Intake,Morning,304,14.54,3,6.5,92.59,35,Yes,0.987,Normal
105059,2026-02-16,Hyderabad,Data Intake,Evening,478,17.29,5,0.0,88.92,35,Yes,1.046,Low Quality Score
100346,2026-02-16,Hyderabad,Enrichment,Night,174,65.55,6,9.6,93.96,65,No,3.448,High Error Rate
101425,2026-02-16,Hyderabad,Enrichment,Evening,259,75.9,7,17.5,94.7,65,No,2.703,High Error Rate
103793,2026-02-16,Hyderabad,Enrichment,Evening,234,42.13,10,22.5,99.12,65,Yes,4.274,High Error Rate
105477,2026-02-16,Hyderabad,Enrichment,Night,263,82.26,5,14.7,99.82,65,No,1.901,SLA Breach
105117,2026-02-16,Hyderabad,Publishing,Morning,120,38.51,7,16.1,95.01,30,No,5.833,High Error Rate
104235,2026-02-16,Hyderabad,Quality Review,Night,524,69.5,7,23.0,89.86,60,No,1.336,Low Quality Score
101179,2026-02-16,Hyderabad,Validation,Morning,622,45.6,6,12.3,92.11,55,Yes,0.965,Normal
102608,2026-02-16,Hyderabad,Validation,Morning,353,33.97,8,0.0,94.63,55,Yes,2.266,High Error Rate
104407,2026-02-16,Pune,Data Intake,Night,416,48.63,3,23.5,89.55,35,No,0.721,Low Quality Score
105378,2026-02-16,Pune,Enrichment,Night,607,85.66,7,0.0,92.75,65,No,1.153,SLA Breach
103974,2026-02-16,Pune,Publishing,Morning,113,27.77,6,0.0,94.2,30,Yes,5.31,High Error Rate
104427,2026-02-16,Pune,Publishing,Night,93,24.73,4,0.0,87.73,30,Yes,4.301,Low Quality Score
105451,2026-02-16,Pune,Quality Review,Night,301,29.59,2,13.3,95.71,60,Yes,0.664,Normal
101502,2026-02-17,Bengaluru,Data Intake,Morning,620,23.95,4,0.0,96.82,35,Yes,0.645,Normal
104172,2026-02-17,Bengaluru,Data Intake,Evening,295,36.89,5,8.2,93.77,35,No,1.695,SLA Breach
104405,2026-02-17,Bengaluru,Data Intake,Evening,120,40.7,9,18.8,98.58,35,No,7.5,High Error Rate
104741,2026-02-17,Bengaluru,Enrichment,Morning,97,53.42,1,0.9,96.23,65,Yes,1.031,Normal
100211,2026-02-17,Bengaluru,Publishing,Evening,520,50.43,5,0.7,94.45,30,No,0.962,SLA Breach
105153,2026-02-17,Bengaluru,Publishing,Night,211,28.24,6,0.0,96.2,30,Yes,2.844,High Error Rate
101297,2026-02-17,Bengaluru,Quality Review,Morning,545,27.14,6,0.0,90.57,60,Yes,1.101,Normal
104234,2026-02-17,Bengaluru,Quality Review,Night,579,48.5,8,0.0,98.08,60,Yes,1.382,Normal
103720,2026-02-17,Bengaluru,Validation,Morning,272,56.53,3,30.6,94.03,55,No,1.103,SLA Breach
104387,2026-02-17,Bengaluru,Validation,Evening,555,33.17,2,8.5,95.21,55,Yes,0.36,Normal
105289,2026-02-17,Bengaluru,Validation,Night,166,35.32,4,26.2,91.86,55,Yes,2.41,High Error Rate
102895,2026-02-17,Chennai,Data Intake,Morning,586,49.09,8,10.3,93.15,35,No,1.365,SLA Breach
103216,2026-02-17,Chennai,Data Intake,Night,602,27.04,3,0.0,91.37,35,Yes,0.498,Normal
105947,2026-02-17,Chennai,Data Intake,Evening,167,29.69,6,0.0,91.36,35,Yes,3.593,High Error Rate
101621,2026-02-17,Chennai,Enrichment,Evening,248,60.63,3,0.0,93.2,65,Yes,1.21,Normal
103515,2026-02-17,Chennai,Enrichment,Morning,485,73.61,5,0.0,95.08,65,No,1.031,SLA Breach
104949,2026-02-17,Chennai,Publishing,Morning,177,25.95,9,0.0,97.55,30,Yes,5.085,High Error Rate
104734,2026-02-17,Chennai,Quality Review,Night,629,62.54,5,15.4,97.04,60,No,0.795,SLA Breach
100209,2026-02-17,Chennai,Validation,Morning,569,39.86,5,7.9,89.92,55,Yes,0.879,Low Quality Score
101459,2026-02-17,Chennai,Validation,Night,639,96.04,5,0.0,94.98,55,No,0.782,SLA Breach
104494,2026-02-17,Chennai,Validation,Morning,524,73.3,6,3.9,94.81,55,No,1.145,SLA Breach
102492,2026-02-17,Hyderabad,Data Intake,Evening,225,41.52,4,11.9,93.73,35,No,1.778,SLA Breach
104409,2026-02-17,Hyderabad,Data Intake,Evening,584,37.59,4,0.0,95.79,35,No,0.685,SLA Breach
104650,2026-02-17,Hyderabad,Enrichment,Morning,308,48.09,13,0.0,93.01,65,Yes,4.221,High Error Rate
101882,2026-02-17,Hyderabad,Publishing,Morning,422,23.08,8,1.2,92.66,30,Yes,1.896,Normal
105558,2026-02-17,Hyderabad,Publishing,Evening,191,34.8,5,13.8,92.59,30,No,2.618,High Error Rate
103566,2026-02-17,Hyderabad,Validation,Evening,633,53.44,5,0.0,85.3,55,Yes,0.79,Low Quality Score
100380,2026-02-17,Pune,Data Intake,Night,512,21.58,7,12.0,95.89,35,Yes,1.367,Normal
105116,2026-02-17,Pune,Data Intake,Morning,253,31.46,6,22.0,100.0,35,Yes,2.372,High Error Rate
102418,2026-02-17,Pune,Enrichment,Night,97,35.49,4,3.3,93.49,65,Yes,4.124,High Error Rate
104859,2026-02-17,Pune,Enrichment,Night,456,31.45,8,16.1,94.58,65,Yes,1.754,Normal
103200,2026-02-17,Pune,Quality Review,Morning,448,50.35,3,0.0,92.28,60,Yes,0.67,Normal
104378,2026-02-17,Pune,Quality Review,Night,408,87.54,6,0.0,94.92,60,No,1.471,SLA Breach
102301,2026-02-18,Bengaluru,Enrichment,Morning,512,40.66,3,25.2,95.68,65,Yes,0.586,Normal
103302,2026-02-18,Bengaluru,Enrichment,Morning,539,63.13,4,0.0,96.1,65,Yes,0.742,Normal
100206,2026-02-18,Bengaluru,Publishing,Evening,191,50.28,5,0.0,95.38,30,No,2.618,High Error Rate
103168,2026-02-18,Bengaluru,Publishing,Evening,546,11.12,3,0.0,95.97,30,Yes,0.549,Normal
100744,2026-02-18,Bengaluru,Quality Review,Evening,391,40.57,8,5.6,89.34,60,Yes,2.046,Low Quality Score
100618,2026-02-18,Chennai,Data Intake,Morning,626,34.85,3,12.9,91.13,35,Yes,0.479,Normal
104033,2026-02-18,Chennai,Data Intake,Evening,329,46.74,5,0.0,92.27,35,No,1.52,SLA Breach
101429,2026-02-18,Chennai,Enrichment,Morning,584,38.3,6,3.2,99.38,65,Yes,1.027,Normal
101011,2026-02-18,Chennai,Quality Review,Morning,142,97.42,6,21.7,95.31,60,No,4.225,High Error Rate
102238,2026-02-18,Chennai,Quality Review,Evening,551,54.04,8,0.0,98.52,60,Yes,1.452,Normal
101673,2026-02-18,Chennai,Validation,Morning,377,99.28,3,0.0,92.92,55,No,0.796,SLA Breach
102333,2026-02-18,Chennai,Validation,Morning,226,26.02,5,6.7,91.48,55,Yes,2.212,High Error Rate
104187,2026-02-18,Chennai,Validation,Night,369,21.22,9,14.4,82.93,55,Yes,2.439,Low Quality Score
105676,2026-02-18,Hyderabad,Data Intake,Evening,527,18.71,1,0.0,95.99,35,Yes,0.19,Normal
100292,2026-02-18,Hyderabad,Publishing,Morning,131,45.05,1,0.0,92.5,30,No,0.763,SLA Breach
102430,2026-02-18,Hyderabad,Publishing,Morning,156,13.37,2,2.5,95.59,30,Yes,1.282,Normal
104775,2026-02-18,Hyderabad,Publishing,Morning,380,34.32,4,0.0,97.78,30,No,1.053,SLA Breach
100509,2026-02-18,Hyderabad,Quality Review,Morning,245,51.16,3,1.4,92.47,60,Yes,1.224,Normal
102658,2026-02-18,Hyderabad,Quality Review,Morning,467,42.73,5,23.8,93.18,60,Yes,1.071,Normal
104087,2026-02-18,Hyderabad,Validation,Evening,472,30.27,8,24.2,98.4,55,Yes,1.695,Normal
104509,2026-02-18,Hyderabad,Validation,Morning,395,46.57,5,0.0,96.22,55,Yes,1.266,Normal
101123,2026-02-18,Pune,Data Intake,Morning,631,28.68,5,7.7,93.13,35,Yes,0.792,Normal
103754,2026-02-18,Pune,Data Intake,Morning,146,16.98,3,10.3,95.4,35,Yes,2.055,High Error Rate
104332,2026-02-18,Pune,Enrichment,Evening,235,40.95,4,0.0,93.43,65,Yes,1.702,Normal
101261,2026-02-18,Pune,Publishing,Morning,452,23.35,3,0.0,91.91,30,Yes,0.664,Normal
104124,2026-02-18,Pune,Publishing,Morning,411,21.11,8,0.0,95.42,30,Yes,1.946,Normal
104324,2026-02-18,Pune,Publishing,Morning,301,19.24,7,8.8,95.17,30,Yes,2.326,High Error Rate
101701,2026-02-18,Pune,Quality Review,Morning,571,91.2,2,0.0,96.39,60,No,0.35,SLA Breach
102106,2026-02-19,Bengaluru,Data Intake,Evening,339,23.31,8,0.0,93.28,35,Yes,2.36,High Error Rate
101322,2026-02-19,Bengaluru,Enrichment,Evening,342,48.87,6,9.5,93.69,65,Yes,1.754,Normal
105470,2026-02-19,Bengaluru,Publishing,Morning,310,29.18,2,28.1,95.58,30,Yes,0.645,Normal
103032,2026-02-19,Bengaluru,Quality Review,Night,213,44.95,7,0.0,87.88,60,Yes,3.286,Low Quality Score
103796,2026-02-19,Bengaluru,Quality Review,Night,142,43.86,5,0.0,88.03,60,Yes,3.521,Low Quality Score
104017,2026-02-19,Bengaluru,Quality Review,Evening,427,87.18,9,10.5,87.04,60,No,2.108,Low Quality Score
101491,2026-02-19,Bengaluru,Validation,Evening,153,87.3,4,14.2,95.4,55,No,2.614,High Error Rate
105365,2026-02-19,Bengaluru,Validation,Morning,474,23.69,2,20.9,100.0,55,Yes,0.422,Normal
103100,2026-02-19,Chennai,Enrichment,Morning,415,47.55,5,0.0,94.4,65,Yes,1.205,Normal
103304,2026-02-19,Chennai,Enrichment,Evening,254,88.43,3,2.8,96.78,65,No,1.181,SLA Breach
104918,2026-02-19,Chennai,Enrichment,Night,173,70.72,3,0.0,93.13,65,No,1.734,SLA Breach
100890,2026-02-19,Chennai,Publishing,Morning,498,36.65,2,15.2,92.79,30,No,0.402,SLA Breach
104579,2026-02-19,Chennai,Publishing,Morning,413,66.63,4,23.8,92.78,30,No,0.969,SLA Breach
101640,2026-02-19,Chennai,Validation,Morning,644,26.36,7,7.2,92.93,55,Yes,1.087,Normal
104242,2026-02-19,Chennai,Validation,Night,626,49.09,4,5.1,90.38,55,Yes,0.639,Normal
104316,2026-02-19,Chennai,Validation,Morning,352,40.12,0,0.0,95.52,55,Yes,0.0,Normal
103212,2026-02-19,Hyderabad,Data Intake,Evening,399,37.98,10,0.0,89.4,35,No,2.506,Low Quality Score
105711,2026-02-19,Hyderabad,Data Intake,Night,308,16.99,7,13.1,89.91,35,Yes,2.273,Low Quality Score
100505,2026-02-19,Hyderabad,Enrichment,Morning,398,83.74,10,12.8,95.87,65,No,2.513,High Error Rate
100281,2026-02-19,Hyderabad,Publishing,Night,92,29.92,3,0.0,92.14,30,Yes,3.261,High Error Rate
100216,2026-02-19,Hyderabad,Quality Review,Evening,336,32.42,4,5.3,96.34,60,Yes,1.19,Normal
100779,2026-02-19,Hyderabad,Quality Review,Evening,307,81.32,7,10.1,97.72,60,No,2.28,High Error Rate
103307,2026-02-19,Hyderabad,Validation,Evening,462,60.54,2,9.1,92.73,55,No,0.433,SLA Breach
105230,2026-02-19,Hyderabad,Validation,Morning,571,59.41,2,23.0,95.92,55,No,0.35,SLA Breach
103060,2026-02-19,Pune,Enrichment,Night,195,59.93,4,0.0,95.07,65,Yes,2.051,High Error Rate
104247,2026-02-19,Pune,Publishing,Morning,177,35.68,3,0.0,88.39,30,No,1.695,Low Quality Score
104633,2026-02-19,Pune,Publishing,Evening,645,14.89,6,13.1,90.55,30,Yes,0.93,Normal
105754,2026-02-19,Pune,Publishing,Evening,557,20.93,6,7.5,95.05,30,Yes,1.077,Normal
102577,2026-02-19,Pune,Validation,Night,174,46.89,2,0.0,93.68,55,Yes,1.149,Normal
101999,2026-02-20,Bengaluru,Enrichment,Morning,354,44.85,12,0.0,96.47,65,Yes,3.39,High Error Rate
102109,2026-02-20,Bengaluru,Enrichment,Evening,579,43.41,2,8.5,93.59,65,Yes,0.345,Normal
100111,2026-02-20,Bengaluru,Publishing,Morning,373,18.43,0,7.2,93.85,30,Yes,0.0,Normal
102955,2026-02-20,Bengaluru,Publishing,Night,379,14.18,3,0.0,94.83,30,Yes,0.792,Normal
105964,2026-02-20,Bengaluru,Publishing,Morning,428,23.39,3,3.9,97.81,30,Yes,0.701,Normal
104301,2026-02-20,Bengaluru,Quality Review,Evening,370,36.62,8,5.8,95.35,60,Yes,2.162,High Error Rate
100413,2026-02-20,Bengaluru,Validation,Night,128,48.85,8,20.2,96.78,55,Yes,6.25,High Error Rate
102311,2026-02-20,Bengaluru,Validation,Evening,491,35.47,8,11.7,95.66,55,Yes,1.629,Normal
103083,2026-02-20,Bengaluru,Validation,Night,188,43.41,2,0.0,90.98,55,Yes,1.064,Normal
102849,2026-02-20,Chennai,Data Intake,Morning,126,49.11,6,15.4,91.73,35,No,4.762,High Error Rate
104034,2026-02-20,Chennai,Data Intake,Night,171,65.97,4,0.0,85.54,35,No,2.339,Low Quality Score
105611,2026-02-20,Chennai,Data Intake,Evening,295,23.22,3,15.4,91.44,35,Yes,1.017,Normal
100950,2026-02-20,Chennai,Enrichment,Evening,422,52.46,4,11.5,93.6,65,Yes,0.948,Normal
102045,2026-02-20,Chennai,Enrichment,Evening,158,25.18,5,0.5,92.64,65,Yes,3.165,High Error Rate
105703,2026-02-20,Chennai,Enrichment,Evening,544,56.54,6,0.0,88.64,65,Yes,1.103,Low Quality Score
105839,2026-02-20,Chennai,Enrichment,Night,375,65.1,7,10.7,93.07,65,No,1.867,SLA Breach
101551,2026-02-20,Chennai,Publishing,Morning,620,11.51,2,16.6,97.41,30,Yes,0.323,Normal
100039,2026-02-20,Chennai,Validation,Morning,199,30.22,2,0.0,99.28,55,Yes,1.005,Normal
102111,2026-02-20,Chennai,Validation,Evening,331,71.98,2,18.5,90.82,55,No,0.604,SLA Breach
101028,2026-02-20,Hyderabad,Data Intake,Night,229,51.98,5,28.1,91.5,35,No,2.183,High Error Rate
101192,2026-02-20,Hyderabad,Data Intake,Morning,277,28.66,2,13.1,92.54,35,Yes,0.722,Normal
104146,2026-02-20,Hyderabad,Data Intake,Night,282,36.96,9,31.0,89.84,35,No,3.191,Low Quality Score
100314,2026-02-20,Hyderabad,Enrichment,Night,230,61.46,13,15.2,100.0,65,Yes,5.652,High Error Rate
102000,2026-02-20,Hyderabad,Publishing,Evening,319,25.91,7,8.7,96.71,30,Yes,2.194,High Error Rate
100399,2026-02-20,Hyderabad,Quality Review,Night,643,16.3,2,23.6,96.54,60,Yes,0.311,Normal
105010,2026-02-20,Hyderabad,Quality Review,Morning,618,70.87,3,0.0,93.41,60,No,0.485,SLA Breach
100152,2026-02-20,Hyderabad,Validation,Night,161,50.08,7,14.4,94.89,55,Yes,4.348,High Error Rate
101794,2026-02-20,Pune,Publishing,Evening,202,32.69,1,0.0,91.01,30,No,0.495,SLA Breach
104246,2026-02-20,Pune,Publishing,Morning,135,31.55,4,20.3,95.44,30,No,2.963,High Error Rate
100143,2026-02-20,Pune,Validation,Morning,301,48.92,14,4.9,94.44,55,Yes,4.651,High Error Rate
104024,2026-02-21,Bengaluru,Data Intake,Evening,88,45.56,6,7.4,87.42,35,No,6.818,Low Quality Score
101382,2026-02-21,Bengaluru,Enrichment,Morning,164,67.22,4,6.0,98.3,65,No,2.439,High Error Rate
102706,2026-02-21,Bengaluru,Enrichment,Morning,273,40.6,1,0.0,95.1,65,Yes,0.366,Normal
105287,2026-02-21,Bengaluru,Enrichment,Night,636,62.24,3,12.4,100.0,65,Yes,0.472,Normal
100299,2026-02-21,Bengaluru,Quality Review,Morning,101,59.3,8,1.5,89.95,60,Yes,7.921,Low Quality Score
100573,2026-02-21,Bengaluru,Validation,Morning,159,30.37,3,9.0,96.25,55,Yes,1.887,Normal
101209,2026-02-21,Bengaluru,Validation,Evening,408,33.28,3,42.0,90.64,55,Yes,0.735,Normal
103994,2026-02-21,Bengaluru,Validation,Night,82,12.5,4,0.0,94.87,55,Yes,4.878,High Error Rate
104711,2026-02-21,Bengaluru,Validation,Morning,305,53.53,6,0.0,91.99,55,Yes,1.967,Normal
100814,2026-02-21,Chennai,Data Intake,Night,371,29.78,1,23.9,92.89,35,Yes,0.27,Normal
100534,2026-02-21,Chennai,Enrichment,Night,534,48.65,9,10.6,93.34,65,Yes,1.685,Normal
102219,2026-02-21,Chennai,Enrichment,Morning,590,29.82,8,0.5,98.48,65,Yes,1.356,Normal
102812,2026-02-21,Chennai,Enrichment,Night,512,58.28,10,5.0,94.3,65,Yes,1.953,Normal
105890,2026-02-21,Chennai,Enrichment,Evening,399,73.87,5,1.1,89.44,65,No,1.253,Low Quality Score
105163,2026-02-21,Chennai,Publishing,Morning,438,21.93,4,0.0,98.07,30,Yes,0.913,Normal
105370,2026-02-21,Chennai,Publishing,Morning,455,18.86,2,20.5,95.21,30,Yes,0.44,Normal
102193,2026-02-21,Chennai,Quality Review,Morning,389,54.53,5,0.0,100.0,60,Yes,1.285,Normal
103039,2026-02-21,Chennai,Quality Review,Night,649,60.8,3,0.0,89.77,60,No,0.462,Low Quality Score
103599,2026-02-21,Chennai,Quality Review,Morning,467,134.83,3,0.0,95.8,60,No,0.642,SLA Breach
105541,2026-02-21,Chennai,Quality Review,Morning,540,39.44,7,12.4,95.29,60,Yes,1.296,Normal
101410,2026-02-21,Chennai,Validation,Evening,187,59.17,2,4.0,94.93,55,No,1.07,SLA Breach
102979,2026-02-21,Chennai,Validation,Night,257,61.97,4,10.1,89.67,55,No,1.556,Low Quality Score
104015,2026-02-21,Chennai,Validation,Morning,221,63.2,7,13.9,95.73,55,No,3.167,High Error Rate
102871,2026-02-21,Hyderabad,Data Intake,Night,253,21.1,3,0.0,99.5,35,Yes,1.186,Normal
103420,2026-02-21,Hyderabad,Data Intake,Morning,231,25.86,3,15.2,100.0,35,Yes,1.299,Normal
101917,2026-02-21,Hyderabad,Enrichment,Morning,441,58.11,5,3.7,95.82,65,Yes,1.134,Normal
101993,2026-02-21,Hyderabad,Enrichment,Evening,560,51.96,6,0.0,93.73,65,Yes,1.071,Normal
105110,2026-02-21,Hyderabad,Quality Review,Morning,434,70.69,5,7.3,91.89,60,No,1.152,SLA Breach
105634,2026-02-21,Hyderabad,Quality Review,Night,498,70.73,7,28.7,92.92,60,No,1.406,SLA Breach
104907,2026-02-21,Hyderabad,Validation,Evening,188,53.36,5,0.0,88.8,55,Yes,2.66,Low Quality Score
105936,2026-02-21,Pune,Data Intake,Evening,403,57.26,3,0.0,93.98,35,No,0.744,SLA Breach
104082,2026-02-21,Pune,Enrichment,Morning,206,60.12,5,0.0,95.8,65,Yes,2.427,High Error Rate
102787,2026-02-21,Pune,Quality Review,Morning,538,51.4,6,20.1,96.25,60,Yes,1.115,Normal
100450,2026-02-21,Pune,Validation,Morning,546,55.41,4,0.4,92.36,55,No,0.733,SLA Breach
102110,2026-02-21,Pune,Validation,Evening,606,48.63,5,2.9,98.38,55,Yes,0.825,Normal
103716,2026-02-21,Pune,Validation,Night,553,68.15,8,5.7,97.44,55,No,1.447,SLA Breach
105345,2026-02-21,Pune,Validation,Night,160,52.11,4,45.0,94.81,55,Yes,2.5,High Error Rate
102197,2026-02-22,Bengaluru,Data Intake,Evening,129,16.3,2,12.5,98.89,35,Yes,1.55,Normal
105049,2026-02-22,Bengaluru,Enrichment,Morning,414,45.88,3,0.0,90.62,65,Yes,0.725,Normal
100481,2026-02-22,Bengaluru,Publishing,Morning,126,20.98,5,29.3,95.88,30,Yes,3.968,High Error Rate
101114,2026-02-22,Bengaluru,Publishing,Night,166,16.62,11,0.0,98.28,30,Yes,6.627,High Error Rate
102398,2026-02-22,Bengaluru,Quality Review,Night,132,22.07,7,13.6,90.97,60,Yes,5.303,High Error Rate
103525,2026-02-22,Bengaluru,Quality Review,Evening,324,76.94,4,0.0,100.0,60,No,1.235,SLA Breach
103596,2026-02-22,Bengaluru,Quality Review,Morning,498,45.67,4,4.6,96.94,60,Yes,0.803,Normal
102583,2026-02-22,Bengaluru,Validation,Morning,565,89.85,3,0.0,96.17,55,No,0.531,SLA Breach
104263,2026-02-22,Bengaluru,Validation,Evening,607,45.29,4,0.0,95.8,55,Yes,0.659,Normal
104580,2026-02-22,Bengaluru,Validation,Morning,121,42.3,3,16.1,93.69,55,Yes,2.479,High Error Rate
100495,2026-02-22,Chennai,Data Intake,Morning,560,34.26,5,0.0,93.31,35,Yes,0.893,Normal
104617,2026-02-22,Chennai,Data Intake,Night,390,22.81,6,14.2,96.13,35,Yes,1.538,Normal
100096,2026-02-22,Chennai,Enrichment,Night,387,31.93,6,12.5,94.41,65,Yes,1.55,Normal
105258,2026-02-22,Chennai,Enrichment,Evening,265,49.74,4,0.0,97.52,65,Yes,1.509,Normal
102041,2026-02-22,Chennai,Publishing,Evening,621,23.59,13,9.0,92.97,30,Yes,2.093,High Error Rate
102229,2026-02-22,Chennai,Quality Review,Night,99,114.67,6,11.1,94.95,60,No,6.061,High Error Rate
102419,2026-02-22,Chennai,Quality Review,Morning,110,67.96,6,33.5,94.22,60,No,5.455,High Error Rate
103042,2026-02-22,Chennai,Quality Review,Night,171,35.98,8,6.4,90.0,60,Yes,4.678,High Error Rate
100660,2026-02-22,Chennai,Validation,Evening,296,37.42,3,31.9,91.72,55,Yes,1.014,Normal
101230,2026-02-22,Chennai,Validation,Night,338,53.03,3,0.0,90.37,55,Yes,0.888,Normal
103368,2026-02-22,Chennai,Validation,Evening,159,48.52,1,34.6,98.06,55,Yes,0.629,Normal
105290,2026-02-22,Chennai,Validation,Morning,364,40.0,3,16.8,95.68,55,Yes,0.824,Normal
100855,2026-02-22,Hyderabad,Data Intake,Night,193,66.15,5,2.2,94.48,35,No,2.591,High Error Rate
100841,2026-02-22,Hyderabad,Enrichment,Evening,250,58.79,7,5.4,86.16,65,Yes,2.8,Low Quality Score
102807,2026-02-22,Hyderabad,Enrichment,Morning,624,60.05,13,2.6,91.75,65,Yes,2.083,High Error Rate
104632,2026-02-22,Hyderabad,Publishing,Night,351,20.68,5,21.9,98.29,30,Yes,1.425,Normal
101483,2026-02-22,Hyderabad,Quality Review,Evening,103,84.02,5,0.1,90.93,60,No,4.854,High Error Rate
103699,2026-02-22,Hyderabad,Quality Review,Morning,476,38.18,4,30.6,90.53,60,Yes,0.84,Normal
104688,2026-02-22,Hyderabad,Validation,Evening,492,37.56,5,9.8,93.49,55,Yes,1.016,Normal
100342,2026-02-22,Pune,Data Intake,Night,326,10.35,4,0.0,90.73,35,Yes,1.227,Normal
104115,2026-02-22,Pune,Data Intake,Morning,256,34.73,5,0.0,100.0,35,Yes,1.953,Normal
104507,2026-02-22,Pune,Data Intake,Evening,632,24.3,1,2.3,94.95,35,Yes,0.158,Normal
102541,2026-02-22,Pune,Publishing,Night,556,45.1,5,15.9,94.04,30,No,0.899,SLA Breach
104725,2026-02-22,Pune,Publishing,Morning,352,44.18,6,0.0,87.31,30,No,1.705,Low Quality Score
103294,2026-02-22,Pune,Quality Review,Morning,514,57.8,6,50.0,97.14,60,Yes,1.167,Normal
103389,2026-02-22,Pune,Quality Review,Night,192,40.79,6,10.4,90.18,60,Yes,3.125,High Error Rate
105642,2026-02-22,Pune,Quality Review,Night,416,75.55,2,12.9,88.95,60,No,0.481,Low Quality Score
101561,2026-02-22,Pune,Validation,Evening,398,60.6,11,18.4,95.94,55,No,2.764,High Error Rate
102186,2026-02-22,Pune,Validation,Evening,548,66.99,2,33.5,99.12,55,No,0.365,SLA Breach
103437,2026-02-23,Bengaluru,Data Intake,Morning,472,42.2,7,0.0,100.0,35,No,1.483,SLA Breach
104397,2026-02-23,Bengaluru,Data Intake,Morning,459,32.54,8,20.4,92.4,35,Yes,1.743,Normal
104649,2026-02-23,Bengaluru,Data Intake,Evening,348,24.6,4,0.0,92.83,35,Yes,1.149,Normal
103178,2026-02-23,Bengaluru,Publishing,Evening,285,22.02,8,15.5,99.37,30,Yes,2.807,High Error Rate
104816,2026-02-23,Bengaluru,Publishing,Morning,301,51.55,6,2.5,97.32,30,No,1.993,SLA Breach
101239,2026-02-23,Bengaluru,Validation,Morning,487,17.33,4,19.2,95.18,55,Yes,0.821,Normal
101820,2026-02-23,Bengaluru,Validation,Evening,90,40.19,3,20.2,93.77,55,Yes,3.333,High Error Rate
100419,2026-02-23,Chennai,Enrichment,Morning,474,40.57,6,10.8,96.81,65,Yes,1.266,Normal
103475,2026-02-23,Chennai,Enrichment,Evening,183,57.32,7,28.4,98.08,65,Yes,3.825,High Error Rate
100154,2026-02-23,Chennai,Publishing,Morning,279,73.48,1,0.0,88.79,30,No,0.358,Low Quality Score
101338,2026-02-23,Chennai,Publishing,Night,196,43.23,2,3.6,99.34,30,No,1.02,SLA Breach
104771,2026-02-23,Chennai,Publishing,Morning,512,14.23,6,9.5,100.0,30,Yes,1.172,Normal
100638,2026-02-23,Chennai,Quality Review,Morning,444,61.81,4,3.7,97.91,60,No,0.901,SLA Breach
104939,2026-02-23,Chennai,Quality Review,Morning,370,50.96,2,15.0,90.92,60,Yes,0.541,Normal
100796,2026-02-23,Hyderabad,Enrichment,Evening,258,43.86,5,18.7,89.2,65,Yes,1.938,Low Quality Score
102255,2026-02-23,Hyderabad,Enrichment,Evening,232,48.65,7,0.0,97.98,65,Yes,3.017,High Error Rate
103592,2026-02-23,Hyderabad,Publishing,Morning,100,42.05,6,0.0,92.7,30,No,6.0,High Error Rate
101581,2026-02-23,Hyderabad,Quality Review,Evening,477,22.62,5,1.7,89.17,60,Yes,1.048,Low Quality Score
104205,2026-02-23,Hyderabad,Validation,Morning,360,25.63,5,4.4,95.09,55,Yes,1.389,Normal
100271,2026-02-23,Pune,Data Intake,Morning,546,35.7,11,7.5,97.28,35,No,2.015,High Error Rate
104482,2026-02-23,Pune,Data Intake,Morning,616,44.88,6,0.0,97.75,35,No,0.974,SLA Breach
101451,2026-02-23,Pune,Enrichment,Evening,188,54.89,6,7.5,95.64,65,Yes,3.191,High Error Rate
105100,2026-02-23,Pune,Enrichment,Morning,270,42.65,2,0.0,96.03,65,Yes,0.741,Normal
102273,2026-02-23,Pune,Publishing,Evening,422,29.2,4,25.2,92.89,30,Yes,0.948,Normal
105190,2026-02-23,Pune,Publishing,Evening,545,22.55,1,19.8,95.68,30,Yes,0.183,Normal
101862,2026-02-23,Pune,Quality Review,Night,303,19.13,4,0.0,95.1,60,Yes,1.32,Normal
101907,2026-02-23,Pune,Quality Review,Evening,552,42.42,3,19.6,89.36,60,Yes,0.543,Low Quality Score
101646,2026-02-23,Pune,Validation,Morning,175,54.58,7,7.3,92.19,55,Yes,4.0,High Error Rate
103742,2026-02-24,Bengaluru,Data Intake,Morning,620,41.95,11,23.8,99.88,35,No,1.774,SLA Breach
102833,2026-02-24,Bengaluru,Enrichment,Evening,494,49.58,4,14.9,93.68,65,Yes,0.81,Normal
104590,2026-02-24,Bengaluru,Enrichment,Evening,127,28.65,7,0.0,92.17,65,Yes,5.512,High Error Rate
105221,2026-02-24,Bengaluru,Enrichment,Morning,321,87.3,3,34.3,83.75,65,No,0.935,Low Quality Score
105543,2026-02-24,Bengaluru,Enrichment,Night,237,72.5,6,0.0,91.0,65,No,2.532,High Error Rate
104375,2026-02-24,Bengaluru,Publishing,Evening,458,20.98,3,0.0,93.73,30,Yes,0.655,Normal
101367,2026-02-24,Bengaluru,Quality Review,Morning,243,49.06,8,14.5,89.16,60,Yes,3.292,Low Quality Score
105737,2026-02-24,Bengaluru,Quality Review,Evening,309,33.58,4,10.7,93.44,60,Yes,1.294,Normal
102052,2026-02-24,Bengaluru,Validation,Morning,185,54.27,5,6.9,90.68,55,Yes,2.703,High Error Rate
103844,2026-02-24,Bengaluru,Validation,Morning,206,35.03,11,4.9,93.06,55,Yes,5.34,High Error Rate
105425,2026-02-24,Bengaluru,Validation,Night,383,51.8,3,0.3,90.31,55,Yes,0.783,Normal
102776,2026-02-24,Chennai,Data Intake,Morning,442,17.55,5,7.6,92.38,35,Yes,1.131,Normal
100802,2026-02-24,Chennai,Enrichment,Evening,402,55.93,6,4.7,96.49,65,Yes,1.493,Normal
101403,2026-02-24,Chennai,Enrichment,Night,136,33.77,6,7.7,96.07,65,Yes,4.412,High Error Rate
103205,2026-02-24,Chennai,Enrichment,Morning,527,135.93,5,21.9,95.07,65,No,0.949,SLA Breach
103430,2026-02-24,Chennai,Enrichment,Evening,460,34.09,9,1.4,98.51,65,Yes,1.957,Normal
104177,2026-02-24,Chennai,Enrichment,Evening,392,78.52,2,6.5,97.65,65,No,0.51,SLA Breach
105341,2026-02-24,Chennai,Enrichment,Morning,434,61.63,4,8.8,98.19,65,Yes,0.922,Normal
100307,2026-02-24,Chennai,Publishing,Morning,146,10.88,7,10.1,91.94,30,Yes,4.795,High Error Rate
100442,2026-02-24,Chennai,Publishing,Night,118,32.89,6,11.5,100.0,30,No,5.085,High Error Rate
100190,2026-02-24,Chennai,Quality Review,Morning,406,67.66,5,12.4,91.37,60,No,1.232,SLA Breach
100263,2026-02-24,Chennai,Quality Review,Evening,274,69.17,4,5.8,96.99,60,No,1.46,SLA Breach
100353,2026-02-24,Chennai,Validation,Night,229,55.57,9,33.1,95.81,55,No,3.93,High Error Rate
104699,2026-02-24,Chennai,Validation,Morning,517,46.1,7,0.0,84.7,55,Yes,1.354,Low Quality Score
101476,2026-02-24,Hyderabad,Data Intake,Night,141,25.87,6,0.0,96.19,35,Yes,4.255,High Error Rate
102997,2026-02-24,Hyderabad,Data Intake,Evening,595,31.37,9,13.2,98.47,35,Yes,1.513,Normal
102467,2026-02-24,Hyderabad,Enrichment,Morning,144,95.38,8,18.6,95.51,65,No,5.556,High Error Rate
101316,2026-02-24,Hyderabad,Publishing,Night,341,37.21,5,0.0,91.91,30,No,1.466,SLA Breach
105813,2026-02-24,Hyderabad,Publishing,Morning,512,22.24,5,0.0,94.63,30,Yes,0.977,Normal
101400,2026-02-24,Hyderabad,Quality Review,Evening,320,52.26,4,0.0,93.53,60,Yes,1.25,Normal
101601,2026-02-24,Hyderabad,Quality Review,Morning,85,68.94,4,0.0,100.0,60,No,4.706,High Error Rate
103899,2026-02-24,Hyderabad,Quality Review,Night,98,64.14,5,5.3,91.15,60,No,5.102,High Error Rate
101823,2026-02-24,Hyderabad,Validation,Evening,96,65.18,1,13.4,92.85,55,No,1.042,SLA Breach
104511,2026-02-24,Hyderabad,Validation,Morning,646,76.44,6,4.5,90.61,55,No,0.929,SLA Breach
100928,2026-02-24,Pune,Data Intake,Evening,606,33.89,5,10.2,90.57,35,Yes,0.825,Normal
102708,2026-02-24,Pune,Data Intake,Morning,584,46.1,5,14.4,91.76,35,No,0.856,SLA Breach
102021,2026-02-24,Pune,Enrichment,Evening,384,24.67,5,4.7,100.0,65,Yes,1.302,Normal
104158,2026-02-24,Pune,Enrichment,Night,362,60.32,3,25.8,89.71,65,Yes,0.829,Low Quality Score
105483,2026-02-24,Pune,Publishing,Morning,415,14.34,10,0.0,95.76,30,Yes,2.41,High Error Rate
100971,2026-02-24,Pune,Quality Review,Morning,90,98.02,6,41.3,91.71,60,No,6.667,High Error Rate
103106,2026-02-24,Pune,Quality Review,Evening,374,44.56,4,11.7,93.98,60,Yes,1.07,Normal
105233,2026-02-24,Pune,Quality Review,Evening,423,50.74,3,12.4,95.82,60,Yes,0.709,Normal
105464,2026-02-24,Pune,Validation,Morning,197,80.27,9,0.0,93.48,55,No,4.569,High Error Rate
104789,2026-02-25,Bengaluru,Data Intake,Evening,339,66.34,5,29.5,99.72,35,No,1.475,SLA Breach
100239,2026-02-25,Bengaluru,Quality Review,Evening,518,42.71,4,29.1,95.45,60,Yes,0.772,Normal
103062,2026-02-25,Bengaluru,Quality Review,Morning,518,70.24,4,7.7,99.99,60,No,0.772,SLA Breach
103697,2026-02-25,Bengaluru,Quality Review,Morning,334,70.55,7,1.4,96.05,60,No,2.096,High Error Rate
102127,2026-02-25,Bengaluru,Validation,Morning,357,35.39,4,5.9,93.55,55,Yes,1.12,Normal
102595,2026-02-25,Bengaluru,Validation,Night,492,32.81,6,0.0,98.86,55,Yes,1.22,Normal
102309,2026-02-25,Chennai,Data Intake,Night,450,23.98,6,2.2,87.75,35,Yes,1.333,Low Quality Score
102187,2026-02-25,Chennai,Publishing,Morning,459,28.56,6,21.0,87.3,30,Yes,1.307,Low Quality Score
104290,2026-02-25,Chennai,Publishing,Morning,551,69.12,4,2.0,97.83,30,No,0.726,SLA Breach
105349,2026-02-25,Chennai,Publishing,Morning,97,23.56,2,1.6,96.51,30,Yes,2.062,High Error Rate
101391,2026-02-25,Chennai,Quality Review,Night,328,28.18,6,22.3,92.03,60,Yes,1.829,Normal
101779,2026-02-25,Chennai,Quality Review,Evening,574,48.55,13,4.9,97.11,60,Yes,2.265,High Error Rate
101838,2026-02-25,Chennai,Quality Review,Morning,232,22.46,6,0.0,97.51,60,Yes,2.586,High Error Rate
103584,2026-02-25,Chennai,Quality Review,Night,585,74.82,8,0.0,90.5,60,No,1.368,SLA Breach
105455,2026-02-25,Chennai,Quality Review,Morning,638,63.73,2,23.7,93.78,60,No,0.313,SLA Breach
103549,2026-02-25,Hyderabad,Data Intake,Morning,592,38.43,8,10.1,93.12,35,No,1.351,SLA Breach
105767,2026-02-25,Hyderabad,Data Intake,Night,586,39.22,8,20.0,88.47,35,No,1.365,Low Quality Score
104667,2026-02-25,Hyderabad,Enrichment,Night,426,36.84,9,5.9,86.5,65,Yes,2.113,Low Quality Score
105805,2026-02-25,Hyderabad,Enrichment,Morning,153,62.05,10,14.1,95.17,65,Yes,6.536,High Error Rate
104447,2026-02-25,Hyderabad,Publishing,Morning,324,21.2,4,39.7,92.98,30,Yes,1.235,Normal
104746,2026-02-25,Hyderabad,Publishing,Evening,338,53.3,3,20.8,92.52,30,No,0.888,SLA Breach
100136,2026-02-25,Hyderabad,Quality Review,Evening,172,73.97,6,0.0,91.77,60,No,3.488,High Error Rate
101155,2026-02-25,Hyderabad,Validation,Evening,231,62.79,0,0.0,88.42,55,No,0.0,Low Quality Score
101186,2026-02-25,Pune,Data Intake,Morning,96,29.44,9,10.4,92.79,35,Yes,9.375,High Error Rate
103373,2026-02-25,Pune,Data Intake,Night,344,60.77,5,5.0,98.89,35,No,1.453,SLA Breach
104039,2026-02-25,Pune,Data Intake,Evening,160,53.71,4,11.1,91.26,35,No,2.5,High Error Rate
102355,2026-02-25,Pune,Enrichment,Evening,153,26.14,9,0.0,95.58,65,Yes,5.882,High Error Rate
104495,2026-02-25,Pune,Enrichment,Night,119,101.3,7,41.1,93.75,65,No,5.882,High Error Rate
100952,2026-02-25,Pune,Publishing,Morning,161,28.73,4,14.3,89.86,30,Yes,2.484,Low Quality Score
102089,2026-02-25,Pune,Publishing,Evening,383,14.0,5,19.9,96.12,30,Yes,1.305,Normal
103342,2026-02-25,Pune,Publishing,Evening,268,23.71,4,1.5,92.97,30,Yes,1.493,Normal
101105,2026-02-25,Pune,Quality Review,Evening,217,33.16,1,8.7,96.44,60,Yes,0.461,Normal
104588,2026-02-25,Pune,Quality Review,Morning,277,74.88,4,39.1,96.53,60,No,1.444,SLA Breach
100226,2026-02-25,Pune,Unknown,Morning,276,18.99,3,10.1,92.46,30,Yes,1.087,Normal
101034,2026-02-26,Bengaluru,Data Intake,Morning,518,49.5,7,0.0,96.65,35,No,1.351,SLA Breach
103098,2026-02-26,Bengaluru,Data Intake,Evening,578,32.33,5,30.2,88.74,35,Yes,0.865,Low Quality Score
100526,2026-02-26,Bengaluru,Enrichment,Evening,135,56.29,3,23.1,93.32,65,Yes,2.222,High Error Rate
103942,2026-02-26,Bengaluru,Enrichment,Morning,96,59.88,3,7.5,96.89,65,Yes,3.125,High Error Rate
104603,2026-02-26,Bengaluru,Enrichment,Night,386,54.47,3,6.8,94.26,65,Yes,0.777,Normal
100749,2026-02-26,Bengaluru,Publishing,Evening,600,32.3,9,10.0,90.97,30,No,1.5,SLA Breach
102434,2026-02-26,Bengaluru,Publishing,Morning,524,21.33,7,2.9,100.0,30,Yes,1.336,Normal
100088,2026-02-26,Bengaluru,Quality Review,Evening,176,39.02,7,8.3,92.96,60,Yes,3.977,High Error Rate
101462,2026-02-26,Bengaluru,Quality Review,Night,389,47.06,5,8.0,92.2,60,Yes,1.285,Normal
103164,2026-02-26,Bengaluru,Quality Review,Evening,576,38.3,5,0.0,88.22,60,Yes,0.868,Low Quality Score
103503,2026-02-26,Bengaluru,Validation,Evening,245,67.8,8,28.7,88.57,55,No,3.265,Low Quality Score
105705,2026-02-26,Bengaluru,Validation,Evening,374,42.38,6,15.0,97.38,55,Yes,1.604,Normal
105765,2026-02-26,Bengaluru,Validation,Morning,259,58.91,4,0.0,88.98,55,No,1.544,Low Quality Score
101014,2026-02-26,Chennai,Data Intake,Morning,281,27.04,9,22.7,93.77,35,Yes,3.203,High Error Rate
105415,2026-02-26,Chennai,Data Intake,Night,555,53.98,7,0.0,100.0,35,No,1.261,SLA Breach
104665,2026-02-26,Chennai,Quality Review,Morning,312,58.93,4,3.3,89.8,60,Yes,1.282,Low Quality Score
100333,2026-02-26,Chennai,Validation,Morning,451,48.16,5,3.7,88.32,55,Yes,1.109,Low Quality Score
104274,2026-02-26,Chennai,Validation,Morning,490,43.72,2,8.0,100.0,55,Yes,0.408,Normal
105227,2026-02-26,Hyderabad,Data Intake,Evening,587,30.81,4,0.0,91.56,35,Yes,0.681,Normal
100447,2026-02-26,Hyderabad,Enrichment,Evening,233,52.64,5,0.0,94.84,65,Yes,2.146,High Error Rate
104425,2026-02-26,Hyderabad,Enrichment,Evening,572,22.8,6,2.8,97.04,65,Yes,1.049,Normal
101821,2026-02-26,Hyderabad,Publishing,Morning,100,27.99,6,0.0,95.87,30,Yes,6.0,High Error Rate
103987,2026-02-26,Hyderabad,Publishing,Morning,464,33.51,3,23.6,92.35,30,No,0.647,SLA Breach
105986,2026-02-26,Hyderabad,Publishing,Evening,553,22.6,12,20.7,89.86,30,Yes,2.17,Low Quality Score
100400,2026-02-26,Hyderabad,Quality Review,Morning,440,28.69,5,12.7,97.88,60,Yes,1.136,Normal
105569,2026-02-26,Hyderabad,Validation,Evening,191,26.89,6,17.3,98.51,55,Yes,3.141,High Error Rate
102781,2026-02-26,Pune,Data Intake,Morning,366,23.22,3,2.8,98.6,35,Yes,0.82,Normal
104440,2026-02-26,Pune,Data Intake,Morning,254,20.04,4,44.5,92.13,35,Yes,1.575,Normal
102808,2026-02-26,Pune,Enrichment,Night,441,49.88,9,16.1,94.43,65,Yes,2.041,High Error Rate
100748,2026-02-26,Pune,Publishing,Evening,181,29.41,5,21.6,88.26,30,Yes,2.762,Low Quality Score
101060,2026-02-26,Pune,Publishing,Evening,413,18.43,3,6.1,84.21,30,Yes,0.726,Low Quality Score
104569,2026-02-26,Pune,Validation,Night,241,30.8,6,0.0,92.03,55,Yes,2.49,High Error Rate
100525,2026-02-27,Bengaluru,Data Intake,Evening,323,21.13,6,5.2,89.51,35,Yes,1.858,Low Quality Score
100554,2026-02-27,Bengaluru,Data Intake,Evening,129,39.8,3,9.3,93.65,35,No,2.326,High Error Rate
100799,2026-02-27,Bengaluru,Data Intake,Morning,452,30.66,6,3.1,96.24,35,Yes,1.327,Normal
102167,2026-02-27,Bengaluru,Data Intake,Morning,546,35.13,4,0.8,93.92,35,No,0.733,SLA Breach
100403,2026-02-27,Bengaluru,Enrichment,Morning,173,49.92,6,20.3,92.11,65,Yes,3.468,High Error Rate
101756,2026-02-27,Bengaluru,Enrichment,Evening,167,78.51,3,0.0,91.2,65,No,1.796,SLA Breach
104476,2026-02-27,Bengaluru,Enrichment,Night,492,61.76,5,43.9,94.89,65,Yes,1.016,Normal
100988,2026-02-27,Bengaluru,Quality Review,Evening,600,46.3,5,0.0,96.18,60,Yes,0.833,Normal
102484,2026-02-27,Bengaluru,Quality Review,Evening,431,23.92,3,2.0,91.59,60,Yes,0.696,Normal
101435,2026-02-27,Bengaluru,Validation,Morning,204,65.16,9,8.8,98.93,55,No,4.412,High Error Rate
105098,2026-02-27,Bengaluru,Validation,Morning,424,28.63,3,0.0,92.62,55,Yes,0.708,Normal
102016,2026-02-27,Chennai,Enrichment,Morning,616,76.96,4,14.6,91.92,65,No,0.649,SLA Breach
105081,2026-02-27,Chennai,Enrichment,Evening,320,50.28,8,24.8,95.5,65,Yes,2.5,High Error Rate
105321,2026-02-27,Chennai,Enrichment,Morning,295,107.22,2,0.0,90.22,65,No,0.678,SLA Breach
101439,2026-02-27,Chennai,Publishing,Evening,326,21.43,6,0.0,95.05,30,Yes,1.84,Normal
100968,2026-02-27,Chennai,Quality Review,Morning,225,44.12,2,5.9,98.53,60,Yes,0.889,Normal
101576,2026-02-27,Chennai,Quality Review,Morning,340,57.88,1,19.2,92.87,60,Yes,0.294,Normal
104377,2026-02-27,Chennai,Validation,Morning,392,47.61,5,39.6,93.04,55,Yes,1.276,Normal
101177,2026-02-27,Hyderabad,Data Intake,Evening,286,32.12,6,27.9,86.02,35,Yes,2.098,Low Quality Score
101527,2026-02-27,Hyderabad,Publishing,Morning,195,19.39,4,23.4,91.21,30,Yes,2.051,High Error Rate
105528,2026-02-27,Hyderabad,Publishing,Morning,233,29.16,4,0.0,100.0,30,Yes,1.717,Normal
100368,2026-02-27,Hyderabad,Quality Review,Evening,137,68.21,2,18.6,91.23,60,No,1.46,SLA Breach
101586,2026-02-27,Hyderabad,Quality Review,Morning,515,39.4,4,4.0,92.74,60,Yes,0.777,Normal
101604,2026-02-27,Hyderabad,Quality Review,Morning,496,51.25,7,1.4,92.61,60,Yes,1.411,Normal
103447,2026-02-27,Hyderabad,Quality Review,Evening,132,57.49,3,0.0,98.28,60,Yes,2.273,High Error Rate
100309,2026-02-27,Hyderabad,Validation,Evening,381,29.42,5,9.7,96.22,55,Yes,1.312,Normal
104001,2026-02-27,Hyderabad,Validation,Morning,617,43.75,8,11.4,92.41,55,Yes,1.297,Normal
105031,2026-02-27,Hyderabad,Validation,Morning,455,33.2,3,28.8,99.12,55,Yes,0.659,Normal
100338,2026-02-27,Pune,Enrichment,Morning,508,59.09,6,19.0,94.61,65,Yes,1.181,Normal
105726,2026-02-27,Pune,Quality Review,Evening,568,56.69,7,2.1,94.11,60,Yes,1.232,Normal
102272,2026-02-27,Pune,Validation,Evening,138,35.52,4,20.9,95.22,55,Yes,2.899,High Error Rate
102867,2026-02-27,Pune,Validation,Morning,362,53.07,3,33.5,94.73,55,Yes,0.829,Normal
103790,2026-02-27,Pune,Validation,Night,336,68.19,4,0.0,94.97,55,No,1.19,SLA Breach
100066,2026-02-28,Bengaluru,Enrichment,Evening,118,50.6,8,0.0,89.34,65,Yes,6.78,Low Quality Score
101504,2026-02-28,Bengaluru,Enrichment,Evening,362,43.82,8,1.5,93.43,65,Yes,2.21,High Error Rate
102921,2026-02-28,Bengaluru,Quality Review,Morning,641,36.54,2,7.0,92.43,60,Yes,0.312,Normal
105917,2026-02-28,Bengaluru,Quality Review,Night,409,25.84,5,14.1,93.33,60,Yes,1.222,Normal
102083,2026-02-28,Bengaluru,Validation,Evening,211,41.77,1,12.7,89.6,55,Yes,0.474,Low Quality Score
102292,2026-02-28,Bengaluru,Validation,Morning,223,26.74,6,0.0,95.19,55,Yes,2.691,High Error Rate
101249,2026-02-28,Chennai,Data Intake,Morning,391,24.38,7,18.2,96.37,35,Yes,1.79,Normal
102152,2026-02-28,Chennai,Data Intake,Morning,348,27.3,6,0.0,93.47,35,Yes,1.724,Normal
104110,2026-02-28,Chennai,Data Intake,Morning,311,43.8,4,6.2,91.66,35,No,1.286,SLA Breach
100167,2026-02-28,Chennai,Enrichment,Morning,281,23.84,6,18.3,91.66,65,Yes,2.135,High Error Rate
100595,2026-02-28,Chennai,Enrichment,Evening,578,52.71,6,18.7,94.54,65,Yes,1.038,Normal
100607,2026-02-28,Chennai,Enrichment,Morning,433,33.75,5,0.0,93.0,65,Yes,1.155,Normal
101388,2026-02-28,Chennai,Enrichment,Morning,569,60.94,0,29.3,98.2,65,Yes,0.0,Normal
101404,2026-02-28,Chennai,Enrichment,Evening,513,44.47,6,39.7,96.16,65,Yes,1.17,Normal
102552,2026-02-28,Chennai,Publishing,Morning,602,49.16,3,0.0,90.73,30,No,0.498,SLA Breach
104868,2026-02-28,Chennai,Publishing,Morning,388,48.57,7,21.5,100.0,30,No,1.804,SLA Breach
105894,2026-02-28,Chennai,Publishing,Night,197,66.19,3,0.0,95.84,30,No,1.523,SLA Breach
100321,2026-02-28,Chennai,Quality Review,Evening,137,65.71,4,0.0,92.91,60,No,2.92,High Error Rate
103735,2026-02-28,Chennai,Quality Review,Night,365,70.03,5,22.6,96.57,60,No,1.37,SLA Breach
103756,2026-02-28,Chennai,Quality Review,Evening,170,27.14,9,0.0,92.47,60,Yes,5.294,High Error Rate
103859,2026-02-28,Chennai,Quality Review,Morning,558,33.4,5,12.6,93.35,60,Yes,0.896,Normal
102588,2026-02-28,Chennai,Validation,Morning,288,31.49,6,4.4,93.96,55,Yes,2.083,High Error Rate
104410,2026-02-28,Chennai,Validation,Night,562,39.32,4,17.8,92.16,55,Yes,0.712,Normal
105708,2026-02-28,Chennai,Validation,Morning,327,68.26,3,16.9,94.51,55,No,0.917,SLA Breach
104075,2026-02-28,Hyderabad,Data Intake,Morning,110,71.58,3,0.0,96.68,35,No,2.727,High Error Rate
104612,2026-02-28,Hyderabad,Enrichment,Night,521,40.17,5,29.9,96.24,65,Yes,0.96,Normal
105874,2026-02-28,Hyderabad,Enrichment,Morning,474,58.16,11,33.6,96.38,65,Yes,2.321,High Error Rate
105131,2026-02-28,Hyderabad,Publishing,Morning,300,31.15,6,0.0,93.5,30,No,2.0,SLA Breach
101950,2026-02-28,Hyderabad,Validation,Morning,545,56.45,2,16.6,91.89,55,No,0.367,SLA Breach
105109,2026-02-28,Hyderabad,Validation,Evening,90,20.85,5,12.6,93.37,55,Yes,5.556,High Error Rate
104051,2026-02-28,Pune,Data Intake,Evening,420,23.5,8,0.0,95.23,35,Yes,1.905,Normal
104681,2026-02-28,Pune,Data Intake,Morning,486,40.63,6,0.0,94.09,35,No,1.235,SLA Breach
105934,2026-02-28,Pune,Data Intake,Night,355,60.75,3,0.0,97.24,35,No,0.845,SLA Breach
102283,2026-02-28,Pune,Enrichment,Night,577,39.44,4,18.6,94.0,65,Yes,0.693,Normal
102130,2026-02-28,Pune,Quality Review,Morning,505,51.36,2,24.0,97.07,60,Yes,0.396,Normal
102526,2026-02-28,Pune,Quality Review,Morning,512,72.06,9,14.4,95.98,60,No,1.758,SLA Breach
102928,2026-02-28,Pune,Quality Review,Night,574,41.96,6,13.2,91.6,60,Yes,1.045,Normal
102271,2026-02-28,Pune,Validation,Morning,403,35.52,10,11.7,93.27,55,Yes,2.481,High Error Rate
102307,2026-02-28,Pune,Validation,Morning,260,44.82,5,3.8,97.56,55,Yes,1.923,Normal
104653,2026-03-01,Bengaluru,Data Intake,Evening,431,26.57,8,20.1,98.02,35,Yes,1.856,Normal
101145,2026-03-01,Bengaluru,Enrichment,Evening,148,85.86,3,11.3,100.0,65,No,2.027,High Error Rate
104257,2026-03-01,Bengaluru,Enrichment,Morning,506,58.11,9,0.0,89.4,65,Yes,1.779,Low Quality Score
101915,2026-03-01,Bengaluru,Publishing,Evening,382,20.29,4,29.1,94.48,30,Yes,1.047,Normal
104338,2026-03-01,Bengaluru,Publishing,Night,80,15.64,1,9.5,95.03,30,Yes,1.25,Normal
100077,2026-03-01,Bengaluru,Quality Review,Evening,271,32.62,7,3.1,93.38,60,Yes,2.583,High Error Rate
100254,2026-03-01,Bengaluru,Quality Review,Morning,508,41.86,10,18.0,91.09,60,Yes,1.969,Normal
104151,2026-03-01,Bengaluru,Quality Review,Morning,269,42.61,6,29.6,97.58,60,Yes,2.23,High Error Rate
104497,2026-03-01,Bengaluru,Validation,Morning,224,79.17,6,1.0,93.66,55,No,2.679,High Error Rate
102576,2026-03-01,Chennai,Data Intake,Evening,108,23.35,6,28.4,95.95,35,Yes,5.556,High Error Rate
104256,2026-03-01,Chennai,Data Intake,Morning,316,36.29,3,3.6,94.48,35,No,0.949,SLA Breach
102537,2026-03-01,Chennai,Enrichment,Evening,501,24.64,9,0.0,94.7,65,Yes,1.796,Normal
105831,2026-03-01,Chennai,Enrichment,Morning,463,43.64,7,1.6,89.63,65,Yes,1.512,Low Quality Score
101095,2026-03-01,Chennai,Publishing,Night,427,21.46,8,10.8,92.69,30,Yes,1.874,Normal
102650,2026-03-01,Chennai,Publishing,Night,436,25.39,3,0.0,95.56,30,Yes,0.688,Normal
103623,2026-03-01,Chennai,Quality Review,Morning,458,38.0,2,19.0,100.0,60,Yes,0.437,Normal
101514,2026-03-01,Chennai,Validation,Evening,592,41.25,4,0.0,91.65,55,Yes,0.676,Normal
102069,2026-03-01,Chennai,Validation,Morning,590,50.45,3,17.3,91.39,55,Yes,0.508,Normal
105077,2026-03-01,Chennai,Validation,Morning,587,58.88,6,0.0,93.83,55,No,1.022,SLA Breach
105614,2026-03-01,Chennai,Validation,Morning,535,55.38,7,0.0,98.71,55,No,1.308,SLA Breach
105757,2026-03-01,Chennai,Validation,Night,504,53.82,6,24.2,88.54,55,Yes,1.19,Low Quality Score
105771,2026-03-01,Chennai,Validation,Morning,628,20.68,2,14.9,95.53,55,Yes,0.318,Normal
102151,2026-03-01,Hyderabad,Data Intake,Night,621,49.66,3,0.0,95.75,35,No,0.483,SLA Breach
100646,2026-03-01,Hyderabad,Enrichment,Morning,447,101.78,6,0.0,94.95,65,No,1.342,SLA Breach
103043,2026-03-01,Hyderabad,Publishing,Evening,644,43.81,8,11.8,99.69,30,No,1.242,SLA Breach
104041,2026-03-01,Hyderabad,Publishing,Evening,428,23.21,6,7.7,92.84,30,Yes,1.402,Normal
104818,2026-03-01,Hyderabad,Publishing,Morning,431,13.07,9,0.0,94.16,30,Yes,2.088,High Error Rate
104951,2026-03-01,Hyderabad,Publishing,Night,555,40.41,6,0.0,94.09,30,No,1.081,SLA Breach
102347,2026-03-01,Hyderabad,Quality Review,Evening,351,49.01,4,0.0,96.23,60,Yes,1.14,Normal
102092,2026-03-01,Hyderabad,Validation,Night,125,80.07,9,1.7,97.46,55,No,7.2,High Error Rate
103574,2026-03-01,Hyderabad,Validation,Evening,291,20.7,6,17.6,92.8,55,Yes,2.062,High Error Rate
103772,2026-03-01,Hyderabad,Validation,Evening,377,54.06,2,0.0,93.14,55,Yes,0.531,Normal
105768,2026-03-01,Pune,Enrichment,Morning,328,19.71,3,14.8,100.0,65,Yes,0.915,Normal
100632,2026-03-01,Pune,Publishing,Evening,491,45.04,0,0.0,88.61,30,No,0.0,Low Quality Score
103607,2026-03-01,Pune,Quality Review,Night,609,63.96,3,0.0,91.9,60,No,0.493,SLA Breach
104441,2026-03-01,Pune,Quality Review,Morning,418,29.06,4,32.6,91.18,60,Yes,0.957,Normal
104744,2026-03-01,Pune,Quality Review,Morning,359,84.95,7,2.5,95.76,60,No,1.95,SLA Breach
104925,2026-03-01,Pune,Quality Review,Morning,595,49.74,8,0.4,92.02,60,Yes,1.345,Normal
103694,2026-03-01,Pune,Validation,Evening,505,51.66,5,13.7,94.95,55,Yes,0.99,Normal
100294,2026-03-02,Bengaluru,Data Intake,Evening,127,35.27,5,1.5,93.39,35,No,3.937,High Error Rate
102204,2026-03-02,Bengaluru,Data Intake,Morning,124,33.78,4,1.4,87.85,35,Yes,3.226,Low Quality Score
103770,2026-03-02,Bengaluru,Data Intake,Night,124,48.54,10,19.4,96.92,35,No,8.065,High Error Rate
104241,2026-03-02,Bengaluru,Data Intake,Evening,105,29.28,2,14.2,100.0,35,Yes,1.905,Normal
103522,2026-03-02,Bengaluru,Enrichment,Morning,507,53.05,4,9.9,90.2,65,Yes,0.789,Normal
105174,2026-03-02,Bengaluru,Enrichment,Morning,192,34.14,8,29.8,89.4,65,Yes,4.167,Low Quality Score
101777,2026-03-02,Bengaluru,Publishing,Evening,391,38.62,7,18.6,99.87,30,No,1.79,SLA Breach
104049,2026-03-02,Bengaluru,Publishing,Morning,533,32.69,7,3.4,95.57,30,No,1.313,SLA Breach
105601,2026-03-02,Bengaluru,Quality Review,Evening,230,39.41,6,0.0,89.66,60,Yes,2.609,Low Quality Score
102160,2026-03-02,Bengaluru,Validation,Evening,544,55.68,5,0.0,82.64,55,No,0.919,Low Quality Score
105468,2026-03-02,Bengaluru,Validation,Morning,344,33.88,5,19.4,94.44,55,Yes,1.453,Normal
105912,2026-03-02,Bengaluru,Validation,Evening,257,61.13,1,21.6,93.32,55,No,0.389,SLA Breach
100169,2026-03-02,Chennai,Data Intake,Morning,254,37.96,3,0.0,95.93,35,No,1.181,SLA Breach
101494,2026-03-02,Chennai,Enrichment,Evening,376,49.28,2,7.4,97.63,65,Yes,0.532,Normal
104389,2026-03-02,Chennai,Enrichment,Morning,573,34.45,7,6.7,96.97,65,Yes,1.222,Normal
104777,2026-03-02,Chennai,Enrichment,Morning,466,82.84,6,0.0,95.39,65,No,1.288,SLA Breach
102637,2026-03-02,Chennai,Quality Review,Morning,571,47.1,4,17.1,97.89,60,Yes,0.701,Normal
104413,2026-03-02,Chennai,Quality Review,Evening,311,58.27,10,0.0,86.86,60,Yes,3.215,Low Quality Score
104100,2026-03-02,Chennai,Validation,Morning,293,36.83,1,0.0,91.15,55,Yes,0.341,Normal
103395,2026-03-02,Hyderabad,Data Intake,Morning,631,54.62,5,0.0,97.39,35,No,0.792,SLA Breach
101511,2026-03-02,Hyderabad,Enrichment,Morning,553,87.82,7,16.6,94.29,65,No,1.266,SLA Breach
103659,2026-03-02,Hyderabad,Publishing,Morning,552,17.92,3,0.0,93.27,30,Yes,0.543,Normal
100487,2026-03-02,Hyderabad,Quality Review,Morning,313,45.32,6,16.1,94.43,60,Yes,1.917,Normal
100738,2026-03-02,Hyderabad,Validation,Night,322,55.34,6,0.0,99.22,55,No,1.863,SLA Breach
101905,2026-03-02,Hyderabad,Validation,Morning,495,25.08,6,0.0,97.09,55,Yes,1.212,Normal
100371,2026-03-02,Pune,Publishing,Night,262,12.6,4,1.7,92.13,30,Yes,1.527,Normal
103434,2026-03-02,Pune,Publishing,Evening,451,15.46,4,4.2,96.47,30,Yes,0.887,Normal
101030,2026-03-02,Pune,Quality Review,Evening,399,78.05,1,3.8,94.99,60,No,0.251,SLA Breach
105433,2026-03-02,Pune,Quality Review,Evening,311,68.83,2,16.4,100.0,60,No,0.643,SLA Breach
101069,2026-03-02,Pune,Validation,Morning,628,89.08,7,21.3,92.88,55,No,1.115,SLA Breach
103996,2026-03-02,Pune,Validation,Night,562,27.36,3,9.3,93.45,55,Yes,0.534,Normal
102367,2026-03-03,Bengaluru,Data Intake,Night,96,27.04,7,33.2,94.6,35,Yes,7.292,High Error Rate
102491,2026-03-03,Bengaluru,Data Intake,Evening,614,20.89,4,0.0,91.26,35,Yes,0.651,Normal
104462,2026-03-03,Bengaluru,Enrichment,Night,178,111.25,5,12.4,94.23,65,No,2.809,High Error Rate
105293,2026-03-03,Bengaluru,Enrichment,Morning,232,38.7,8,5.7,96.89,65,Yes,3.448,High Error Rate
101142,2026-03-03,Bengaluru,Publishing,Morning,404,81.22,4,17.5,100.0,30,No,0.99,SLA Breach
101176,2026-03-03,Bengaluru,Quality Review,Evening,121,65.12,4,6.5,88.21,60,No,3.306,Low Quality Score
103213,2026-03-03,Bengaluru,Quality Review,Morning,401,60.44,1,15.0,93.87,60,No,0.249,SLA Breach
104255,2026-03-03,Bengaluru,Quality Review,Morning,620,92.77,3,2.2,94.3,60,No,0.484,SLA Breach
102074,2026-03-03,Bengaluru,Validation,Morning,417,12.11,4,1.6,91.75,55,Yes,0.959,Normal
103085,2026-03-03,Chennai,Publishing,Night,341,30.08,3,32.1,88.51,30,No,0.88,Low Quality Score
103597,2026-03-03,Chennai,Publishing,Morning,109,22.87,5,5.8,98.57,30,Yes,4.587,High Error Rate
103827,2026-03-03,Chennai,Publishing,Evening,244,23.77,5,0.0,87.64,30,Yes,2.049,Low Quality Score
105933,2026-03-03,Chennai,Publishing,Night,324,17.28,7,0.0,90.9,30,Yes,2.16,High Error Rate
101160,2026-03-03,Chennai,Quality Review,Night,128,73.67,6,0.0,82.67,60,No,4.688,Low Quality Score
100199,2026-03-03,Chennai,Validation,Morning,586,40.02,3,13.4,92.8,55,Yes,0.512,Normal
101978,2026-03-03,Chennai,Validation,Evening,381,24.17,6,12.1,96.38,55,Yes,1.575,Normal
103487,2026-03-03,Chennai,Validation,Night,256,57.84,5,6.2,89.01,55,No,1.953,Low Quality Score
105859,2026-03-03,Chennai,Validation,Morning,312,26.05,8,20.2,95.6,55,Yes,2.564,High Error Rate
101771,2026-03-03,Hyderabad,Data Intake,Night,603,48.48,5,0.0,94.82,35,No,0.829,SLA Breach
101900,2026-03-03,Hyderabad,Data Intake,Evening,531,53.46,5,9.6,91.2,35,No,0.942,SLA Breach
102461,2026-03-03,Hyderabad,Enrichment,Night,541,53.06,9,35.1,92.34,65,Yes,1.664,Normal
103729,2026-03-03,Hyderabad,Enrichment,Evening,453,61.27,11,0.0,89.92,65,Yes,2.428,Low Quality Score
104218,2026-03-03,Hyderabad,Enrichment,Evening,126,46.77,9,0.0,97.21,65,Yes,7.143,High Error Rate
102327,2026-03-03,Hyderabad,Quality Review,Night,272,91.97,5,24.2,93.02,60,No,1.838,SLA Breach
103986,2026-03-03,Hyderabad,Quality Review,Evening,534,31.31,8,32.7,95.03,60,Yes,1.498,Normal
104889,2026-03-03,Hyderabad,Quality Review,Morning,300,45.14,7,16.8,96.8,60,Yes,2.333,High Error Rate
104254,2026-03-03,Hyderabad,Validation,Morning,263,29.45,6,0.7,97.74,55,Yes,2.281,High Error Rate
103251,2026-03-03,Pune,Data Intake,Morning,588,16.7,5,11.2,93.19,35,Yes,0.85,Normal
102323,2026-03-03,Pune,Enrichment,Night,268,43.02,6,16.7,95.79,65,Yes,2.239,High Error Rate
101330,2026-03-03,Pune,Publishing,Morning,179,25.11,5,0.0,98.07,30,Yes,2.793,High Error Rate
101782,2026-03-03,Pune,Quality Review,Night,157,58.14,3,5.4,94.16,60,Yes,1.911,Normal
104566,2026-03-03,Pune,Quality Review,Evening,444,29.64,5,0.0,96.53,60,Yes,1.126,Normal
104968,2026-03-03,Pune,Quality Review,Morning,240,32.15,6,12.3,95.24,60,Yes,2.5,High Error Rate
100627,2026-03-03,Pune,Validation,Evening,129,50.77,6,0.0,94.44,55,Yes,4.651,High Error Rate
101974,2026-03-03,Pune,Validation,Morning,95,24.59,2,24.9,94.68,55,Yes,2.105,High Error Rate
105086,2026-03-03,Pune,Validation,Evening,529,54.83,7,16.4,91.42,55,Yes,1.323,Normal
105360,2026-03-03,Unknown,Enrichment,Night,198,44.75,2,0.0,90.93,65,Yes,1.01,Normal
104940,2026-03-03,Unknown,Publishing,Morning,414,38.43,3,0.0,89.35,30,No,0.725,Low Quality Score
100197,2026-03-04,Bengaluru,Enrichment,Night,226,51.13,8,5.9,92.26,65,Yes,3.54,High Error Rate
103174,2026-03-04,Bengaluru,Enrichment,Night,552,61.05,5,6.2,98.54,65,Yes,0.906,Normal
101592,2026-03-04,Bengaluru,Quality Review,Evening,174,32.08,4,0.0,93.71,60,Yes,2.299,High Error Rate
102740,2026-03-04,Bengaluru,Quality Review,Evening,586,35.09,2,0.5,96.01,60,Yes,0.341,Normal
104783,2026-03-04,Bengaluru,Quality Review,Morning,466,60.38,6,23.8,100.0,60,No,1.288,SLA Breach
104901,2026-03-04,Bengaluru,Validation,Morning,641,44.15,3,0.0,93.19,55,Yes,0.468,Normal
101372,2026-03-04,Chennai,Data Intake,Evening,632,38.51,8,3.5,93.54,35,No,1.266,SLA Breach
101383,2026-03-04,Chennai,Data Intake,Night,504,40.78,6,8.3,91.19,35,No,1.19,SLA Breach
104229,2026-03-04,Chennai,Data Intake,Evening,330,41.01,6,0.0,96.32,35,No,1.818,SLA Breach
104313,2026-03-04,Chennai,Data Intake,Night,557,36.92,1,0.0,88.45,35,No,0.18,Low Quality Score
101793,2026-03-04,Chennai,Enrichment,Evening,126,75.17,4,18.2,92.05,65,No,3.175,High Error Rate
102910,2026-03-04,Chennai,Enrichment,Night,153,84.38,5,10.2,92.49,65,No,3.268,High Error Rate
103091,2026-03-04,Chennai,Enrichment,Evening,649,71.97,3,0.0,93.47,65,No,0.462,SLA Breach
104203,2026-03-04,Chennai,Enrichment,Morning,241,48.39,5,24.0,96.97,65,Yes,2.075,High Error Rate
102030,2026-03-04,Chennai,Publishing,Night,203,32.8,3,0.0,92.69,30,No,1.478,SLA Breach
104192,2026-03-04,Chennai,Publishing,Evening,566,42.54,2,12.2,97.86,30,No,0.353,SLA Breach
105256,2026-03-04,Chennai,Publishing,Morning,125,23.79,6,14.7,87.87,30,Yes,4.8,Low Quality Score
104500,2026-03-04,Chennai,Quality Review,Night,559,29.35,6,11.8,94.02,60,Yes,1.073,Normal
101236,2026-03-04,Chennai,Validation,Morning,350,41.07,4,40.3,95.28,55,Yes,1.143,Normal
103558,2026-03-04,Chennai,Validation,Morning,175,26.21,5,11.0,89.34,55,Yes,2.857,Low Quality Score
104439,2026-03-04,Chennai,Validation,Morning,459,74.81,6,21.1,87.16,55,No,1.307,Low Quality Score
101312,2026-03-04,Hyderabad,Enrichment,Evening,237,57.27,6,0.0,100.0,65,Yes,2.532,High Error Rate
100268,2026-03-04,Hyderabad,Publishing,Morning,425,45.73,2,2.9,96.3,30,No,0.471,SLA Breach
101711,2026-03-04,Hyderabad,Publishing,Morning,171,62.38,2,2.0,94.36,30,No,1.17,SLA Breach
105255,2026-03-04,Hyderabad,Publishing,Morning,536,18.62,6,16.6,98.13,30,Yes,1.119,Normal
102590,2026-03-04,Hyderabad,Validation,Morning,247,66.79,10,14.6,93.87,55,No,4.049,High Error Rate
104066,2026-03-04,Pune,Data Intake,Evening,152,18.98,2,19.8,100.0,35,Yes,1.316,Normal
101357,2026-03-04,Pune,Enrichment,Evening,396,59.58,5,2.8,97.33,65,Yes,1.263,Normal
101647,2026-03-04,Pune,Enrichment,Evening,129,36.5,3,7.5,100.0,65,Yes,2.326,High Error Rate
101407,2026-03-04,Pune,Quality Review,Morning,333,23.98,3,32.9,93.99,60,Yes,0.901,Normal
100991,2026-03-04,Pune,Validation,Morning,594,60.48,5,16.0,97.1,55,No,0.842,SLA Breach
102485,2026-03-04,Pune,Validation,Night,447,40.55,11,28.0,92.15,55,Yes,2.461,High Error Rate
102998,2026-03-04,Pune,Validation,Evening,431,32.17,3,0.8,96.72,55,Yes,0.696,Normal
100139,2026-03-04,Unknown,Validation,Evening,550,50.06,5,26.5,94.76,55,Yes,0.909,Normal
100979,2026-03-05,Bengaluru,Data Intake,Morning,337,38.68,1,19.6,91.31,35,No,0.297,SLA Breach
105568,2026-03-05,Bengaluru,Data Intake,Evening,647,49.08,2,0.0,93.13,35,No,0.309,SLA Breach
102282,2026-03-05,Bengaluru,Enrichment,Night,386,42.8,5,0.0,91.31,65,Yes,1.295,Normal
101757,2026-03-05,Bengaluru,Publishing,Morning,621,26.12,7,7.5,96.89,30,Yes,1.127,Normal
103510,2026-03-05,Bengaluru,Quality Review,Night,208,27.71,6,7.5,88.58,60,Yes,2.885,Low Quality Score
104267,2026-03-05,Bengaluru,Quality Review,Night,311,70.92,3,16.9,85.34,60,No,0.965,Low Quality Score
103854,2026-03-05,Bengaluru,Validation,Evening,132,59.35,5,0.8,93.26,55,No,3.788,High Error Rate
104245,2026-03-05,Bengaluru,Validation,Evening,524,41.72,2,13.1,89.59,55,Yes,0.382,Low Quality Score
104176,2026-03-05,Chennai,Data Intake,Morning,492,50.46,6,0.0,98.97,35,No,1.22,SLA Breach
105241,2026-03-05,Chennai,Data Intake,Night,224,69.77,2,19.4,93.68,35,No,0.893,SLA Breach
105041,2026-03-05,Chennai,Enrichment,Night,228,48.2,0,16.2,95.39,65,Yes,0.0,Normal
105169,2026-03-05,Chennai,Enrichment,Evening,155,51.97,5,0.0,90.38,65,Yes,3.226,High Error Rate
105671,2026-03-05,Chennai,Enrichment,Evening,105,50.43,2,0.0,98.51,65,Yes,1.905,Normal
104739,2026-03-05,Chennai,Publishing,Morning,111,18.98,8,21.4,94.73,30,Yes,7.207,High Error Rate
103454,2026-03-05,Chennai,Quality Review,Night,215,23.64,2,15.0,98.39,60,Yes,0.93,Normal
104350,2026-03-05,Chennai,Quality Review,Night,448,36.88,5,21.4,96.23,60,Yes,1.116,Normal
103717,2026-03-05,Hyderabad,Enrichment,Evening,185,69.41,7,0.0,85.31,65,No,3.784,Low Quality Score
102585,2026-03-05,Hyderabad,Publishing,Morning,390,52.2,2,12.0,90.88,30,No,0.513,SLA Breach
103406,2026-03-05,Hyderabad,Quality Review,Evening,187,83.0,6,0.0,87.58,60,No,3.209,Low Quality Score
105596,2026-03-05,Hyderabad,Quality Review,Evening,399,36.61,8,12.9,96.78,60,Yes,2.005,High Error Rate
101363,2026-03-05,Hyderabad,Validation,Night,226,59.31,5,9.3,93.51,55,No,2.212,High Error Rate
102425,2026-03-05,Pune,Data Intake,Night,144,40.48,4,3.6,97.3,35,No,2.778,High Error Rate
105220,2026-03-05,Pune,Data Intake,Night,515,25.78,5,23.1,90.52,35,Yes,0.971,Normal
104630,2026-03-05,Pune,Enrichment,Night,566,50.96,9,0.0,95.46,65,Yes,1.59,Normal
105417,2026-03-05,Pune,Publishing,Night,398,32.18,9,3.8,91.08,30,No,2.261,High Error Rate
103021,2026-03-05,Pune,Validation,Night,556,66.15,5,22.6,92.78,55,No,0.899,SLA Breach
104383,2026-03-05,Pune,Validation,Morning,510,35.59,5,16.8,92.41,55,Yes,0.98,Normal
104517,2026-03-05,Pune,Validation,Morning,351,87.26,6,3.8,91.6,55,No,1.709,SLA Breach
104831,2026-03-05,Pune,Validation,Evening,171,30.5,7,23.1,96.13,55,Yes,4.094,High Error Rate
105245,2026-03-05,Pune,Validation,Evening,359,61.09,6,15.2,94.8,55,No,1.671,SLA Breach
104011,2026-03-05,Unknown,Enrichment,Morning,102,45.03,3,9.0,97.23,65,Yes,2.941,High Error Rate
105165,2026-03-06,Bengaluru,Data Intake,Evening,295,15.31,3,0.6,93.02,35,Yes,1.017,Normal
100044,2026-03-06,Bengaluru,Enrichment,Evening,649,32.76,5,16.7,91.96,65,Yes,0.77,Normal
102562,2026-03-06,Bengaluru,Enrichment,Night,515,65.16,4,0.0,96.53,65,No,0.777,SLA Breach
100521,2026-03-06,Bengaluru,Publishing,Morning,193,30.36,3,9.0,100.0,30,No,1.554,SLA Breach
102885,2026-03-06,Bengaluru,Validation,Morning,237,42.92,7,2.7,99.15,55,Yes,2.954,High Error Rate
103857,2026-03-06,Chennai,Data Intake,Evening,320,24.55,6,18.4,92.39,35,Yes,1.875,Normal
103054,2026-03-06,Chennai,Enrichment,Morning,491,58.79,8,15.5,100.0,65,Yes,1.629,Normal
103131,2026-03-06,Chennai,Enrichment,Evening,559,33.37,3,6.7,93.71,65,Yes,0.537,Normal
105446,2026-03-06,Chennai,Validation,Morning,251,93.3,4,4.2,91.53,55,No,1.594,SLA Breach
105552,2026-03-06,Hyderabad,Data Intake,Evening,86,25.52,6,0.0,94.0,35,Yes,6.977,High Error Rate
104174,2026-03-06,Hyderabad,Enrichment,Morning,607,65.1,10,12.7,92.0,65,No,1.647,SLA Breach
101831,2026-03-06,Hyderabad,Quality Review,Morning,477,62.96,5,6.7,94.2,60,No,1.048,SLA Breach
102490,2026-03-06,Hyderabad,Quality Review,Evening,543,33.94,8,0.0,95.45,60,Yes,1.473,Normal
104442,2026-03-06,Pune,Data Intake,Morning,149,22.1,2,5.8,92.38,35,Yes,1.342,Normal
103407,2026-03-06,Pune,Enrichment,Morning,156,55.91,6,2.9,93.43,65,Yes,3.846,High Error Rate
101685,2026-03-06,Pune,Quality Review,Morning,98,54.49,4,23.9,97.48,60,Yes,4.082,High Error Rate
100998,2026-03-07,Bengaluru,Data Intake,Morning,496,39.92,3,3.2,98.85,35,No,0.605,SLA Breach
102145,2026-03-07,Bengaluru,Data Intake,Evening,536,23.8,7,1.0,91.55,35,Yes,1.306,Normal
102893,2026-03-07,Bengaluru,Enrichment,Night,648,97.3,4,1.9,89.67,65,No,0.617,Low Quality Score
101699,2026-03-07,Bengaluru,Publishing,Night,284,24.8,8,0.0,89.53,30,Yes,2.817,Low Quality Score
102053,2026-03-07,Bengaluru,Publishing,Evening,146,22.78,10,33.4,97.6,30,Yes,6.849,High Error Rate
103465,2026-03-07,Bengaluru,Publishing,Night,224,21.9,3,0.0,91.48,30,Yes,1.339,Normal
104182,2026-03-07,Bengaluru,Publishing,Evening,498,17.83,3,26.8,91.33,30,Yes,0.602,Normal
103237,2026-03-07,Bengaluru,Quality Review,Evening,394,100.25,4,0.0,95.69,60,No,1.015,SLA Breach
103848,2026-03-07,Bengaluru,Quality Review,Night,446,53.7,3,15.1,95.89,60,Yes,0.673,Normal
101925,2026-03-07,Bengaluru,Validation,Evening,422,76.47,3,30.9,95.35,55,No,0.711,SLA Breach
105033,2026-03-07,Bengaluru,Validation,Evening,505,41.56,2,17.3,99.77,55,Yes,0.396,Normal
100765,2026-03-07,Chennai,Enrichment,Morning,469,48.54,2,41.8,92.49,65,Yes,0.426,Normal
101773,2026-03-07,Chennai,Enrichment,Night,414,26.59,4,0.0,97.66,65,Yes,0.966,Normal
101927,2026-03-07,Chennai,Enrichment,Night,412,139.05,9,24.2,94.23,65,No,2.184,High Error Rate
105373,2026-03-07,Chennai,Publishing,Morning,414,32.62,7,4.2,92.77,30,No,1.691,SLA Breach
103711,2026-03-07,Chennai,Quality Review,Evening,242,81.22,4,23.5,97.99,60,No,1.653,SLA Breach
102441,2026-03-07,Chennai,Unknown,Morning,425,34.24,2,4.3,90.94,55,Yes,0.471,Normal
102759,2026-03-07,Chennai,Validation,Morning,467,28.88,3,17.0,97.65,55,Yes,0.642,Normal
102763,2026-03-07,Hyderabad,Data Intake,Night,280,33.92,9,11.9,95.85,35,Yes,3.214,High Error Rate
102850,2026-03-07,Hyderabad,Data Intake,Evening,527,15.5,5,0.0,92.12,35,Yes,0.949,Normal
105490,2026-03-07,Hyderabad,Data Intake,Evening,380,25.32,3,5.7,100.0,35,Yes,0.789,Normal
102827,2026-03-07,Hyderabad,Enrichment,Morning,112,94.79,11,20.5,96.15,65,No,9.821,High Error Rate
100053,2026-03-07,Hyderabad,Publishing,Evening,430,52.84,5,0.0,85.73,30,No,1.163,Low Quality Score
100746,2026-03-07,Hyderabad,Quality Review,Morning,541,72.38,3,13.6,92.98,60,No,0.555,SLA Breach
100194,2026-03-07,Hyderabad,Validation,Morning,622,39.69,7,27.3,94.09,55,Yes,1.125,Normal
102191,2026-03-07,Hyderabad,Validation,Evening,130,51.91,7,19.4,93.43,55,Yes,5.385,High Error Rate
101572,2026-03-07,Pune,Enrichment,Evening,557,38.22,4,0.0,95.13,65,Yes,0.718,Normal
102486,2026-03-07,Pune,Enrichment,Morning,168,68.28,4,0.0,97.05,65,No,2.381,High Error Rate
100301,2026-03-07,Pune,Quality Review,Morning,438,43.16,11,1.6,93.38,60,Yes,2.511,High Error Rate
103086,2026-03-07,Pune,Quality Review,Morning,424,52.39,4,31.6,100.0,60,Yes,0.943,Normal
104786,2026-03-07,Pune,Quality Review,Morning,510,41.52,8,30.9,96.8,60,Yes,1.569,Normal
103101,2026-03-08,Bengaluru,Data Intake,Morning,199,27.52,3,0.0,95.22,35,Yes,1.508,Normal
103677,2026-03-08,Bengaluru,Data Intake,Evening,112,24.41,9,10.9,99.83,35,Yes,8.036,High Error Rate
102767,2026-03-08,Bengaluru,Enrichment,Morning,347,76.86,3,17.7,95.37,65,No,0.865,SLA Breach
104676,2026-03-08,Bengaluru,Publishing,Morning,112,23.31,6,1.1,96.66,30,Yes,5.357,High Error Rate
102587,2026-03-08,Bengaluru,Quality Review,Night,463,26.06,7,33.5,87.63,60,Yes,1.512,Low Quality Score
103115,2026-03-08,Bengaluru,Quality Review,Morning,360,74.53,6,0.1,98.71,60,No,1.667,SLA Breach
104738,2026-03-08,Bengaluru,Validation,Night,596,67.15,6,22.3,95.49,55,No,1.007,SLA Breach
103108,2026-03-08,Chennai,Data Intake,Evening,518,36.76,5,15.5,96.5,35,No,0.965,SLA Breach
100063,2026-03-08,Chennai,Enrichment,Evening,581,75.61,4,0.0,98.52,65,No,0.688,SLA Breach
101151,2026-03-08,Chennai,Enrichment,Morning,613,44.45,5,10.6,95.5,65,Yes,0.816,Normal
102696,2026-03-08,Chennai,Publishing,Night,604,37.34,9,0.0,98.07,30,No,1.49,SLA Breach
100630,2026-03-08,Chennai,Quality Review,Morning,564,40.96,5,3.7,94.08,60,Yes,0.887,Normal
102056,2026-03-08,Chennai,Quality Review,Morning,254,32.99,2,27.0,100.0,60,Yes,0.787,Normal
102201,2026-03-08,Chennai,Quality Review,Night,253,67.36,10,29.1,89.54,60,No,3.953,Low Quality Score
104478,2026-03-08,Chennai,Quality Review,Evening,591,74.89,11,0.0,100.0,60,No,1.861,SLA Breach
102279,2026-03-08,Chennai,Validation,Morning,138,84.25,5,14.2,90.45,55,No,3.623,High Error Rate
105046,2026-03-08,Chennai,Validation,Evening,208,31.85,4,17.2,97.11,55,Yes,1.923,Normal
100201,2026-03-08,Hyderabad,Data Intake,Morning,552,23.95,3,23.2,99.16,35,Yes,0.543,Normal
101052,2026-03-08,Hyderabad,Data Intake,Evening,452,39.48,6,24.1,100.0,35,No,1.327,SLA Breach
103948,2026-03-08,Hyderabad,Enrichment,Morning,151,58.08,8,0.0,93.78,65,Yes,5.298,High Error Rate
103011,2026-03-08,Hyderabad,Publishing,Evening,404,52.45,3,0.0,95.78,30,No,0.743,SLA Breach
104486,2026-03-08,Hyderabad,Publishing,Night,497,30.05,6,19.7,94.92,30,No,1.207,SLA Breach
101360,2026-03-08,Hyderabad,Quality Review,Night,360,42.97,2,41.1,93.25,60,Yes,0.556,Normal
100628,2026-03-08,Hyderabad,Validation,Evening,102,48.87,4,0.0,91.73,55,Yes,3.922,High Error Rate
102356,2026-03-08,Pune,Data Intake,Night,158,34.78,5,0.0,90.63,35,Yes,3.165,High Error Rate
100393,2026-03-08,Pune,Enrichment,Night,621,51.62,5,9.8,87.8,65,Yes,0.805,Low Quality Score
104750,2026-03-08,Pune,Enrichment,Evening,386,64.86,6,15.6,90.26,65,Yes,1.554,Normal
104950,2026-03-08,Pune,Enrichment,Night,158,96.93,3,13.5,86.64,65,No,1.899,Low Quality Score
101138,2026-03-08,Pune,Quality Review,Morning,448,24.94,6,0.0,92.78,60,Yes,1.339,Normal
101271,2026-03-08,Pune,Quality Review,Night,184,26.16,5,19.2,90.41,60,Yes,2.717,High Error Rate
104947,2026-03-08,Pune,Quality Review,Evening,126,26.75,8,6.7,94.99,60,Yes,6.349,High Error Rate
105149,2026-03-08,Pune,Quality Review,Morning,525,29.75,3,7.5,94.44,60,Yes,0.571,Normal
104093,2026-03-08,Pune,Unknown,Morning,251,66.21,4,11.9,91.27,65,No,1.594,SLA Breach
105858,2026-03-08,Pune,Validation,Morning,559,14.87,2,28.8,83.99,55,Yes,0.358,Low Quality Score
103254,2026-03-09,Bengaluru,Data Intake,Morning,317,29.06,6,17.1,99.87,35,Yes,1.893,Normal
104345,2026-03-09,Bengaluru,Data Intake,Evening,273,55.24,7,0.7,100.0,35,No,2.564,High Error Rate
100576,2026-03-09,Bengaluru,Enrichment,Morning,389,38.13,7,18.7,91.25,65,Yes,1.799,Normal
101967,2026-03-09,Bengaluru,Enrichment,Morning,363,62.4,7,0.0,95.14,65,Yes,1.928,Normal
102654,2026-03-09,Bengaluru,Enrichment,Night,573,70.27,6,22.7,94.7,65,No,1.047,SLA Breach
104171,2026-03-09,Bengaluru,Publishing,Night,561,13.97,9,18.8,95.78,30,Yes,1.604,Normal
105691,2026-03-09,Bengaluru,Publishing,Night,325,39.59,7,19.4,93.44,30,No,2.154,High Error Rate
101857,2026-03-09,Bengaluru,Quality Review,Morning,631,42.11,7,16.2,99.19,60,Yes,1.109,Normal
101937,2026-03-09,Bengaluru,Quality Review,Night,150,30.97,3,27.2,92.07,60,Yes,2.0,Normal
102407,2026-03-09,Bengaluru,Quality Review,Morning,314,36.28,9,21.2,95.46,60,Yes,2.866,High Error Rate
100909,2026-03-09,Bengaluru,Validation,Morning,610,59.97,5,11.2,89.87,55,No,0.82,Low Quality Score
102680,2026-03-09,Bengaluru,Validation,Evening,329,73.98,8,14.4,87.8,55,No,2.432,Low Quality Score
103006,2026-03-09,Bengaluru,Validation,Evening,130,41.58,5,37.7,92.58,55,Yes,3.846,High Error Rate
100332,2026-03-09,Chennai,Data Intake,Evening,322,55.06,9,32.7,98.35,35,No,2.795,High Error Rate
100068,2026-03-09,Chennai,Enrichment,Night,524,40.64,3,12.0,100.0,65,Yes,0.573,Normal
105092,2026-03-09,Chennai,Enrichment,Evening,474,25.27,5,12.4,94.68,65,Yes,1.055,Normal
100374,2026-03-09,Chennai,Publishing,Morning,512,39.28,6,13.9,100.0,30,No,1.172,SLA Breach
104958,2026-03-09,Chennai,Validation,Morning,245,83.8,3,0.0,93.85,55,No,1.224,SLA Breach
100498,2026-03-09,Hyderabad,Data Intake,Morning,226,21.33,4,34.0,94.74,35,Yes,1.77,Normal
100022,2026-03-09,Hyderabad,Publishing,Night,421,26.93,5,0.5,98.41,30,Yes,1.188,Normal
102415,2026-03-09,Hyderabad,Publishing,Evening,206,20.93,8,16.1,96.37,30,Yes,3.883,High Error Rate
105678,2026-03-09,Hyderabad,Quality Review,Evening,421,58.62,6,10.0,95.71,60,Yes,1.425,Normal
101864,2026-03-09,Hyderabad,Validation,Morning,386,65.76,2,17.0,96.61,55,No,0.518,SLA Breach
103493,2026-03-09,Pune,Enrichment,Morning,299,39.12,2,31.8,95.71,65,Yes,0.669,Normal
104040,2026-03-09,Pune,Publishing,Evening,237,47.82,2,0.0,93.29,30,No,0.844,SLA Breach
105195,2026-03-09,Pune,Publishing,Evening,229,35.76,3,12.0,94.49,30,No,1.31,SLA Breach
101044,2026-03-09,Pune,Quality Review,Morning,620,60.11,5,13.5,93.87,60,No,0.806,SLA Breach
103025,2026-03-09,Pune,Quality Review,Night,81,61.2,7,15.4,91.68,60,No,8.642,High Error Rate
101268,2026-03-09,Pune,Validation,Morning,423,53.41,5,30.2,98.7,55,Yes,1.182,Normal
103228,2026-03-10,Bengaluru,Enrichment,Morning,573,46.11,9,18.6,95.7,65,Yes,1.571,Normal
105161,2026-03-10,Bengaluru,Enrichment,Morning,111,49.74,8,25.4,95.08,65,Yes,7.207,High Error Rate
101945,2026-03-10,Bengaluru,Publishing,Night,571,17.26,3,17.5,93.7,30,Yes,0.525,Normal
103964,2026-03-10,Bengaluru,Quality Review,Morning,464,57.47,4,0.0,96.34,60,Yes,0.862,Normal
105702,2026-03-10,Bengaluru,Quality Review,Night,80,47.1,5,16.4,84.84,60,Yes,6.25,Low Quality Score
100379,2026-03-10,Bengaluru,Validation,Morning,393,19.29,4,24.7,97.05,55,Yes,1.018,Normal
100634,2026-03-10,Bengaluru,Validation,Night,270,51.13,1,4.4,93.98,55,Yes,0.37,Normal
101772,2026-03-10,Bengaluru,Validation,Night,198,24.97,4,0.0,98.72,55,Yes,2.02,High Error Rate
104056,2026-03-10,Bengaluru,Validation,Evening,505,80.53,8,0.0,94.44,55,No,1.584,SLA Breach
104401,2026-03-10,Bengaluru,Validation,Evening,416,27.57,3,0.0,95.06,55,Yes,0.721,Normal
105076,2026-03-10,Bengaluru,Validation,Night,80,36.88,10,18.2,96.84,55,Yes,12.5,High Error Rate
102569,2026-03-10,Chennai,Enrichment,Morning,528,76.4,5,10.7,93.02,65,No,0.947,SLA Breach
102920,2026-03-10,Chennai,Enrichment,Morning,645,45.38,4,0.9,94.42,65,Yes,0.62,Normal
105141,2026-03-10,Chennai,Enrichment,Morning,345,44.8,3,19.9,96.01,65,Yes,0.87,Normal
105700,2026-03-10,Chennai,Enrichment,Evening,241,77.39,4,4.5,92.13,65,No,1.66,SLA Breach
104881,2026-03-10,Chennai,Quality Review,Morning,622,32.28,6,0.0,89.34,60,Yes,0.965,Low Quality Score
103737,2026-03-10,Chennai,Unknown,Morning,463,81.14,1,0.0,91.41,55,No,0.216,SLA Breach
103531,2026-03-10,Chennai,Validation,Night,371,31.61,2,24.5,96.85,55,Yes,0.539,Normal
100770,2026-03-10,Hyderabad,Data Intake,Evening,293,31.09,3,15.5,94.68,35,Yes,1.024,Normal
104250,2026-03-10,Hyderabad,Data Intake,Morning,485,29.38,4,23.5,95.0,35,Yes,0.825,Normal
101748,2026-03-10,Hyderabad,Publishing,Night,530,43.72,2,18.5,94.7,30,No,0.377,SLA Breach
102544,2026-03-10,Hyderabad,Publishing,Morning,206,40.85,3,10.4,99.08,30,No,1.456,SLA Breach
105683,2026-03-10,Hyderabad,Publishing,Evening,239,32.47,4,28.6,97.16,30,No,1.674,SLA Breach
101718,2026-03-10,Hyderabad,Quality Review,Morning,317,73.28,2,23.5,94.13,60,No,0.631,SLA Breach
104506,2026-03-10,Hyderabad,Quality Review,Evening,93,43.64,7,8.1,95.21,60,Yes,7.527,High Error Rate
104935,2026-03-10,Hyderabad,Quality Review,Evening,232,88.7,4,28.5,95.29,60,No,1.724,SLA Breach
102592,2026-03-10,Hyderabad,Validation,Evening,359,55.44,8,30.4,95.42,55,No,2.228,High Error Rate
103951,2026-03-10,Hyderabad,Validation,Night,152,30.52,3,7.0,93.62,55,Yes,1.974,Normal
105810,2026-03-10,Pune,Data Intake,Morning,607,56.87,7,24.6,94.12,35,No,1.153,SLA Breach
100188,2026-03-10,Pune,Enrichment,Night,496,54.2,8,9.9,99.33,65,Yes,1.613,Normal
100913,2026-03-10,Pune,Publishing,Morning,455,56.09,6,0.0,90.06,30,No,1.319,SLA Breach
104955,2026-03-10,Pune,Publishing,Evening,129,29.88,2,0.0,94.16,30,Yes,1.55,Normal
105279,2026-03-10,Pune,Quality Review,Morning,92,55.43,5,17.0,100.0,60,Yes,5.435,High Error Rate
102724,2026-03-10,Pune,Validation,Morning,580,75.27,6,35.6,94.49,55,No,1.034,SLA Breach
104664,2026-03-10,Pune,Validation,Evening,603,70.9,3,8.5,93.23,55,No,0.498,SLA Breach
105235,2026-03-10,Pune,Validation,Morning,505,54.14,3,11.8,96.5,55,Yes,0.594,Normal
104252,2026-03-11,Bengaluru,Data Intake,Morning,217,46.5,10,1.1,92.08,35,No,4.608,High Error Rate
105384,2026-03-11,Bengaluru,Data Intake,Night,498,41.55,5,7.1,93.64,35,No,1.004,SLA Breach
102405,2026-03-11,Bengaluru,Enrichment,Morning,141,73.62,7,30.8,100.0,65,No,4.965,High Error Rate
101159,2026-03-11,Bengaluru,Validation,Night,177,27.2,8,0.0,93.52,55,Yes,4.52,High Error Rate
101761,2026-03-11,Bengaluru,Validation,Night,286,61.09,3,19.2,90.87,55,No,1.049,SLA Breach
103815,2026-03-11,Bengaluru,Validation,Evening,294,32.77,9,19.4,92.54,55,Yes,3.061,High Error Rate
101881,2026-03-11,Chennai,Data Intake,Morning,598,42.53,4,0.0,92.36,35,No,0.669,SLA Breach
100758,2026-03-11,Chennai,Enrichment,Morning,337,59.27,1,15.9,94.51,65,Yes,0.297,Normal
102848,2026-03-11,Chennai,Enrichment,Morning,381,28.65,5,0.0,94.63,65,Yes,1.312,Normal
102875,2026-03-11,Chennai,Enrichment,Morning,572,47.28,6,3.6,90.16,65,Yes,1.049,Normal
104626,2026-03-11,Chennai,Enrichment,Morning,198,43.68,5,3.0,99.9,65,Yes,2.525,High Error Rate
104490,2026-03-11,Chennai,Publishing,Night,233,14.09,2,2.9,94.59,30,Yes,0.858,Normal
104961,2026-03-11,Chennai,Publishing,Evening,179,23.36,3,0.0,96.77,30,Yes,1.676,Normal
101017,2026-03-11,Chennai,Quality Review,Morning,242,26.42,2,0.0,90.12,60,Yes,0.826,Normal
103063,2026-03-11,Chennai,Quality Review,Night,144,34.63,9,6.6,94.89,60,Yes,6.25,High Error Rate
104385,2026-03-11,Chennai,Quality Review,Morning,150,29.56,2,5.7,95.22,60,Yes,1.333,Normal
105802,2026-03-11,Chennai,Quality Review,Night,116,44.15,2,21.8,92.11,60,Yes,1.724,Normal
104972,2026-03-11,Chennai,Validation,Night,381,23.06,8,9.0,92.19,55,Yes,2.1,High Error Rate
105580,2026-03-11,Chennai,Validation,Morning,118,43.92,3,7.7,95.81,55,Yes,2.542,High Error Rate
103424,2026-03-11,Hyderabad,Data Intake,Morning,635,51.95,5,5.3,98.98,35,No,0.787,SLA Breach
101593,2026-03-11,Hyderabad,Enrichment,Morning,364,132.15,10,0.0,97.66,65,No,2.747,High Error Rate
102581,2026-03-11,Hyderabad,Enrichment,Morning,263,67.37,6,12.6,93.75,65,No,2.281,High Error Rate
101468,2026-03-11,Hyderabad,Validation,Night,138,54.8,6,5.2,96.52,55,Yes,4.348,High Error Rate
102428,2026-03-11,Pune,Data Intake,Morning,530,37.37,8,0.0,92.02,35,No,1.509,SLA Breach
101385,2026-03-11,Pune,Quality Review,Evening,187,61.98,6,17.9,95.51,60,No,3.209,High Error Rate
100614,2026-03-11,Pune,Validation,Morning,554,54.19,7,31.9,98.44,55,Yes,1.264,Normal
101285,2026-03-11,Pune,Validation,Evening,271,32.91,6,0.0,89.21,55,Yes,2.214,Low Quality Score
102216,2026-03-12,Bengaluru,Data Intake,Evening,113,45.93,6,19.2,94.67,35,No,5.31,High Error Rate
102600,2026-03-12,Bengaluru,Data Intake,Evening,272,44.3,7,21.1,92.84,35,No,2.574,High Error Rate
104625,2026-03-12,Bengaluru,Data Intake,Morning,141,23.91,6,0.0,91.57,35,Yes,4.255,High Error Rate
104799,2026-03-12,Bengaluru,Data Intake,Evening,438,28.19,7,0.0,90.55,35,Yes,1.598,Normal
104498,2026-03-12,Bengaluru,Enrichment,Night,286,33.54,6,26.7,88.86,65,Yes,2.098,Low Quality Score
105793,2026-03-12,Bengaluru,Publishing,Night,160,30.85,1,11.9,92.38,30,No,0.625,SLA Breach
102835,2026-03-12,Bengaluru,Validation,Evening,623,52.52,3,21.1,94.92,55,Yes,0.482,Normal
104162,2026-03-12,Bengaluru,Validation,Night,406,19.66,3,19.0,95.53,55,Yes,0.739,Normal
105339,2026-03-12,Bengaluru,Validation,Evening,427,51.23,5,29.8,92.94,55,Yes,1.171,Normal
105333,2026-03-12,Chennai,Data Intake,Morning,84,41.79,3,3.2,88.76,35,No,3.571,Low Quality Score
104833,2026-03-12,Chennai,Enrichment,Evening,606,34.8,8,1.6,95.37,65,Yes,1.32,Normal
101629,2026-03-12,Chennai,Publishing,Morning,349,22.48,1,0.0,93.96,30,Yes,0.287,Normal
102683,2026-03-12,Chennai,Publishing,Evening,198,31.65,3,6.1,93.13,30,No,1.515,SLA Breach
105383,2026-03-12,Chennai,Quality Review,Morning,333,47.03,2,0.8,97.08,60,Yes,0.601,Normal
103023,2026-03-12,Chennai,Validation,Morning,197,38.15,1,25.2,94.1,55,Yes,0.508,Normal
103092,2026-03-12,Chennai,Validation,Evening,497,48.28,5,0.0,99.32,55,Yes,1.006,Normal
101066,2026-03-12,Hyderabad,Publishing,Night,445,35.78,3,0.0,92.6,30,No,0.674,SLA Breach
102779,2026-03-12,Hyderabad,Validation,Morning,386,25.75,1,33.3,91.15,55,Yes,0.259,Normal
104150,2026-03-12,Hyderabad,Validation,Morning,172,33.63,7,6.1,91.0,55,Yes,4.07,High Error Rate
100809,2026-03-12,Pune,Enrichment,Morning,602,39.78,1,47.2,92.53,65,Yes,0.166,Normal
104809,2026-03-12,Pune,Enrichment,Morning,484,41.6,3,15.9,94.49,65,Yes,0.62,Normal
101173,2026-03-12,Pune,Publishing,Morning,335,54.66,3,25.9,95.45,30,No,0.896,SLA Breach
102574,2026-03-12,Pune,Publishing,Night,507,27.64,4,24.9,96.54,30,Yes,0.789,Normal
105406,2026-03-12,Pune,Publishing,Night,407,55.76,3,11.1,94.64,30,No,0.737,SLA Breach
100094,2026-03-12,Pune,Validation,Night,335,32.0,6,8.3,93.28,55,Yes,1.791,Normal
102852,2026-03-12,Pune,Validation,Evening,567,50.46,1,0.0,93.82,55,Yes,0.176,Normal
103059,2026-03-12,Pune,Validation,Night,432,39.43,6,0.0,89.37,55,Yes,1.389,Low Quality Score
100552,2026-03-13,Bengaluru,Data Intake,Morning,560,13.55,7,0.0,91.09,35,Yes,1.25,Normal
101754,2026-03-13,Bengaluru,Data Intake,Evening,471,21.79,0,22.1,95.48,35,Yes,0.0,Normal
103041,2026-03-13,Bengaluru,Data Intake,Morning,462,35.45,5,24.7,92.14,35,No,1.082,SLA Breach
101774,2026-03-13,Bengaluru,Enrichment,Morning,586,66.38,2,0.0,95.67,65,No,0.341,SLA Breach
101921,2026-03-13,Bengaluru,Enrichment,Morning,598,40.56,6,27.3,90.34,65,Yes,1.003,Normal
103695,2026-03-13,Bengaluru,Enrichment,Evening,641,38.96,4,0.0,97.86,65,Yes,0.624,Normal
104326,2026-03-13,Bengaluru,Enrichment,Morning,314,22.31,3,0.0,96.15,65,Yes,0.955,Normal
105314,2026-03-13,Bengaluru,Enrichment,Morning,487,53.18,5,1.4,92.8,65,Yes,1.027,Normal
102012,2026-03-13,Bengaluru,Publishing,Morning,431,38.49,7,0.0,100.0,30,No,1.624,SLA Breach
102291,2026-03-13,Bengaluru,Publishing,Evening,434,19.91,5,5.6,88.73,30,Yes,1.152,Low Quality Score
101666,2026-03-13,Bengaluru,Quality Review,Morning,459,64.76,6,11.3,100.0,60,No,1.307,SLA Breach
101320,2026-03-13,Bengaluru,Validation,Morning,551,56.79,4,16.5,93.62,55,No,0.726,SLA Breach
102622,2026-03-13,Bengaluru,Validation,Morning,468,39.67,9,0.0,97.4,55,Yes,1.923,Normal
102800,2026-03-13,Bengaluru,Validation,Evening,234,62.03,2,6.9,90.1,55,No,0.855,SLA Breach
103250,2026-03-13,Bengaluru,Validation,Morning,224,48.78,3,18.1,93.15,55,Yes,1.339,Normal
103329,2026-03-13,Bengaluru,Validation,Morning,490,21.01,8,0.0,94.62,55,Yes,1.633,Normal
103380,2026-03-13,Bengaluru,Validation,Night,500,60.95,12,17.1,97.63,55,No,2.4,High Error Rate
101352,2026-03-13,Chennai,Enrichment,Evening,575,50.9,5,8.0,94.53,65,Yes,0.87,Normal
101478,2026-03-13,Chennai,Enrichment,Evening,105,58.05,6,20.8,95.79,65,Yes,5.714,High Error Rate
102384,2026-03-13,Chennai,Enrichment,Night,200,53.22,6,9.3,95.11,65,Yes,3.0,High Error Rate
103405,2026-03-13,Chennai,Publishing,Morning,210,54.32,3,12.0,89.71,30,No,1.429,Low Quality Score
104052,2026-03-13,Chennai,Publishing,Morning,246,25.09,3,25.7,97.35,30,Yes,1.22,Normal
101094,2026-03-13,Chennai,Quality Review,Morning,619,59.51,5,0.0,99.84,60,Yes,0.808,Normal
102546,2026-03-13,Chennai,Quality Review,Morning,242,35.45,4,39.7,100.0,60,Yes,1.653,Normal
105326,2026-03-13,Chennai,Quality Review,Night,469,40.25,5,3.2,85.53,60,Yes,1.066,Low Quality Score
102342,2026-03-13,Chennai,Validation,Morning,619,50.96,2,15.5,92.59,55,Yes,0.323,Normal
100440,2026-03-13,Hyderabad,Data Intake,Evening,313,35.85,3,9.3,92.39,35,No,0.958,SLA Breach
103460,2026-03-13,Hyderabad,Data Intake,Evening,508,28.02,7,18.4,93.55,35,Yes,1.378,Normal
105398,2026-03-13,Hyderabad,Data Intake,Night,452,51.78,6,9.4,98.16,35,No,1.327,SLA Breach
101283,2026-03-13,Hyderabad,Enrichment,Morning,84,63.34,13,4.3,97.62,65,Yes,15.476,High Error Rate
105819,2026-03-13,Hyderabad,Enrichment,Evening,415,127.6,6,14.8,95.86,65,No,1.446,SLA Breach
102003,2026-03-13,Hyderabad,Publishing,Morning,114,36.24,8,13.6,98.56,30,No,7.018,High Error Rate
102059,2026-03-13,Hyderabad,Publishing,Morning,441,28.91,6,0.0,97.1,30,Yes,1.361,Normal
104795,2026-03-13,Hyderabad,Validation,Night,144,28.49,2,0.0,94.85,55,Yes,1.389,Normal
105307,2026-03-13,Hyderabad,Validation,Morning,416,62.01,5,5.9,91.77,55,No,1.202,SLA Breach
105132,2026-03-13,Pune,Publishing,Evening,90,34.91,3,0.0,97.69,30,No,3.333,High Error Rate
104651,2026-03-13,Pune,Quality Review,Morning,510,46.91,3,7.1,90.2,60,Yes,0.588,Normal
101694,2026-03-13,Pune,Validation,Morning,93,113.87,5,18.0,93.45,55,No,5.376,High Error Rate
105324,2026-03-13,Pune,Validation,Evening,506,81.59,6,5.8,93.84,55,No,1.186,SLA Breach
105458,2026-03-13,Pune,Validation,Evening,229,31.15,6,23.0,100.0,55,Yes,2.62,High Error Rate
102225,2026-03-14,Bengaluru,Data Intake,Evening,137,53.35,6,0.0,90.1,35,No,4.38,High Error Rate
104175,2026-03-14,Bengaluru,Data Intake,Night,502,18.66,3,23.0,88.06,35,Yes,0.598,Low Quality Score
105180,2026-03-14,Bengaluru,Data Intake,Evening,309,33.46,2,18.1,97.69,35,Yes,0.647,Normal
101168,2026-03-14,Bengaluru,Publishing,Night,346,49.0,3,20.0,99.3,30,No,0.867,SLA Breach
102073,2026-03-14,Bengaluru,Publishing,Morning,504,38.75,7,2.4,88.83,30,No,1.389,Low Quality Score
102134,2026-03-14,Bengaluru,Publishing,Morning,584,26.03,7,0.0,92.3,30,Yes,1.199,Normal
105777,2026-03-14,Bengaluru,Quality Review,Evening,138,33.92,9,3.5,94.09,60,Yes,6.522,High Error Rate
103691,2026-03-14,Bengaluru,Validation,Morning,505,34.96,4,23.6,94.72,55,Yes,0.792,Normal
104403,2026-03-14,Bengaluru,Validation,Evening,487,34.75,3,0.0,93.17,55,Yes,0.616,Normal
105346,2026-03-14,Bengaluru,Validation,Night,480,19.77,9,7.4,95.17,55,Yes,1.875,Normal
102060,2026-03-14,Chennai,Data Intake,Evening,386,32.1,6,10.1,92.44,35,Yes,1.554,Normal
103188,2026-03-14,Chennai,Data Intake,Evening,447,58.86,6,20.9,94.81,35,No,1.342,SLA Breach
101956,2026-03-14,Chennai,Publishing,Morning,127,40.44,5,23.3,94.57,30,No,3.937,High Error Rate
100027,2026-03-14,Chennai,Quality Review,Morning,576,67.67,10,36.9,95.51,60,No,1.736,SLA Breach
101847,2026-03-14,Chennai,Quality Review,Morning,455,39.42,4,0.0,95.24,60,Yes,0.879,Normal
104471,2026-03-14,Chennai,Quality Review,Morning,258,45.3,2,5.1,96.88,60,Yes,0.775,Normal
104646,2026-03-14,Chennai,Quality Review,Evening,102,53.53,5,0.0,97.19,60,Yes,4.902,High Error Rate
105756,2026-03-14,Chennai,Quality Review,Morning,545,47.52,6,0.0,99.54,60,Yes,1.101,Normal
105951,2026-03-14,Chennai,Quality Review,Night,427,50.6,5,16.4,87.88,60,Yes,1.171,Low Quality Score
102163,2026-03-14,Chennai,Validation,Evening,261,40.58,4,0.0,96.43,55,Yes,1.533,Normal
104927,2026-03-14,Chennai,Validation,Evening,591,46.83,4,13.3,91.1,55,Yes,0.677,Normal
102524,2026-03-14,Hyderabad,Data Intake,Evening,633,18.26,8,3.2,98.92,35,Yes,1.264,Normal
103166,2026-03-14,Hyderabad,Data Intake,Morning,620,63.39,3,15.0,91.68,35,No,0.484,SLA Breach
104161,2026-03-14,Hyderabad,Data Intake,Evening,560,39.7,4,0.0,94.33,35,No,0.714,SLA Breach
101302,2026-03-14,Hyderabad,Enrichment,Evening,530,51.61,4,0.0,91.68,65,Yes,0.755,Normal
103318,2026-03-14,Hyderabad,Enrichment,Night,376,122.4,11,22.5,95.15,65,No,2.926,High Error Rate
104719,2026-03-14,Hyderabad,Enrichment,Night,83,90.91,6,7.2,95.55,65,No,7.229,High Error Rate
102374,2026-03-14,Hyderabad,Publishing,Evening,241,35.8,5,0.0,86.39,30,No,2.075,Low Quality Score
103315,2026-03-14,Hyderabad,Quality Review,Morning,341,66.46,4,20.9,99.84,60,No,1.173,SLA Breach
102140,2026-03-14,Pune,Data Intake,Morning,204,23.33,6,0.0,100.0,35,Yes,2.941,High Error Rate
103312,2026-03-14,Pune,Enrichment,Morning,507,63.02,1,0.0,94.12,65,Yes,0.197,Normal
100957,2026-03-14,Pune,Quality Review,Evening,326,94.68,5,1.0,91.28,60,No,1.534,SLA Breach
104984,2026-03-14,Pune,Quality Review,Evening,252,31.64,3,4.0,94.21,60,Yes,1.19,Normal
105043,2026-03-14,Pune,Quality Review,Night,207,57.1,4,2.7,88.56,60,Yes,1.932,Low Quality Score
103733,2026-03-14,Pune,Validation,Night,263,50.2,4,29.6,91.91,55,Yes,1.521,Normal
105437,2026-03-15,Bengaluru,Data Intake,Night,552,21.38,7,11.7,91.48,35,Yes,1.268,Normal
100687,2026-03-15,Bengaluru,Publishing,Night,267,21.02,4,1.7,92.43,30,Yes,1.498,Normal
101688,2026-03-15,Bengaluru,Publishing,Morning,466,44.69,3,8.5,93.07,30,No,0.644,SLA Breach
101875,2026-03-15,Bengaluru,Publishing,Evening,607,31.28,6,13.2,96.29,30,No,0.988,SLA Breach
105196,2026-03-15,Bengaluru,Quality Review,Evening,335,44.22,6,0.0,98.41,60,Yes,1.791,Normal
105795,2026-03-15,Bengaluru,Validation,Morning,252,81.32,4,0.0,93.25,55,No,1.587,SLA Breach
103274,2026-03-15,Chennai,Data Intake,Morning,272,50.99,5,0.0,94.64,35,No,1.838,SLA Breach
100962,2026-03-15,Chennai,Enrichment,Evening,470,50.27,7,0.0,95.87,65,Yes,1.489,Normal
102746,2026-03-15,Chennai,Publishing,Evening,350,46.73,5,13.9,91.38,30,No,1.429,SLA Breach
102915,2026-03-15,Chennai,Publishing,Evening,587,29.1,4,0.1,94.22,30,Yes,0.681,Normal
105511,2026-03-15,Chennai,Publishing,Morning,641,42.73,8,15.2,89.95,30,No,1.248,Low Quality Score
100144,2026-03-15,Chennai,Quality Review,Evening,116,34.28,7,18.2,100.0,60,Yes,6.034,High Error Rate
103142,2026-03-15,Chennai,Quality Review,Evening,358,31.75,5,0.0,89.96,60,Yes,1.397,Low Quality Score
100942,2026-03-15,Chennai,Validation,Evening,297,51.69,3,4.4,94.74,55,Yes,1.01,Normal
101866,2026-03-15,Chennai,Validation,Evening,513,23.06,7,9.3,97.64,55,Yes,1.365,Normal
102076,2026-03-15,Chennai,Validation,Evening,589,32.63,3,11.1,92.15,55,Yes,0.509,Normal
102564,2026-03-15,Chennai,Validation,Evening,596,45.69,3,2.5,92.26,55,Yes,0.503,Normal
103766,2026-03-15,Hyderabad,Data Intake,Evening,286,25.1,5,0.0,100.0,35,Yes,1.748,Normal
100164,2026-03-15,Hyderabad,Enrichment,Morning,493,68.21,8,24.1,91.26,65,No,1.623,SLA Breach
101131,2026-03-15,Hyderabad,Publishing,Morning,557,28.76,5,3.8,98.87,30,Yes,0.898,Normal
102509,2026-03-15,Hyderabad,Publishing,Night,512,24.92,6,0.0,95.24,30,Yes,1.172,Normal
103291,2026-03-15,Hyderabad,Quality Review,Evening,372,100.85,7,5.6,97.23,60,No,1.882,SLA Breach
104896,2026-03-15,Hyderabad,Quality Review,Night,320,56.35,7,0.0,97.9,60,Yes,2.188,High Error Rate
103485,2026-03-15,Pune,Enrichment,Night,169,74.74,6,11.0,100.0,65,No,3.55,High Error Rate
100585,2026-03-15,Pune,Quality Review,Night,214,60.08,4,1.8,93.08,60,No,1.869,SLA Breach
101340,2026-03-15,Pune,Quality Review,Morning,355,46.39,9,3.9,99.89,60,Yes,2.535,High Error Rate
105817,2026-03-15,Pune,Quality Review,Night,648,53.38,4,31.1,90.29,60,Yes,0.617,Normal
101719,2026-03-16,Bengaluru,Data Intake,Evening,126,72.56,4,7.3,92.66,35,No,3.175,High Error Rate
102017,2026-03-16,Bengaluru,Enrichment,Evening,145,30.65,6,30.8,88.99,65,Yes,4.138,Low Quality Score
103765,2026-03-16,Bengaluru,Enrichment,Evening,629,32.23,3,11.8,98.85,65,Yes,0.477,Normal
104147,2026-03-16,Bengaluru,Publishing,Evening,562,26.36,8,16.1,89.94,30,Yes,1.423,Low Quality Score
105855,2026-03-16,Bengaluru,Publishing,Evening,100,81.7,3,9.3,96.3,30,No,3.0,High Error Rate
101762,2026-03-16,Bengaluru,Quality Review,Evening,503,25.86,10,0.0,89.19,60,Yes,1.988,Low Quality Score
104354,2026-03-16,Bengaluru,Quality Review,Morning,97,38.63,6,11.3,93.35,60,Yes,6.186,High Error Rate
105734,2026-03-16,Bengaluru,Quality Review,Night,492,47.93,4,23.4,86.56,60,Yes,0.813,Low Quality Score
100065,2026-03-16,Bengaluru,Validation,Evening,271,45.91,3,17.4,94.25,55,Yes,1.107,Normal
100960,2026-03-16,Bengaluru,Validation,Morning,132,37.52,7,16.2,95.04,55,Yes,5.303,High Error Rate
101835,2026-03-16,Bengaluru,Validation,Night,303,53.0,3,12.4,90.7,55,Yes,0.99,Normal
103272,2026-03-16,Chennai,Data Intake,Night,213,59.57,5,27.2,90.11,35,No,2.347,High Error Rate
101252,2026-03-16,Chennai,Publishing,Evening,311,22.91,1,32.6,95.89,30,Yes,0.322,Normal
101495,2026-03-16,Chennai,Publishing,Morning,648,20.73,4,34.5,95.51,30,Yes,0.617,Normal
103416,2026-03-16,Chennai,Publishing,Evening,237,48.62,2,0.0,96.32,30,No,0.844,SLA Breach
103479,2026-03-16,Chennai,Publishing,Evening,407,28.76,4,0.0,91.96,30,Yes,0.983,Normal
103547,2026-03-16,Chennai,Publishing,Morning,354,8.71,4,0.0,91.12,30,Yes,1.13,Normal
105315,2026-03-16,Chennai,Publishing,Night,443,20.05,5,25.1,94.82,30,Yes,1.129,Normal
100163,2026-03-16,Chennai,Quality Review,Evening,538,36.97,6,0.7,100.0,60,Yes,1.115,Normal
103260,2026-03-16,Chennai,Quality Review,Evening,193,59.38,2,13.5,89.11,60,Yes,1.036,Low Quality Score
103698,2026-03-16,Chennai,Quality Review,Evening,555,96.54,5,18.1,90.76,60,No,0.901,SLA Breach
105707,2026-03-16,Chennai,Validation,Evening,303,25.04,5,8.0,93.58,55,Yes,1.65,Normal
102192,2026-03-16,Hyderabad,Data Intake,Evening,408,19.64,14,11.8,98.24,35,Yes,3.431,High Error Rate
103653,2026-03-16,Hyderabad,Data Intake,Night,439,39.1,7,22.5,100.0,35,No,1.595,SLA Breach
104877,2026-03-16,Hyderabad,Data Intake,Night,580,25.4,9,0.0,92.9,35,Yes,1.552,Normal
102357,2026-03-16,Hyderabad,Enrichment,Evening,625,30.46,3,15.3,95.9,65,Yes,0.48,Normal
105773,2026-03-16,Hyderabad,Enrichment,Night,109,85.06,7,0.0,92.96,65,No,6.422,High Error Rate
101888,2026-03-16,Hyderabad,Publishing,Night,381,25.63,6,19.1,93.84,30,Yes,1.575,Normal
105448,2026-03-16,Hyderabad,Quality Review,Morning,377,51.55,4,0.0,94.43,60,Yes,1.061,Normal
100496,2026-03-16,Pune,Data Intake,Evening,361,24.26,1,4.1,93.76,35,Yes,0.277,Normal
100907,2026-03-16,Pune,Enrichment,Evening,523,36.1,4,0.0,97.14,65,Yes,0.765,Normal
101584,2026-03-16,Pune,Enrichment,Night,361,26.18,4,31.0,93.26,65,Yes,1.108,Normal
103618,2026-03-16,Pune,Enrichment,Evening,247,26.4,5,9.2,90.48,65,Yes,2.024,High Error Rate
103886,2026-03-16,Pune,Publishing,Evening,195,18.1,4,0.0,92.36,30,Yes,2.051,High Error Rate
104045,2026-03-16,Pune,Publishing,Morning,242,18.82,2,11.7,98.17,30,Yes,0.826,Normal
105202,2026-03-16,Pune,Publishing,Morning,617,20.2,3,10.8,94.91,30,Yes,0.486,Normal
100373,2026-03-16,Pune,Quality Review,Night,328,20.7,8,0.0,92.27,60,Yes,2.439,High Error Rate
103285,2026-03-16,Pune,Quality Review,Evening,232,65.64,5,0.0,94.09,60,No,2.155,High Error Rate
104030,2026-03-16,Pune,Validation,Night,171,64.93,6,0.0,98.23,55,No,3.509,High Error Rate
104318,2026-03-16,Pune,Validation,Morning,227,27.69,6,19.5,97.19,55,Yes,2.643,High Error Rate
105730,2026-03-17,Bengaluru,Enrichment,Evening,640,63.73,3,0.0,97.03,65,Yes,0.469,Normal
102420,2026-03-17,Bengaluru,Publishing,Evening,523,14.75,5,20.3,87.43,30,Yes,0.956,Low Quality Score
104251,2026-03-17,Bengaluru,Quality Review,Evening,389,49.7,2,20.7,98.86,60,Yes,0.514,Normal
104736,2026-03-17,Bengaluru,Quality Review,Evening,338,56.22,10,14.6,94.96,60,Yes,2.959,High Error Rate
105627,2026-03-17,Bengaluru,Quality Review,Morning,271,59.47,5,0.0,93.46,60,Yes,1.845,Normal
102070,2026-03-17,Bengaluru,Validation,Morning,317,50.31,4,0.0,96.29,55,Yes,1.262,Normal
103924,2026-03-17,Bengaluru,Validation,Morning,109,110.05,8,14.4,94.44,55,No,7.339,High Error Rate
105024,2026-03-17,Bengaluru,Validation,Morning,485,33.2,9,3.6,93.47,55,Yes,1.856,Normal
105722,2026-03-17,Bengaluru,Validation,Evening,95,23.71,6,1.8,97.49,55,Yes,6.316,High Error Rate
100464,2026-03-17,Chennai,Data Intake,Morning,206,38.05,5,0.0,99.2,35,No,2.427,High Error Rate
100972,2026-03-17,Chennai,Data Intake,Evening,439,31.74,5,3.4,91.73,35,Yes,1.139,Normal
104342,2026-03-17,Chennai,Data Intake,Evening,273,49.49,1,25.6,94.94,35,No,0.366,SLA Breach
100425,2026-03-17,Chennai,Enrichment,Evening,626,126.69,5,14.9,96.44,65,No,0.799,SLA Breach
101191,2026-03-17,Chennai,Publishing,Morning,170,28.79,4,5.6,87.34,30,Yes,2.353,Low Quality Score
103555,2026-03-17,Chennai,Publishing,Night,172,30.11,10,16.4,96.42,30,No,5.814,High Error Rate
105729,2026-03-17,Chennai,Publishing,Night,442,26.51,5,0.0,99.29,30,Yes,1.131,Normal
100572,2026-03-17,Chennai,Quality Review,Night,152,58.27,9,0.0,86.08,60,Yes,5.921,Low Quality Score
100929,2026-03-17,Chennai,Quality Review,Morning,297,39.74,4,5.3,94.42,60,Yes,1.347,Normal
101043,2026-03-17,Chennai,Quality Review,Morning,554,22.67,3,0.0,96.22,60,Yes,0.542,Normal
101079,2026-03-17,Chennai,Quality Review,Morning,286,40.51,4,0.0,89.04,60,Yes,1.399,Low Quality Score
101225,2026-03-17,Chennai,Quality Review,Evening,253,37.51,2,1.7,90.33,60,Yes,0.791,Normal
101678,2026-03-17,Chennai,Quality Review,Morning,416,63.77,5,6.5,94.21,60,No,1.202,SLA Breach
103461,2026-03-17,Chennai,Quality Review,Morning,594,70.62,5,0.0,92.77,60,No,0.842,SLA Breach
103989,2026-03-17,Chennai,Quality Review,Evening,426,34.62,6,8.6,97.94,60,Yes,1.408,Normal
104826,2026-03-17,Chennai,Quality Review,Evening,488,26.06,3,0.0,97.14,60,Yes,0.615,Normal
100165,2026-03-17,Hyderabad,Enrichment,Evening,342,74.91,10,16.9,88.35,65,No,2.924,Low Quality Score
100275,2026-03-17,Hyderabad,Enrichment,Evening,164,43.2,7,0.0,100.0,65,Yes,4.268,High Error Rate
104213,2026-03-17,Hyderabad,Enrichment,Night,403,66.56,4,27.4,97.17,65,No,0.993,SLA Breach
101635,2026-03-17,Hyderabad,Quality Review,Evening,276,98.54,6,11.7,99.64,60,No,2.174,High Error Rate
102290,2026-03-17,Hyderabad,Validation,Evening,599,60.09,9,1.8,92.3,55,No,1.503,SLA Breach
104446,2026-03-17,Hyderabad,Validation,Evening,177,51.68,7,0.0,91.32,55,Yes,3.955,High Error Rate
105892,2026-03-17,Hyderabad,Validation,Morning,140,56.04,4,5.4,100.0,55,No,2.857,High Error Rate
102698,2026-03-17,Pune,Enrichment,Night,576,47.28,8,7.6,94.69,65,Yes,1.389,Normal
101480,2026-03-17,Pune,Publishing,Morning,620,20.3,3,17.6,96.91,30,Yes,0.484,Normal
100624,2026-03-17,Pune,Quality Review,Evening,581,20.47,6,0.0,98.86,60,Yes,1.033,Normal
101309,2026-03-17,Pune,Quality Review,Night,136,40.46,2,0.0,85.79,60,Yes,1.471,Low Quality Score
102495,2026-03-17,Pune,Quality Review,Evening,632,53.94,8,23.3,88.1,60,Yes,1.266,Low Quality Score
100248,2026-03-17,Pune,Validation,Morning,351,64.31,5,0.0,93.56,55,No,1.425,SLA Breach
100732,2026-03-17,Pune,Validation,Evening,569,39.32,6,5.4,98.11,55,Yes,1.054,Normal
101485,2026-03-17,Pune,Validation,Night,607,69.6,2,17.4,86.09,55,No,0.329,Low Quality Score
102749,2026-03-17,Pune,Validation,Evening,558,41.81,7,0.0,91.5,55,Yes,1.254,Normal
102473,2026-03-17,Unknown,Data Intake,Evening,89,35.95,2,26.7,88.16,35,No,2.247,Low Quality Score
104130,2026-03-18,Bengaluru,Data Intake,Evening,192,25.0,5,0.0,94.34,35,Yes,2.604,High Error Rate
102341,2026-03-18,Bengaluru,Enrichment,Evening,252,46.4,7,0.0,91.39,65,Yes,2.778,High Error Rate
103369,2026-03-18,Bengaluru,Enrichment,Morning,566,44.15,3,9.2,97.89,65,Yes,0.53,Normal
103567,2026-03-18,Bengaluru,Enrichment,Evening,392,85.49,7,0.0,96.53,65,No,1.786,SLA Breach
103771,2026-03-18,Bengaluru,Enrichment,Evening,484,40.66,7,0.0,92.29,65,Yes,1.446,Normal
105800,2026-03-18,Bengaluru,Enrichment,Morning,149,40.86,7,18.0,94.25,65,Yes,4.698,High Error Rate
101059,2026-03-18,Bengaluru,Quality Review,Evening,142,103.21,6,0.0,89.56,60,No,4.225,Low Quality Score
102925,2026-03-18,Bengaluru,Validation,Night,476,32.28,3,5.5,93.23,55,Yes,0.63,Normal
104328,2026-03-18,Bengaluru,Validation,Morning,441,38.08,4,18.5,93.08,55,Yes,0.907,Normal
105304,2026-03-18,Bengaluru,Validation,Night,410,66.64,6,9.5,91.45,55,No,1.463,SLA Breach
102476,2026-03-18,Chennai,Data Intake,Evening,159,18.99,4,11.5,96.26,35,Yes,2.516,High Error Rate
102962,2026-03-18,Chennai,Data Intake,Night,592,46.5,6,4.3,97.97,35,No,1.014,SLA Breach
104562,2026-03-18,Chennai,Data Intake,Night,395,18.22,9,0.5,96.13,35,Yes,2.278,High Error Rate
101333,2026-03-18,Chennai,Enrichment,Night,474,84.11,9,9.2,93.53,65,No,1.899,SLA Breach
102224,2026-03-18,Chennai,Enrichment,Morning,496,51.14,8,7.1,93.24,65,Yes,1.613,Normal
104659,2026-03-18,Chennai,Enrichment,Morning,552,34.32,4,8.7,87.89,65,Yes,0.725,Low Quality Score
103563,2026-03-18,Chennai,Quality Review,Morning,569,50.23,6,0.2,88.69,60,Yes,1.054,Low Quality Score
101374,2026-03-18,Chennai,Validation,Evening,517,34.04,5,0.0,89.32,55,Yes,0.967,Low Quality Score
103209,2026-03-18,Chennai,Validation,Morning,407,44.14,7,45.8,95.61,55,Yes,1.72,Normal
105252,2026-03-18,Chennai,Validation,Night,585,78.59,3,1.8,97.74,55,No,0.513,SLA Breach
100777,2026-03-18,Hyderabad,Data Intake,Morning,580,32.36,3,20.9,93.89,35,Yes,0.517,Normal
102276,2026-03-18,Hyderabad,Validation,Evening,152,49.75,7,0.0,95.62,55,Yes,4.605,High Error Rate
101185,2026-03-18,Pune,Data Intake,Morning,618,25.01,10,17.8,97.08,35,Yes,1.618,Normal
102250,2026-03-18,Pune,Enrichment,Night,345,96.41,4,3.8,93.27,65,No,1.159,SLA Breach
103008,2026-03-18,Pune,Publishing,Evening,497,34.15,8,4.9,95.93,30,No,1.61,SLA Breach
104068,2026-03-18,Pune,Publishing,Evening,172,69.95,6,1.3,98.28,30,No,3.488,High Error Rate
101841,2026-03-18,Pune,Quality Review,Morning,554,56.66,6,6.8,91.56,60,Yes,1.083,Normal
103071,2026-03-18,Pune,Quality Review,Evening,275,36.67,6,13.5,90.96,60,Yes,2.182,High Error Rate
102694,2026-03-18,Pune,Validation,Evening,490,54.38,6,10.5,93.81,55,Yes,1.224,Normal
105439,2026-03-18,Pune,Validation,Morning,473,43.58,3,0.0,86.98,55,Yes,0.634,Low Quality Score
101153,2026-03-19,Bengaluru,Data Intake,Morning,179,35.57,9,7.3,88.45,35,No,5.028,Low Quality Score
103775,2026-03-19,Bengaluru,Enrichment,Evening,476,24.96,5,14.6,87.5,65,Yes,1.05,Low Quality Score
100547,2026-03-19,Bengaluru,Quality Review,Evening,278,61.73,9,0.0,98.3,60,No,3.237,High Error Rate
102990,2026-03-19,Bengaluru,Quality Review,Night,643,34.19,4,20.1,90.29,60,Yes,0.622,Normal
104670,2026-03-19,Bengaluru,Quality Review,Morning,238,89.57,3,0.0,90.76,60,No,1.261,SLA Breach
104191,2026-03-19,Bengaluru,Validation,Night,594,57.67,8,4.4,90.99,55,No,1.347,SLA Breach
104035,2026-03-19,Chennai,Data Intake,Night,463,23.6,4,4.5,97.7,35,Yes,0.864,Normal
102760,2026-03-19,Chennai,Enrichment,Morning,430,32.51,1,11.3,92.14,65,Yes,0.233,Normal
104520,2026-03-19,Chennai,Enrichment,Evening,289,30.63,3,0.0,93.01,65,Yes,1.038,Normal
105807,2026-03-19,Chennai,Enrichment,Evening,130,35.07,6,13.3,93.84,65,Yes,4.615,High Error Rate
101687,2026-03-19,Chennai,Publishing,Night,334,17.75,7,0.0,96.37,30,Yes,2.096,High Error Rate
105272,2026-03-19,Chennai,Quality Review,Evening,518,54.49,2,0.0,93.5,60,Yes,0.386,Normal
105449,2026-03-19,Chennai,Quality Review,Night,463,44.78,3,0.0,96.01,60,Yes,0.648,Normal
103669,2026-03-19,Chennai,Validation,Evening,363,55.66,4,4.1,91.56,55,No,1.102,SLA Breach
104710,2026-03-19,Hyderabad,Data Intake,Night,551,33.04,4,28.9,94.37,35,Yes,0.726,Normal
100954,2026-03-19,Hyderabad,Enrichment,Morning,505,75.75,11,0.0,100.0,65,No,2.178,High Error Rate
103218,2026-03-19,Hyderabad,Validation,Morning,370,16.48,7,5.8,93.04,55,Yes,1.892,Normal
104743,2026-03-19,Pune,Quality Review,Morning,220,66.77,3,23.1,86.97,60,No,1.364,Low Quality Score
100500,2026-03-19,Pune,Validation,Morning,531,56.71,10,0.0,99.45,55,No,1.883,SLA Breach
101437,2026-03-19,Pune,Validation,Evening,152,65.4,3,0.0,95.27,55,No,1.974,SLA Breach
104336,2026-03-19,Pune,Validation,Morning,471,19.33,6,0.0,100.0,55,Yes,1.274,Normal
100473,2026-03-20,Bengaluru,Data Intake,Evening,524,20.03,2,8.6,99.36,35,Yes,0.382,Normal
100994,2026-03-20,Bengaluru,Data Intake,Evening,423,27.86,9,0.0,90.36,35,Yes,2.128,High Error Rate
105704,2026-03-20,Bengaluru,Data Intake,Evening,360,21.37,6,0.0,95.99,35,Yes,1.667,Normal
100407,2026-03-20,Bengaluru,Enrichment,Morning,629,49.86,6,8.5,95.99,65,Yes,0.954,Normal
105638,2026-03-20,Bengaluru,Enrichment,Morning,388,107.97,4,15.1,94.52,65,No,1.031,SLA Breach
101496,2026-03-20,Bengaluru,Publishing,Morning,529,16.39,4,7.7,95.82,30,Yes,0.756,Normal
100354,2026-03-20,Bengaluru,Quality Review,Evening,159,56.23,6,0.0,96.77,60,Yes,3.774,High Error Rate
102661,2026-03-20,Bengaluru,Quality Review,Morning,141,29.26,8,33.2,91.72,60,Yes,5.674,High Error Rate
103220,2026-03-20,Bengaluru,Quality Review,Morning,213,64.78,6,0.0,94.85,60,No,2.817,High Error Rate
100795,2026-03-20,Bengaluru,Validation,Morning,641,51.43,6,8.7,89.02,55,Yes,0.936,Low Quality Score
103173,2026-03-20,Bengaluru,Validation,Night,344,62.94,1,0.0,96.39,55,No,0.291,SLA Breach
105051,2026-03-20,Bengaluru,Validation,Morning,362,56.18,5,23.2,98.71,55,No,1.381,SLA Breach
100005,2026-03-20,Chennai,Data Intake,Evening,569,28.13,3,0.8,95.76,35,Yes,0.527,Normal
105716,2026-03-20,Chennai,Data Intake,Morning,345,16.54,5,9.2,92.36,35,Yes,1.449,Normal
100155,2026-03-20,Chennai,Enrichment,Evening,365,42.45,0,14.8,94.08,65,Yes,0.0,Normal
102566,2026-03-20,Chennai,Enrichment,Morning,379,31.46,8,12.4,92.12,65,Yes,2.111,High Error Rate
105201,2026-03-20,Chennai,Enrichment,Morning,119,44.43,4,20.6,95.19,65,Yes,3.361,High Error Rate
101741,2026-03-20,Chennai,Publishing,Evening,95,38.52,6,0.0,93.27,30,No,6.316,High Error Rate
100238,2026-03-20,Chennai,Quality Review,Evening,216,36.61,10,0.0,100.0,60,Yes,4.63,High Error Rate
100435,2026-03-20,Chennai,Quality Review,Morning,310,76.01,4,15.8,95.66,60,No,1.29,SLA Breach
102934,2026-03-20,Chennai,Quality Review,Night,540,54.31,6,20.6,91.38,60,Yes,1.111,Normal
103619,2026-03-20,Chennai,Validation,Evening,301,62.03,9,0.6,92.7,55,No,2.99,High Error Rate
103676,2026-03-20,Chennai,Validation,Morning,166,79.33,9,0.0,96.87,55,No,5.422,High Error Rate
103893,2026-03-20,Chennai,Validation,Night,263,33.1,6,0.0,88.59,55,Yes,2.281,Low Quality Score
104284,2026-03-20,Chennai,Validation,Morning,417,44.48,7,17.0,94.77,55,Yes,1.679,Normal
100621,2026-03-20,Hyderabad,Data Intake,Night,544,23.41,6,21.6,96.25,35,Yes,1.103,Normal
102007,2026-03-20,Hyderabad,Quality Review,Night,280,56.04,4,29.7,94.76,60,Yes,1.429,Normal
100633,2026-03-20,Hyderabad,Validation,Morning,219,67.68,7,36.6,92.99,55,No,3.196,High Error Rate
103325,2026-03-20,Hyderabad,Validation,Morning,327,29.6,2,14.3,97.85,55,Yes,0.612,Normal
105747,2026-03-20,Hyderabad,Validation,Morning,514,49.58,6,25.7,96.34,55,Yes,1.167,Normal
102318,2026-03-20,Pune,Data Intake,Morning,147,21.54,5,0.0,90.11,35,Yes,3.401,High Error Rate
104616,2026-03-20,Pune,Data Intake,Morning,411,23.26,3,4.4,95.75,35,Yes,0.73,Normal
101444,2026-03-20,Pune,Enrichment,Night,314,86.92,4,0.0,96.44,65,No,1.274,SLA Breach
102762,2026-03-20,Pune,Enrichment,Evening,306,36.8,2,6.5,91.57,65,Yes,0.654,Normal
100091,2026-03-20,Pune,Quality Review,Morning,226,50.77,6,5.4,94.11,60,Yes,2.655,High Error Rate
102999,2026-03-20,Pune,Quality Review,Night,486,32.68,5,0.0,86.91,60,Yes,1.029,Low Quality Score
105684,2026-03-20,Pune,Quality Review,Evening,355,58.99,3,0.0,94.92,60,Yes,0.845,Normal
101100,2026-03-20,Pune,Validation,Night,383,57.72,4,7.5,96.21,55,No,1.044,SLA Breach
101924,2026-03-20,Pune,Validation,Evening,620,31.0,3,1.4,93.47,55,Yes,0.484,Normal
102717,2026-03-20,Pune,Validation,Evening,173,61.33,3,15.3,99.85,55,No,1.734,SLA Breach
103261,2026-03-20,Pune,Validation,Evening,529,77.49,3,5.1,91.91,55,No,0.567,SLA Breach
104610,2026-03-20,Pune,Validation,Morning,169,44.96,5,12.6,89.75,55,Yes,2.959,Low Quality Score
100140,2026-03-21,Bengaluru,Data Intake,Morning,442,44.86,1,11.9,92.7,35,No,0.226,SLA Breach
100756,2026-03-21,Bengaluru,Enrichment,Morning,168,39.99,4,9.8,94.76,65,Yes,2.381,High Error Rate
101039,2026-03-21,Bengaluru,Enrichment,Evening,146,53.86,9,0.0,95.25,65,Yes,6.164,High Error Rate
103356,2026-03-21,Bengaluru,Enrichment,Morning,326,78.1,6,4.7,96.62,65,No,1.84,SLA Breach
103624,2026-03-21,Bengaluru,Enrichment,Evening,462,41.17,5,2.6,98.49,65,Yes,1.082,Normal
100298,2026-03-21,Bengaluru,Publishing,Morning,427,44.19,3,16.1,96.35,30,No,0.703,SLA Breach
102841,2026-03-21,Bengaluru,Publishing,Morning,474,24.22,9,9.2,99.06,30,Yes,1.899,Normal
105084,2026-03-21,Bengaluru,Validation,Morning,246,57.58,3,27.2,93.6,55,No,1.22,SLA Breach
101418,2026-03-21,Chennai,Data Intake,Evening,181,20.71,3,18.3,100.0,35,Yes,1.657,Normal
100121,2026-03-21,Chennai,Enrichment,Morning,387,88.14,5,20.4,92.15,65,No,1.292,SLA Breach
100285,2026-03-21,Chennai,Enrichment,Morning,290,37.3,5,0.0,95.36,65,Yes,1.724,Normal
102078,2026-03-21,Chennai,Enrichment,Night,340,74.59,2,0.0,96.33,65,No,0.588,SLA Breach
103744,2026-03-21,Chennai,Enrichment,Night,394,41.17,2,41.9,91.27,65,Yes,0.508,Normal
103860,2026-03-21,Chennai,Enrichment,Night,384,43.46,5,0.0,90.22,65,Yes,1.302,Normal
104028,2026-03-21,Chennai,Enrichment,Morning,491,120.29,5,4.6,93.46,65,No,1.018,SLA Breach
102954,2026-03-21,Chennai,Publishing,Evening,444,47.11,3,0.0,96.94,30,No,0.676,SLA Breach
103081,2026-03-21,Chennai,Publishing,Night,377,10.52,9,12.9,94.2,30,Yes,2.387,High Error Rate
103125,2026-03-21,Chennai,Publishing,Evening,183,46.07,8,10.5,94.91,30,No,4.372,High Error Rate
105686,2026-03-21,Chennai,Publishing,Morning,374,30.1,5,0.0,96.12,30,No,1.337,SLA Breach
100082,2026-03-21,Chennai,Validation,Evening,389,38.7,3,4.4,95.16,55,Yes,0.771,Normal
105803,2026-03-21,Chennai,Validation,Night,444,51.85,2,7.8,94.5,55,Yes,0.45,Normal
100004,2026-03-21,Hyderabad,Data Intake,Night,497,29.42,5,11.9,93.08,35,Yes,1.006,Normal
101220,2026-03-21,Hyderabad,Quality Review,Evening,353,69.62,3,0.0,90.3,60,No,0.85,SLA Breach
102916,2026-03-21,Hyderabad,Quality Review,Morning,222,73.6,9,2.4,97.12,60,No,4.054,High Error Rate
104765,2026-03-21,Hyderabad,Quality Review,Evening,419,29.0,8,0.2,97.59,60,Yes,1.909,Normal
104878,2026-03-21,Hyderabad,Validation,Evening,376,39.42,6,0.0,90.96,55,Yes,1.596,Normal
105521,2026-03-21,Hyderabad,Validation,Night,321,50.43,3,13.1,96.96,55,Yes,0.935,Normal
102565,2026-03-21,Pune,Data Intake,Evening,381,23.89,6,6.6,96.06,35,Yes,1.575,Normal
103104,2026-03-21,Pune,Enrichment,Morning,423,102.66,4,6.6,95.83,65,No,0.946,SLA Breach
103551,2026-03-21,Pune,Enrichment,Evening,633,27.22,5,19.5,95.27,65,Yes,0.79,Normal
101992,2026-03-21,Pune,Quality Review,Morning,297,68.14,7,2.7,88.05,60,No,2.357,Low Quality Score
102135,2026-03-21,Pune,Quality Review,Morning,510,34.37,2,25.6,88.57,60,Yes,0.392,Low Quality Score
100030,2026-03-22,Bengaluru,Data Intake,Evening,584,46.81,4,0.0,93.58,35,No,0.685,SLA Breach
104545,2026-03-22,Bengaluru,Data Intake,Morning,617,25.05,4,23.1,93.94,35,Yes,0.648,Normal
100923,2026-03-22,Bengaluru,Enrichment,Morning,370,29.67,5,2.5,98.42,65,Yes,1.351,Normal
104004,2026-03-22,Bengaluru,Enrichment,Morning,99,55.15,5,9.2,94.08,65,Yes,5.051,High Error Rate
104529,2026-03-22,Bengaluru,Enrichment,Evening,563,71.15,4,30.7,97.25,65,No,0.71,SLA Breach
100935,2026-03-22,Bengaluru,Publishing,Morning,318,45.1,4,9.6,92.13,30,No,1.258,SLA Breach
102157,2026-03-22,Bengaluru,Publishing,Evening,445,16.07,5,27.4,97.02,30,Yes,1.124,Normal
101643,2026-03-22,Bengaluru,Quality Review,Evening,311,25.56,6,22.6,91.75,60,Yes,1.929,Normal
105629,2026-03-22,Bengaluru,Quality Review,Evening,305,48.02,6,24.5,94.26,60,Yes,1.967,Normal
100047,2026-03-22,Bengaluru,Validation,Morning,259,55.34,4,0.0,93.17,55,No,1.544,SLA Breach
102521,2026-03-22,Bengaluru,Validation,Evening,195,64.55,5,0.0,94.29,55,No,2.564,High Error Rate
103556,2026-03-22,Bengaluru,Validation,Night,430,52.12,5,29.0,87.92,55,Yes,1.163,Low Quality Score
104942,2026-03-22,Bengaluru,Validation,Evening,222,61.08,6,19.7,100.0,55,No,2.703,High Error Rate
105344,2026-03-22,Bengaluru,Validation,Morning,131,35.42,10,6.7,90.99,55,Yes,7.634,High Error Rate
101263,2026-03-22,Chennai,Data Intake,Night,388,28.16,0,11.7,93.95,35,Yes,0.0,Normal
105095,2026-03-22,Chennai,Data Intake,Morning,482,48.78,5,28.8,94.41,35,No,1.037,SLA Breach
100267,2026-03-22,Chennai,Enrichment,Morning,359,44.14,5,40.6,93.32,65,Yes,1.393,Normal
102860,2026-03-22,Chennai,Enrichment,Evening,557,45.86,3,2.4,93.37,65,Yes,0.539,Normal
100186,2026-03-22,Chennai,Publishing,Evening,385,28.96,2,0.0,95.42,30,Yes,0.519,Normal
101293,2026-03-22,Chennai,Publishing,Morning,442,37.45,2,5.9,89.26,30,No,0.452,Low Quality Score
102735,2026-03-22,Chennai,Publishing,Night,283,43.16,7,26.4,93.2,30,No,2.473,High Error Rate
103489,2026-03-22,Chennai,Publishing,Evening,526,19.6,7,26.7,93.26,30,Yes,1.331,Normal
100219,2026-03-22,Chennai,Quality Review,Morning,463,58.62,5,0.0,96.12,60,Yes,1.08,Normal
103601,2026-03-22,Chennai,Quality Review,Night,95,21.84,7,20.0,87.16,60,Yes,7.368,Low Quality Score
103616,2026-03-22,Chennai,Quality Review,Morning,584,74.7,2,0.0,92.91,60,No,0.342,SLA Breach
103812,2026-03-22,Chennai,Quality Review,Evening,394,35.29,6,12.6,100.0,60,Yes,1.523,Normal
100800,2026-03-22,Chennai,Validation,Night,112,20.33,4,23.6,95.31,55,Yes,3.571,High Error Rate
103814,2026-03-22,Chennai,Validation,Morning,412,26.29,6,27.4,94.44,55,Yes,1.456,Normal
100689,2026-03-22,Hyderabad,Data Intake,Morning,319,33.26,5,4.3,98.94,35,Yes,1.567,Normal
104297,2026-03-22,Hyderabad,Enrichment,Morning,435,60.49,10,15.1,94.48,65,Yes,2.299,High Error Rate
101729,2026-03-22,Hyderabad,Quality Review,Night,403,51.52,3,32.7,93.25,60,Yes,0.744,Normal
103780,2026-03-22,Hyderabad,Quality Review,Morning,267,26.54,7,21.3,97.25,60,Yes,2.622,High Error Rate
104094,2026-03-22,Hyderabad,Quality Review,Evening,192,54.68,3,16.7,91.25,60,Yes,1.562,Normal
100869,2026-03-22,Hyderabad,Unknown,Morning,444,28.18,5,5.4,96.62,35,Yes,1.126,Normal
102802,2026-03-22,Hyderabad,Validation,Night,329,33.64,7,5.7,91.01,55,Yes,2.128,High Error Rate
105172,2026-03-22,Hyderabad,Validation,Night,402,45.93,2,0.0,95.26,55,Yes,0.498,Normal
102146,2026-03-22,Pune,Quality Review,Night,472,55.91,4,0.0,87.62,60,Yes,0.847,Low Quality Score
104465,2026-03-22,Pune,Quality Review,Morning,641,45.28,6,0.0,100.0,60,Yes,0.936,Normal
104416,2026-03-22,Pune,Validation,Evening,558,54.68,10,17.1,94.71,55,Yes,1.792,Normal
105534,2026-03-22,Pune,Validation,Morning,308,40.11,5,18.3,97.31,55,Yes,1.623,Normal
101184,2026-03-23,Bengaluru,Data Intake,Morning,306,31.76,0,0.0,94.82,35,Yes,0.0,Normal
102243,2026-03-23,Bengaluru,Enrichment,Morning,462,41.2,4,8.3,95.71,65,Yes,0.866,Normal
102217,2026-03-23,Bengaluru,Publishing,Morning,599,15.14,4,0.0,100.0,30,Yes,0.668,Normal
103453,2026-03-23,Bengaluru,Quality Review,Evening,366,49.16,4,2.3,91.51,60,Yes,1.093,Normal
104047,2026-03-23,Bengaluru,Quality Review,Evening,552,30.41,4,24.9,92.3,60,Yes,0.725,Normal
105178,2026-03-23,Bengaluru,Quality Review,Night,216,62.57,3,17.0,85.5,60,No,1.389,Low Quality Score
101373,2026-03-23,Bengaluru,Unknown,Night,615,84.85,4,18.8,97.6,35,No,0.65,SLA Breach
104759,2026-03-23,Bengaluru,Validation,Evening,644,79.41,12,18.6,92.39,55,No,1.863,SLA Breach
101057,2026-03-23,Chennai,Data Intake,Night,229,31.24,5,0.0,97.33,35,Yes,2.183,High Error Rate
103587,2026-03-23,Chennai,Data Intake,Morning,138,9.91,3,37.4,93.68,35,Yes,2.174,High Error Rate
104322,2026-03-23,Chennai,Data Intake,Evening,233,29.23,1,3.6,94.01,35,Yes,0.429,Normal
102047,2026-03-23,Chennai,Publishing,Morning,137,30.05,5,0.0,99.81,30,No,3.65,High Error Rate
103143,2026-03-23,Chennai,Publishing,Night,606,16.45,5,21.0,97.28,30,Yes,0.825,Normal
104444,2026-03-23,Chennai,Publishing,Evening,625,27.89,5,0.0,97.21,30,Yes,0.8,Normal
100020,2026-03-23,Chennai,Quality Review,Morning,510,65.39,3,0.0,94.87,60,No,0.588,SLA Breach
104106,2026-03-23,Chennai,Quality Review,Morning,519,25.97,10,9.9,90.14,60,Yes,1.927,Normal
104144,2026-03-23,Chennai,Quality Review,Night,616,58.85,4,5.1,92.21,60,Yes,0.649,Normal
104227,2026-03-23,Chennai,Quality Review,Morning,576,60.26,4,0.5,91.32,60,No,0.694,SLA Breach
101331,2026-03-23,Chennai,Validation,Morning,484,74.17,4,0.0,93.94,55,No,0.826,SLA Breach
105607,2026-03-23,Chennai,Validation,Evening,558,51.61,4,12.3,94.33,55,Yes,0.717,Normal
100214,2026-03-23,Hyderabad,Data Intake,Evening,630,29.71,4,12.6,96.13,35,Yes,0.635,Normal
101092,2026-03-23,Hyderabad,Data Intake,Night,107,21.49,5,0.0,94.96,35,Yes,4.673,High Error Rate
102435,2026-03-23,Hyderabad,Enrichment,Morning,175,63.9,7,8.1,98.06,65,Yes,4.0,High Error Rate
102645,2026-03-23,Hyderabad,Enrichment,Morning,258,36.76,6,18.9,90.06,65,Yes,2.326,High Error Rate
103666,2026-03-23,Hyderabad,Enrichment,Evening,108,71.78,4,0.0,99.32,65,No,3.704,High Error Rate
102040,2026-03-23,Hyderabad,Publishing,Evening,344,25.56,4,0.0,95.19,30,Yes,1.163,Normal
103747,2026-03-23,Hyderabad,Publishing,Morning,396,19.37,4,0.0,94.88,30,Yes,1.01,Normal
103817,2026-03-23,Hyderabad,Publishing,Evening,435,47.68,6,19.1,97.18,30,No,1.379,SLA Breach
100883,2026-03-23,Hyderabad,Quality Review,Morning,133,63.46,5,13.8,97.29,60,No,3.759,High Error Rate
101473,2026-03-23,Hyderabad,Quality Review,Morning,528,47.42,9,0.0,87.86,60,Yes,1.705,Low Quality Score
100031,2026-03-23,Hyderabad,Validation,Night,350,43.35,2,0.0,96.58,55,Yes,0.571,Normal
102382,2026-03-23,Hyderabad,Validation,Evening,466,82.81,2,0.0,91.2,55,No,0.429,SLA Breach
102578,2026-03-23,Hyderabad,Validation,Morning,100,58.66,8,18.2,94.4,55,No,8.0,High Error Rate
103500,2026-03-23,Hyderabad,Validation,Evening,200,74.81,4,20.8,94.22,55,No,2.0,SLA Breach
101890,2026-03-23,Pune,Data Intake,Night,190,23.02,4,1.8,95.94,35,Yes,2.105,High Error Rate
105664,2026-03-23,Pune,Enrichment,Morning,322,44.98,3,8.8,98.53,65,Yes,0.932,Normal
101319,2026-03-23,Pune,Publishing,Morning,425,17.29,5,0.6,89.65,30,Yes,1.176,Low Quality Score
101919,2026-03-23,Pune,Quality Review,Morning,300,82.93,4,16.3,94.11,60,No,1.333,SLA Breach
103080,2026-03-23,Pune,Validation,Night,639,63.68,6,20.5,93.57,55,No,0.939,SLA Breach
103981,2026-03-23,Pune,Validation,Morning,648,43.09,3,0.0,96.3,55,Yes,0.463,Normal
105310,2026-03-23,Pune,Validation,Morning,451,46.51,5,23.8,93.21,55,Yes,1.109,Normal
100792,2026-03-24,Bengaluru,Data Intake,Night,186,15.22,5,39.3,86.61,35,Yes,2.688,Low Quality Score
100871,2026-03-24,Bengaluru,Data Intake,Morning,234,21.1,4,7.3,98.6,35,Yes,1.709,Normal
105206,2026-03-24,Bengaluru,Data Intake,Night,399,56.22,3,17.4,91.65,35,No,0.752,SLA Breach
102180,2026-03-24,Bengaluru,Enrichment,Morning,537,148.02,3,16.9,96.41,65,No,0.559,SLA Breach
102845,2026-03-24,Bengaluru,Enrichment,Evening,142,70.6,4,2.6,86.35,65,No,2.817,Low Quality Score
104424,2026-03-24,Bengaluru,Enrichment,Night,428,111.09,5,6.3,92.21,65,No,1.168,SLA Breach
100506,2026-03-24,Bengaluru,Quality Review,Night,562,77.24,10,2.8,94.59,60,No,1.779,SLA Breach
100833,2026-03-24,Bengaluru,Quality Review,Night,154,38.92,5,0.0,87.42,60,Yes,3.247,Low Quality Score
100916,2026-03-24,Bengaluru,Validation,Morning,639,45.53,5,1.5,93.58,55,Yes,0.782,Normal
102391,2026-03-24,Bengaluru,Validation,Evening,117,25.85,2,16.1,94.98,55,Yes,1.709,Normal
102205,2026-03-24,Chennai,Data Intake,Morning,164,28.72,4,19.8,92.45,35,Yes,2.439,High Error Rate
104025,2026-03-24,Chennai,Data Intake,Night,561,35.18,5,13.7,99.26,35,No,0.891,SLA Breach
104050,2026-03-24,Chennai,Data Intake,Evening,336,37.08,5,14.3,88.79,35,No,1.488,Low Quality Score
104526,2026-03-24,Chennai,Data Intake,Evening,323,27.62,8,24.4,99.02,35,Yes,2.477,High Error Rate
101803,2026-03-24,Chennai,Enrichment,Morning,548,28.33,7,0.0,100.0,65,Yes,1.277,Normal
100537,2026-03-24,Chennai,Publishing,Evening,255,56.56,2,0.0,95.33,30,No,0.784,SLA Breach
102004,2026-03-24,Chennai,Publishing,Night,273,42.91,3,0.0,91.14,30,No,1.099,SLA Breach
102991,2026-03-24,Chennai,Publishing,Morning,631,36.97,2,9.2,92.04,30,No,0.317,SLA Breach
101555,2026-03-24,Chennai,Quality Review,Night,397,65.59,4,0.0,90.62,60,No,1.008,SLA Breach
105720,2026-03-24,Chennai,Validation,Morning,645,53.61,3,22.4,96.49,55,Yes,0.465,Normal
101458,2026-03-24,Hyderabad,Data Intake,Night,468,51.24,1,8.2,91.68,35,No,0.214,SLA Breach
101743,2026-03-24,Hyderabad,Data Intake,Night,145,26.29,3,0.0,92.57,35,Yes,2.069,High Error Rate
105579,2026-03-24,Hyderabad,Data Intake,Morning,134,37.14,6,15.1,92.16,35,No,4.478,High Error Rate
101368,2026-03-24,Hyderabad,Enrichment,Evening,566,42.25,7,0.0,93.5,65,Yes,1.237,Normal
101566,2026-03-24,Hyderabad,Enrichment,Evening,380,97.77,9,20.1,92.86,65,No,2.368,High Error Rate
105744,2026-03-24,Hyderabad,Enrichment,Morning,514,62.61,10,23.6,96.73,65,Yes,1.946,Normal
100798,2026-03-24,Hyderabad,Validation,Evening,579,33.59,2,6.5,94.76,55,Yes,0.345,Normal
102337,2026-03-24,Hyderabad,Validation,Night,219,26.94,7,19.6,87.68,55,Yes,3.196,Low Quality Score
103397,2026-03-24,Hyderabad,Validation,Evening,243,19.93,3,6.6,95.4,55,Yes,1.235,Normal
100205,2026-03-24,Pune,Data Intake,Morning,308,26.62,3,7.8,93.25,35,Yes,0.974,Normal
101853,2026-03-24,Pune,Enrichment,Morning,327,90.65,7,0.0,91.35,65,No,2.141,High Error Rate
102846,2026-03-24,Pune,Enrichment,Morning,191,40.56,3,0.0,95.46,65,Yes,1.571,Normal
103443,2026-03-24,Pune,Enrichment,Morning,432,54.51,6,18.4,100.0,65,Yes,1.389,Normal
103884,2026-03-24,Pune,Publishing,Evening,97,48.3,4,0.0,96.12,30,No,4.124,High Error Rate
105830,2026-03-24,Pune,Publishing,Night,209,25.01,4,0.0,91.97,30,Yes,1.914,Normal
100222,2026-03-24,Pune,Validation,Evening,128,52.47,4,0.4,93.06,55,Yes,3.125,High Error Rate
100231,2026-03-25,Bengaluru,Data Intake,Evening,190,22.27,2,0.0,91.05,35,Yes,1.053,Normal
101213,2026-03-25,Bengaluru,Data Intake,Morning,282,41.34,6,28.3,99.75,35,No,2.128,High Error Rate
105118,2026-03-25,Bengaluru,Data Intake,Morning,114,46.82,4,13.7,100.0,35,No,3.509,High Error Rate
100647,2026-03-25,Bengaluru,Enrichment,Evening,256,53.11,4,14.7,95.12,65,Yes,1.562,Normal
100905,2026-03-25,Bengaluru,Enrichment,Night,558,42.5,4,0.0,95.33,65,Yes,0.717,Normal
104742,2026-03-25,Bengaluru,Enrichment,Night,141,53.66,6,4.6,97.17,65,Yes,4.255,High Error Rate
105137,2026-03-25,Bengaluru,Enrichment,Morning,496,48.27,4,0.0,92.1,65,Yes,0.806,Normal
100612,2026-03-25,Bengaluru,Quality Review,Morning,198,59.44,4,7.5,87.49,60,Yes,2.02,Low Quality Score
100939,2026-03-25,Bengaluru,Quality Review,Evening,82,24.98,2,12.4,97.72,60,Yes,2.439,High Error Rate
102020,2026-03-25,Bengaluru,Quality Review,Morning,582,26.98,4,0.0,93.76,60,Yes,0.687,Normal
102582,2026-03-25,Bengaluru,Quality Review,Night,142,21.52,4,3.1,91.39,60,Yes,2.817,High Error Rate
104323,2026-03-25,Bengaluru,Quality Review,Evening,344,49.86,6,11.3,94.7,60,Yes,1.744,Normal
103016,2026-03-25,Chennai,Data Intake,Evening,541,43.2,3,14.2,97.43,35,No,0.555,SLA Breach
102507,2026-03-25,Chennai,Enrichment,Evening,604,19.59,5,12.9,92.78,65,Yes,0.828,Normal
100176,2026-03-25,Chennai,Publishing,Night,227,25.32,4,3.4,95.88,30,Yes,1.762,Normal
101520,2026-03-25,Chennai,Publishing,Evening,541,14.61,7,22.5,92.03,30,Yes,1.294,Normal
102465,2026-03-25,Chennai,Publishing,Evening,96,23.82,3,9.1,95.4,30,Yes,3.125,High Error Rate
102716,2026-03-25,Chennai,Publishing,Evening,272,41.06,8,0.0,99.11,30,No,2.941,High Error Rate
100335,2026-03-25,Chennai,Quality Review,Morning,172,40.24,3,0.0,97.22,60,Yes,1.744,Normal
102730,2026-03-25,Chennai,Validation,Evening,473,53.53,9,23.4,99.36,55,Yes,1.903,Normal
105022,2026-03-25,Chennai,Validation,Night,581,53.97,3,0.0,99.92,55,Yes,0.516,Normal
103132,2026-03-25,Hyderabad,Data Intake,Morning,109,29.08,3,7.3,94.24,35,Yes,2.752,High Error Rate
105213,2026-03-25,Hyderabad,Data Intake,Morning,181,20.87,5,7.0,93.91,35,Yes,2.762,High Error Rate
100114,2026-03-25,Hyderabad,Enrichment,Night,569,43.7,7,27.9,96.93,65,Yes,1.23,Normal
103954,2026-03-25,Hyderabad,Enrichment,Morning,204,35.29,6,0.0,90.07,65,Yes,2.941,High Error Rate
105666,2026-03-25,Hyderabad,Enrichment,Night,217,84.31,6,16.1,93.55,65,No,2.765,High Error Rate
105713,2026-03-25,Hyderabad,Publishing,Evening,491,23.12,5,18.1,96.74,30,Yes,1.018,Normal
100485,2026-03-25,Hyderabad,Quality Review,Morning,104,35.36,1,28.6,93.44,60,Yes,0.962,Normal
103631,2026-03-25,Hyderabad,Validation,Morning,192,53.5,3,0.0,95.08,55,Yes,1.562,Normal
104167,2026-03-25,Hyderabad,Validation,Night,215,34.98,5,11.3,100.0,55,Yes,2.326,High Error Rate
105472,2026-03-25,Pune,Data Intake,Night,474,27.11,2,0.0,94.01,35,Yes,0.422,Normal
100073,2026-03-25,Pune,Quality Review,Morning,402,40.0,10,0.0,88.93,60,Yes,2.488,Low Quality Score
103292,2026-03-25,Pune,Quality Review,Morning,646,42.82,5,17.8,91.14,60,Yes,0.774,Normal
105585,2026-03-25,Pune,Quality Review,Evening,382,19.79,3,0.4,97.85,60,Yes,0.785,Normal
102189,2026-03-25,Pune,Validation,Morning,647,56.18,9,0.0,98.76,55,No,1.391,SLA Breach
102274,2026-03-25,Pune,Validation,Evening,636,28.5,4,0.0,94.57,55,Yes,0.629,Normal
104179,2026-03-25,Pune,Validation,Evening,155,29.53,6,32.8,97.61,55,Yes,3.871,High Error Rate
100474,2026-03-26,Bengaluru,Data Intake,Night,290,36.9,4,38.2,94.63,35,No,1.379,SLA Breach
102077,2026-03-26,Bengaluru,Data Intake,Morning,346,26.39,5,0.0,93.05,35,Yes,1.445,Normal
102527,2026-03-26,Bengaluru,Data Intake,Night,342,23.12,3,14.2,97.62,35,Yes,0.877,Normal
105412,2026-03-26,Bengaluru,Data Intake,Morning,526,17.11,2,0.0,100.0,35,Yes,0.38,Normal
101697,2026-03-26,Bengaluru,Enrichment,Morning,400,68.61,4,0.0,95.34,65,No,1.0,SLA Breach
101768,2026-03-26,Bengaluru,Enrichment,Evening,551,41.3,7,0.0,85.63,65,Yes,1.27,Low Quality Score
102644,2026-03-26,Bengaluru,Enrichment,Night,234,34.91,2,1.2,93.66,65,Yes,0.855,Normal
100277,2026-03-26,Bengaluru,Publishing,Morning,424,14.54,4,9.2,95.3,30,Yes,0.943,Normal
104180,2026-03-26,Bengaluru,Publishing,Morning,213,50.73,3,24.9,94.85,30,No,1.408,SLA Breach
105907,2026-03-26,Bengaluru,Quality Review,Night,179,28.0,5,5.2,89.82,60,Yes,2.793,Low Quality Score
100070,2026-03-26,Bengaluru,Validation,Evening,450,45.18,7,0.0,100.0,55,Yes,1.556,Normal
103286,2026-03-26,Bengaluru,Validation,Evening,335,49.59,8,7.8,92.38,55,Yes,2.388,High Error Rate
104481,2026-03-26,Bengaluru,Validation,Night,191,67.86,2,10.9,99.62,55,No,1.047,SLA Breach
105769,2026-03-26,Bengaluru,Validation,Morning,436,99.81,4,20.8,91.27,55,No,0.917,SLA Breach
101075,2026-03-26,Chennai,Data Intake,Evening,178,29.86,4,14.0,93.75,35,Yes,2.247,High Error Rate
102409,2026-03-26,Chennai,Enrichment,Night,526,39.27,2,0.0,97.08,65,Yes,0.38,Normal
104867,2026-03-26,Chennai,Enrichment,Night,215,58.53,9,4.7,90.96,65,Yes,4.186,High Error Rate
105654,2026-03-26,Chennai,Enrichment,Evening,439,51.04,8,13.0,92.6,65,Yes,1.822,Normal
103139,2026-03-26,Chennai,Publishing,Evening,134,27.1,5,26.4,94.5,30,Yes,3.731,High Error Rate
105942,2026-03-26,Chennai,Publishing,Evening,612,35.38,8,15.0,94.58,30,No,1.307,SLA Breach
101248,2026-03-26,Chennai,Validation,Morning,612,55.67,13,15.2,90.07,55,No,2.124,High Error Rate
101802,2026-03-26,Chennai,Validation,Evening,152,90.7,5,9.0,93.04,55,No,3.289,High Error Rate
102976,2026-03-26,Chennai,Validation,Night,416,44.22,5,6.7,91.55,55,Yes,1.202,Normal
103560,2026-03-26,Chennai,Validation,Evening,464,25.99,7,0.0,98.56,55,Yes,1.509,Normal
104485,2026-03-26,Chennai,Validation,Morning,289,44.62,1,0.0,90.89,55,Yes,0.346,Normal
102354,2026-03-26,Hyderabad,Data Intake,Morning,538,47.76,6,3.4,99.04,35,No,1.115,SLA Breach
104807,2026-03-26,Hyderabad,Data Intake,Morning,468,65.41,8,0.0,93.2,35,No,1.709,SLA Breach
100710,2026-03-26,Hyderabad,Enrichment,Morning,101,56.25,7,16.1,89.44,65,Yes,6.931,Low Quality Score
103090,2026-03-26,Hyderabad,Enrichment,Morning,247,86.42,6,6.9,98.84,65,No,2.429,High Error Rate
105340,2026-03-26,Hyderabad,Enrichment,Morning,251,103.87,8,2.5,92.23,65,No,3.187,High Error Rate
105274,2026-03-26,Hyderabad,Publishing,Morning,235,15.85,4,9.3,93.24,30,Yes,1.702,Normal
100054,2026-03-26,Hyderabad,Quality Review,Evening,507,36.97,5,23.7,92.85,60,Yes,0.986,Normal
100367,2026-03-26,Hyderabad,Quality Review,Night,461,33.91,5,0.9,94.82,60,Yes,1.085,Normal
101102,2026-03-26,Hyderabad,Quality Review,Evening,144,44.12,3,12.7,98.41,60,Yes,2.083,High Error Rate
104343,2026-03-26,Pune,Data Intake,Morning,517,24.17,3,26.6,95.24,35,Yes,0.58,Normal
101499,2026-03-26,Pune,Quality Review,Night,249,46.3,5,10.9,89.28,60,Yes,2.008,Low Quality Score
101954,2026-03-26,Pune,Quality Review,Night,175,40.56,6,0.4,95.92,60,Yes,3.429,High Error Rate
103662,2026-03-26,Pune,Validation,Morning,530,73.53,7,0.0,91.18,55,No,1.321,SLA Breach
101968,2026-03-26,Unknown,Publishing,Morning,531,19.34,3,13.5,93.42,30,Yes,0.565,Normal
100290,2026-03-27,Bengaluru,Data Intake,Morning,536,29.97,3,0.0,91.1,35,Yes,0.56,Normal
101431,2026-03-27,Bengaluru,Data Intake,Evening,374,26.16,4,11.7,91.4,35,Yes,1.07,Normal
102395,2026-03-27,Bengaluru,Publishing,Evening,266,30.28,1,20.4,92.22,30,No,0.376,SLA Breach
102913,2026-03-27,Bengaluru,Publishing,Morning,102,28.82,2,5.9,97.56,30,Yes,1.961,Normal
103874,2026-03-27,Bengaluru,Quality Review,Evening,275,81.3,4,0.0,93.57,60,No,1.455,SLA Breach
100124,2026-03-27,Bengaluru,Validation,Night,336,79.55,5,0.0,93.04,55,No,1.488,SLA Breach
103938,2026-03-27,Bengaluru,Validation,Night,90,55.88,6,2.8,89.62,55,No,6.667,Low Quality Score
101789,2026-03-27,Chennai,Data Intake,Evening,458,44.41,3,8.3,90.71,35,No,0.655,SLA Breach
102454,2026-03-27,Chennai,Data Intake,Morning,180,39.36,8,0.0,94.85,35,No,4.444,High Error Rate
104707,2026-03-27,Chennai,Data Intake,Evening,165,34.87,9,0.0,94.95,35,Yes,5.455,High Error Rate
105354,2026-03-27,Chennai,Data Intake,Morning,474,22.21,2,14.4,92.62,35,Yes,0.422,Normal
105992,2026-03-27,Chennai,Data Intake,Night,162,23.09,12,7.5,94.59,35,Yes,7.407,High Error Rate
101712,2026-03-27,Chennai,Enrichment,Evening,553,56.88,9,25.6,90.58,65,Yes,1.627,Normal
103410,2026-03-27,Chennai,Enrichment,Evening,502,95.51,5,1.7,95.97,65,No,0.996,SLA Breach
102459,2026-03-27,Chennai,Publishing,Evening,284,35.81,3,0.0,91.86,30,No,1.056,SLA Breach
104417,2026-03-27,Chennai,Publishing,Evening,174,34.52,3,0.0,100.0,30,No,1.724,SLA Breach
105348,2026-03-27,Chennai,Publishing,Night,633,18.14,9,0.2,95.33,30,Yes,1.422,Normal
100109,2026-03-27,Chennai,Quality Review,Evening,306,49.45,5,0.0,93.23,60,Yes,1.634,Normal
102463,2026-03-27,Chennai,Quality Review,Night,221,59.63,8,5.6,90.72,60,Yes,3.62,High Error Rate
103636,2026-03-27,Chennai,Quality Review,Night,349,88.87,6,0.0,95.74,60,No,1.719,SLA Breach
105491,2026-03-27,Chennai,Quality Review,Morning,224,63.76,4,22.3,91.87,60,No,1.786,SLA Breach
100974,2026-03-27,Chennai,Validation,Evening,490,23.2,5,3.0,94.8,55,Yes,1.02,Normal
103451,2026-03-27,Chennai,Validation,Morning,399,140.48,1,0.0,92.54,55,No,0.251,SLA Breach
100944,2026-03-27,Hyderabad,Enrichment,Evening,448,66.49,10,7.2,94.25,65,No,2.232,High Error Rate
102026,2026-03-27,Hyderabad,Quality Review,Morning,440,49.61,9,23.1,97.55,60,Yes,2.045,High Error Rate
102549,2026-03-27,Hyderabad,Validation,Evening,572,38.08,3,28.5,94.42,55,Yes,0.524,Normal
103123,2026-03-27,Hyderabad,Validation,Evening,344,38.8,3,25.7,96.81,55,Yes,0.872,Normal
105857,2026-03-27,Pune,Enrichment,Morning,480,31.37,3,0.0,94.15,65,Yes,0.625,Normal
104116,2026-03-27,Pune,Publishing,Morning,336,24.78,5,10.2,94.86,30,Yes,1.488,Normal
105872,2026-03-27,Pune,Publishing,Morning,357,36.75,9,10.9,95.77,30,No,2.521,High Error Rate
104606,2026-03-27,Pune,Quality Review,Evening,224,25.27,6,26.5,96.12,60,Yes,2.679,High Error Rate
101795,2026-03-28,Bengaluru,Data Intake,Evening,402,42.31,5,10.6,97.54,35,No,1.244,SLA Breach
102456,2026-03-28,Bengaluru,Data Intake,Night,488,18.72,4,23.2,92.96,35,Yes,0.82,Normal
102769,2026-03-28,Bengaluru,Data Intake,Morning,382,20.5,7,6.6,99.57,35,Yes,1.832,Normal
100785,2026-03-28,Bengaluru,Enrichment,Evening,332,34.46,4,6.5,91.19,65,Yes,1.205,Normal
105561,2026-03-28,Bengaluru,Enrichment,Night,637,45.72,4,9.4,97.2,65,Yes,0.628,Normal
100973,2026-03-28,Bengaluru,Publishing,Evening,393,25.39,4,40.4,97.68,30,Yes,1.018,Normal
104726,2026-03-28,Bengaluru,Publishing,Evening,527,14.13,5,23.0,90.36,30,Yes,0.949,Normal
100709,2026-03-28,Bengaluru,Quality Review,Morning,179,67.7,11,1.5,99.44,60,No,6.145,High Error Rate
100768,2026-03-28,Bengaluru,Quality Review,Night,186,59.64,5,10.9,92.97,60,Yes,2.688,High Error Rate
101420,2026-03-28,Bengaluru,Quality Review,Morning,543,43.31,4,1.3,98.08,60,Yes,0.737,Normal
102239,2026-03-28,Bengaluru,Quality Review,Morning,360,88.43,4,0.3,88.35,60,No,1.111,Low Quality Score
100519,2026-03-28,Bengaluru,Validation,Morning,608,41.45,4,30.6,92.78,55,Yes,0.658,Normal
102960,2026-03-28,Bengaluru,Validation,Evening,360,46.82,10,10.8,98.8,55,Yes,2.778,High Error Rate
103498,2026-03-28,Bengaluru,Validation,Evening,292,49.66,4,24.9,94.86,55,Yes,1.37,Normal
104453,2026-03-28,Bengaluru,Validation,Evening,510,62.07,3,15.0,91.53,55,No,0.588,SLA Breach
105631,2026-03-28,Bengaluru,Validation,Morning,217,20.18,3,51.9,93.01,55,Yes,1.382,Normal
101508,2026-03-28,Chennai,Data Intake,Morning,100,31.01,3,0.0,96.64,35,Yes,3.0,High Error Rate
103056,2026-03-28,Chennai,Enrichment,Morning,413,66.53,5,1.0,93.41,65,No,1.211,SLA Breach
103262,2026-03-28,Chennai,Enrichment,Evening,378,51.58,7,6.3,98.75,65,Yes,1.852,Normal
103846,2026-03-28,Chennai,Enrichment,Evening,528,40.61,5,0.0,90.64,65,Yes,0.947,Normal
101101,2026-03-28,Chennai,Publishing,Evening,377,25.11,7,2.3,94.49,30,Yes,1.857,Normal
101541,2026-03-28,Chennai,Publishing,Night,303,24.71,2,20.3,94.25,30,Yes,0.66,Normal
100622,2026-03-28,Chennai,Quality Review,Morning,598,61.79,1,8.6,92.31,60,No,0.167,SLA Breach
102178,2026-03-28,Chennai,Quality Review,Evening,193,91.85,5,0.0,100.0,60,No,2.591,High Error Rate
103138,2026-03-28,Chennai,Quality Review,Night,625,28.16,6,14.0,90.13,60,Yes,0.96,Normal
103427,2026-03-28,Chennai,Quality Review,Night,334,77.1,5,25.6,93.82,60,No,1.497,SLA Breach
103990,2026-03-28,Chennai,Validation,Morning,531,46.18,10,18.6,96.13,55,Yes,1.883,Normal
105147,2026-03-28,Chennai,Validation,Evening,573,54.52,6,1.7,94.55,55,Yes,1.047,Normal
103971,2026-03-28,Hyderabad,Data Intake,Evening,82,17.01,5,14.7,93.2,35,Yes,6.098,High Error Rate
104112,2026-03-28,Hyderabad,Data Intake,Morning,413,34.11,4,2.7,90.24,35,Yes,0.969,Normal
102980,2026-03-28,Hyderabad,Publishing,Morning,518,41.67,2,35.3,95.0,30,No,0.386,SLA Breach
104281,2026-03-28,Hyderabad,Validation,Evening,340,72.61,1,37.8,90.65,55,No,0.294,SLA Breach
100076,2026-03-28,Pune,Data Intake,Evening,507,13.26,7,6.3,95.84,35,Yes,1.381,Normal
101799,2026-03-28,Pune,Publishing,Evening,642,24.6,5,0.0,90.84,30,Yes,0.779,Normal
105133,2026-03-28,Pune,Publishing,Night,293,18.91,8,9.0,97.46,30,Yes,2.73,High Error Rate
101202,2026-03-28,Pune,Quality Review,Evening,287,55.44,4,0.0,95.4,60,Yes,1.394,Normal
101517,2026-03-29,Bengaluru,Data Intake,Evening,293,23.82,4,9.9,98.72,35,Yes,1.365,Normal
103923,2026-03-29,Bengaluru,Data Intake,Night,257,68.9,11,0.0,89.87,35,No,4.28,Low Quality Score
104895,2026-03-29,Bengaluru,Data Intake,Evening,588,52.69,8,11.4,95.51,35,No,1.361,SLA Breach
102844,2026-03-29,Bengaluru,Enrichment,Evening,320,43.89,7,23.3,100.0,65,Yes,2.188,High Error Rate
103656,2026-03-29,Bengaluru,Enrichment,Evening,124,50.14,5,39.6,93.7,65,Yes,4.032,High Error Rate
105379,2026-03-29,Bengaluru,Publishing,Evening,631,58.99,5,10.0,89.72,30,No,0.792,Low Quality Score
104355,2026-03-29,Bengaluru,Quality Review,Night,294,69.55,5,14.1,97.2,60,No,1.701,SLA Breach
100644,2026-03-29,Chennai,Data Intake,Morning,324,16.66,7,10.4,98.04,35,Yes,2.16,High Error Rate
103072,2026-03-29,Chennai,Data Intake,Night,330,17.25,6,4.4,98.54,35,Yes,1.818,Normal
104428,2026-03-29,Chennai,Enrichment,Evening,252,47.45,3,6.7,95.94,65,Yes,1.19,Normal
101146,2026-03-29,Chennai,Publishing,Morning,516,35.87,2,43.6,96.4,30,No,0.388,SLA Breach
102686,2026-03-29,Chennai,Publishing,Evening,119,16.46,6,0.0,98.73,30,Yes,5.042,High Error Rate
103855,2026-03-29,Chennai,Publishing,Night,310,39.77,3,10.1,93.46,30,No,0.968,SLA Breach
104608,2026-03-29,Chennai,Publishing,Night,140,60.24,13,7.0,94.83,30,No,9.286,High Error Rate
104890,2026-03-29,Hyderabad,Data Intake,Morning,158,27.34,6,24.5,92.39,35,Yes,3.797,High Error Rate
101808,2026-03-29,Hyderabad,Validation,Morning,600,45.29,9,29.5,93.24,55,Yes,1.5,Normal
100276,2026-03-29,Pune,Data Intake,Night,605,26.53,4,19.3,87.97,35,Yes,0.661,Low Quality Score
105809,2026-03-29,Pune,Enrichment,Morning,613,50.13,6,17.3,96.3,65,Yes,0.979,Normal
101932,2026-03-29,Unknown,Quality Review,Morning,195,20.08,5,8.1,97.55,60,Yes,2.564,High Error Rate
104473,2026-03-30,Bengaluru,Data Intake,Evening,135,44.82,8,6.7,93.07,35,No,5.926,High Error Rate
101031,2026-03-30,Bengaluru,Enrichment,Night,389,42.29,2,3.0,93.02,65,Yes,0.514,Normal
101477,2026-03-30,Bengaluru,Enrichment,Night,507,63.93,5,13.5,92.8,65,Yes,0.986,Normal
102416,2026-03-30,Bengaluru,Quality Review,Evening,476,38.53,6,0.9,90.05,60,Yes,1.261,Normal
100444,2026-03-30,Bengaluru,Validation,Morning,239,28.74,5,0.0,95.89,55,Yes,2.092,High Error Rate
101244,2026-03-30,Bengaluru,Validation,Morning,163,75.27,4,11.2,92.93,55,No,2.454,High Error Rate
105330,2026-03-30,Bengaluru,Validation,Night,99,42.27,1,28.1,89.86,55,Yes,1.01,Low Quality Score
100284,2026-03-30,Chennai,Data Intake,Night,619,59.78,3,27.9,99.1,35,No,0.485,SLA Breach
102156,2026-03-30,Chennai,Data Intake,Evening,425,37.7,5,5.9,93.66,35,No,1.176,SLA Breach
102958,2026-03-30,Chennai,Data Intake,Night,315,49.65,4,15.4,94.25,35,No,1.27,SLA Breach
104830,2026-03-30,Chennai,Data Intake,Night,522,37.12,6,12.8,91.21,35,No,1.149,SLA Breach
101116,2026-03-30,Chennai,Enrichment,Morning,151,29.0,1,0.0,98.46,65,Yes,0.662,Normal
100282,2026-03-30,Chennai,Publishing,Morning,332,24.34,4,0.0,98.55,30,Yes,1.205,Normal
100651,2026-03-30,Chennai,Publishing,Evening,544,48.78,4,7.9,94.79,30,No,0.735,SLA Breach
102298,2026-03-30,Chennai,Publishing,Morning,385,17.22,1,9.9,95.85,30,Yes,0.26,Normal
103015,2026-03-30,Chennai,Validation,Morning,185,39.69,8,9.0,91.39,55,Yes,4.324,High Error Rate
104714,2026-03-30,Chennai,Validation,Morning,440,63.16,5,17.2,90.13,55,No,1.136,SLA Breach
105209,2026-03-30,Hyderabad,Data Intake,Morning,326,16.5,4,0.0,91.03,35,Yes,1.227,Normal
100729,2026-03-30,Hyderabad,Enrichment,Night,195,23.47,6,0.2,91.43,65,Yes,3.077,High Error Rate
101918,2026-03-30,Hyderabad,Enrichment,Morning,173,46.71,13,0.0,94.93,65,Yes,7.514,High Error Rate
104217,2026-03-30,Hyderabad,Publishing,Night,538,17.46,5,23.8,91.45,30,Yes,0.929,Normal
104014,2026-03-30,Hyderabad,Validation,Evening,539,73.57,3,3.6,94.54,55,No,0.557,SLA Breach
104415,2026-03-30,Hyderabad,Validation,Morning,116,49.98,3,0.0,100.0,55,Yes,2.586,High Error Rate
104561,2026-03-30,Pune,Data Intake,Morning,137,34.24,4,14.5,97.32,35,Yes,2.92,High Error Rate
101492,2026-03-30,Pune,Enrichment,Morning,606,43.28,7,23.5,91.36,65,Yes,1.155,Normal
101018,2026-03-31,Bengaluru,Quality Review,Evening,513,68.27,9,0.0,94.36,60,No,1.754,SLA Breach
103140,2026-03-31,Bengaluru,Quality Review,Morning,287,76.19,5,17.7,97.98,60,No,1.742,SLA Breach
100252,2026-03-31,Bengaluru,Validation,Morning,560,32.77,5,10.1,95.48,55,Yes,0.893,Normal
101120,2026-03-31,Bengaluru,Validation,Night,432,40.77,1,23.9,93.65,55,Yes,0.231,Normal
103644,2026-03-31,Bengaluru,Validation,Morning,459,47.06,5,15.5,95.23,55,Yes,1.089,Normal
103660,2026-03-31,Bengaluru,Validation,Evening,96,84.06,3,0.0,95.73,55,No,3.125,High Error Rate
105389,2026-03-31,Bengaluru,Validation,Morning,625,26.9,3,4.1,96.34,55,Yes,0.48,Normal
100235,2026-03-31,Chennai,Data Intake,Morning,328,35.71,5,2.5,88.6,35,No,1.524,Low Quality Score
102011,2026-03-31,Chennai,Enrichment,Morning,632,82.16,9,0.3,85.69,65,No,1.424,Low Quality Score
104573,2026-03-31,Chennai,Publishing,Night,101,22.52,5,24.8,98.92,30,Yes,4.95,High Error Rate
105226,2026-03-31,Chennai,Publishing,Night,584,24.44,2,33.5,95.59,30,Yes,0.342,Normal
105675,2026-03-31,Chennai,Publishing,Evening,242,25.76,8,17.6,92.7,30,Yes,3.306,High Error Rate
100185,2026-03-31,Chennai,Quality Review,Night,97,79.92,3,7.2,97.73,60,No,3.093,High Error Rate
102540,2026-03-31,Chennai,Quality Review,Evening,310,35.68,6,27.8,91.44,60,Yes,1.935,Normal
105193,2026-03-31,Chennai,Quality Review,Evening,627,45.26,4,0.0,92.38,60,Yes,0.638,Normal
102664,2026-03-31,Chennai,Validation,Evening,263,31.38,7,0.0,94.67,55,Yes,2.662,High Error Rate
103141,2026-03-31,Chennai,Validation,Evening,227,53.56,2,0.0,94.72,55,Yes,0.881,Normal
105232,2026-03-31,Chennai,Validation,Night,502,49.81,3,14.2,87.89,55,Yes,0.598,Low Quality Score
102642,2026-03-31,Hyderabad,Data Intake,Night,545,21.27,7,7.5,90.64,35,Yes,1.284,Normal
102977,2026-03-31,Hyderabad,Data Intake,Evening,411,26.24,7,0.0,92.51,35,Yes,1.703,Normal
101353,2026-03-31,Hyderabad,Enrichment,Morning,642,69.69,8,0.0,91.27,65,No,1.246,SLA Breach
101519,2026-03-31,Hyderabad,Enrichment,Evening,465,64.64,7,4.4,94.43,65,Yes,1.505,Normal
101549,2026-03-31,Hyderabad,Enrichment,Morning,108,30.44,6,8.4,96.46,65,Yes,5.556,High Error Rate
103450,2026-03-31,Hyderabad,Enrichment,Morning,626,89.17,8,18.2,94.2,65,No,1.278,SLA Breach
105775,2026-03-31,Hyderabad,Publishing,Evening,619,30.29,9,22.8,99.66,30,No,1.454,SLA Breach
101356,2026-03-31,Hyderabad,Quality Review,Morning,137,34.04,4,28.7,94.04,60,Yes,2.92,High Error Rate
103709,2026-03-31,Hyderabad,Validation,Night,466,49.22,8,0.0,95.83,55,Yes,1.717,Normal
100563,2026-03-31,Pune,Data Intake,Evening,194,27.15,4,8.9,93.26,35,Yes,2.062,High Error Rate
100718,2026-03-31,Pune,Data Intake,Night,144,44.04,8,0.0,95.49,35,No,5.556,High Error Rate
105264,2026-03-31,Pune,Data Intake,Night,489,31.08,1,13.0,98.61,35,Yes,0.204,Normal
100203,2026-03-31,Pune,Enrichment,Evening,649,48.31,2,41.9,94.485,65,Yes,0.308,Normal
104196,2026-03-31,Pune,Enrichment,Evening,243,43.55,3,0.0,88.73,65,Yes,1.235,Low Quality Score
105604,2026-03-31,Pune,Publishing,Night,93,45.44,7,12.2,99.47,30,No,7.527,High Error Rate
101814,2026-03-31,Pune,Quality Review,Evening,168,75.06,5,29.3,95.88,60,No,2.976,High Error Rate
104293,2026-03-31,Pune,Quality Review,Evening,344,36.25,6,9.7,93.18,60,Yes,1.744,Normal
102739,2026-03-31,Pune,Validation,Evening,296,48.25,6,30.7,92.87,55,Yes,2.027,High Error Rate
103842,2026-03-31,Pune,Validation,Morning,611,49.62,4,11.2,87.1,55,Yes,0.655,Low Quality Score
104363,2026-03-31,Pune,Validation,Evening,154,44.16,2,1.9,94.44,55,Yes,1.299,Normal
104638,2026-03-31,Pune,Validation,Night,152,55.36,7,29.4,94.71,55,No,4.605,High Error Rate
105498,2026-03-31,Pune,Validation,Evening,263,43.86,7,0.5,92.06,55,Yes,2.662,High Error Rate
100180,2026-04-01,Bengaluru,Data Intake,Morning,328,18.34,2,17.5,87.0,35,Yes,0.61,Low Quality Score
104660,2026-04-01,Bengaluru,Data Intake,Morning,579,47.2,6,4.6,88.18,35,No,1.036,Low Quality Score
104134,2026-04-01,Bengaluru,Enrichment,Evening,362,41.52,5,6.5,90.76,65,Yes,1.381,Normal
104883,2026-04-01,Bengaluru,Enrichment,Morning,461,62.88,11,0.0,90.86,65,Yes,2.386,High Error Rate
103706,2026-04-01,Bengaluru,Publishing,Evening,330,67.89,3,7.0,92.41,30,No,0.909,SLA Breach
104346,2026-04-01,Bengaluru,Publishing,Evening,514,23.77,8,10.8,90.69,30,Yes,1.556,Normal
105007,2026-04-01,Bengaluru,Publishing,Evening,533,20.87,11,14.0,96.59,30,Yes,2.064,High Error Rate
101053,2026-04-01,Bengaluru,Quality Review,Night,588,26.56,6,9.9,90.36,60,Yes,1.02,Normal
100021,2026-04-01,Bengaluru,Validation,Night,428,97.03,4,4.1,93.35,55,No,0.935,SLA Breach
100183,2026-04-01,Bengaluru,Validation,Night,543,38.74,7,0.0,96.62,55,Yes,1.289,Normal
104716,2026-04-01,Chennai,Data Intake,Morning,411,26.39,6,27.7,96.07,35,Yes,1.46,Normal
101162,2026-04-01,Chennai,Enrichment,Morning,334,25.78,6,3.5,90.29,65,Yes,1.796,Normal
100453,2026-04-01,Chennai,Quality Review,Night,308,34.3,9,24.9,97.21,60,Yes,2.922,High Error Rate
103927,2026-04-01,Chennai,Quality Review,Night,339,44.87,1,15.1,92.12,60,Yes,0.295,Normal
102538,2026-04-01,Hyderabad,Data Intake,Morning,364,51.74,3,0.0,100.0,35,No,0.824,SLA Breach
105347,2026-04-01,Hyderabad,Data Intake,Evening,112,27.59,4,32.3,92.29,35,Yes,3.571,High Error Rate
102948,2026-04-01,Hyderabad,Enrichment,Evening,169,27.54,4,6.2,91.82,65,Yes,2.367,High Error Rate
104085,2026-04-01,Hyderabad,Enrichment,Night,485,117.69,8,3.2,100.0,65,No,1.649,SLA Breach
100055,2026-04-01,Hyderabad,Publishing,Night,334,44.47,4,0.0,98.98,30,No,1.198,SLA Breach
105104,2026-04-01,Hyderabad,Publishing,Night,584,22.9,5,0.0,94.04,30,Yes,0.856,Normal
103638,2026-04-01,Hyderabad,Quality Review,Night,495,25.36,7,6.7,93.46,60,Yes,1.414,Normal
103116,2026-04-01,Hyderabad,Validation,Morning,618,30.49,4,23.5,100.0,55,Yes,0.647,Normal
104340,2026-04-01,Pune,Data Intake,Evening,505,44.39,5,12.6,93.75,35,No,0.99,SLA Breach
104825,2026-04-01,Pune,Data Intake,Morning,646,28.61,10,5.7,88.98,35,Yes,1.548,Low Quality Score
100406,2026-04-01,Pune,Enrichment,Night,529,48.35,7,7.4,90.09,65,Yes,1.323,Normal
105000,2026-04-01,Pune,Enrichment,Morning,470,48.66,7,16.7,94.4,65,Yes,1.489,Normal
105973,2026-04-01,Pune,Enrichment,Evening,523,24.7,4,5.1,88.2,65,Yes,0.765,Low Quality Score
100405,2026-04-01,Pune,Quality Review,Evening,265,88.07,7,0.8,93.03,60,No,2.642,High Error Rate
105352,2026-04-01,Pune,Quality Review,Evening,463,74.92,2,18.0,97.48,60,No,0.432,SLA Breach
102254,2026-04-01,Pune,Validation,Morning,127,37.04,8,0.0,93.35,55,Yes,6.299,High Error Rate
102597,2026-04-01,Pune,Validation,Morning,629,23.17,4,15.4,97.08,55,Yes,0.636,Normal
103129,2026-04-02,Bengaluru,Data Intake,Night,442,14.26,8,7.3,97.21,35,Yes,1.81,Normal
100115,2026-04-02,Bengaluru,Enrichment,Morning,521,67.78,5,2.3,95.6,65,No,0.96,SLA Breach
102251,2026-04-02,Bengaluru,Enrichment,Evening,314,60.96,3,0.0,91.14,65,Yes,0.955,Normal
102952,2026-04-02,Bengaluru,Enrichment,Evening,362,78.44,3,16.6,97.18,65,No,0.829,SLA Breach
104169,2026-04-02,Bengaluru,Enrichment,Night,577,26.87,7,0.0,94.3,65,Yes,1.213,Normal
101152,2026-04-02,Bengaluru,Publishing,Morning,239,19.83,5,1.9,96.29,30,Yes,2.092,High Error Rate
102685,2026-04-02,Bengaluru,Publishing,Evening,553,13.78,7,23.0,94.44,30,Yes,1.266,Normal
101490,2026-04-02,Bengaluru,Quality Review,Morning,354,54.1,7,0.0,92.08,60,Yes,1.977,Normal
101618,2026-04-02,Bengaluru,Quality Review,Night,391,41.95,7,35.0,96.43,60,Yes,1.79,Normal
104270,2026-04-02,Bengaluru,Quality Review,Morning,377,41.81,7,13.9,92.34,60,Yes,1.857,Normal
100876,2026-04-02,Bengaluru,Validation,Evening,158,36.95,5,23.5,91.86,55,Yes,3.165,High Error Rate
103377,2026-04-02,Chennai,Data Intake,Evening,224,16.14,6,4.6,91.21,35,Yes,2.679,High Error Rate
104797,2026-04-02,Chennai,Data Intake,Evening,428,37.28,4,0.0,97.29,35,No,0.935,SLA Breach
105533,2026-04-02,Chennai,Enrichment,Morning,146,33.03,5,0.0,92.77,65,Yes,3.425,High Error Rate
105950,2026-04-02,Chennai,Enrichment,Morning,566,27.34,4,4.4,93.61,65,Yes,0.707,Normal
100667,2026-04-02,Chennai,Publishing,Evening,496,20.54,6,34.5,99.62,30,Yes,1.21,Normal
101008,2026-04-02,Chennai,Publishing,Morning,527,35.7,9,5.4,100.0,30,No,1.708,SLA Breach
102350,2026-04-02,Chennai,Publishing,Morning,98,24.61,6,8.3,92.45,30,Yes,6.122,High Error Rate
102715,2026-04-02,Chennai,Publishing,Evening,617,44.39,9,28.2,91.2,30,No,1.459,SLA Breach
104140,2026-04-02,Chennai,Publishing,Evening,438,23.5,2,0.0,97.72,30,Yes,0.457,Normal
101091,2026-04-02,Chennai,Quality Review,Morning,570,39.02,2,15.5,93.12,60,Yes,0.351,Normal
103376,2026-04-02,Chennai,Validation,Evening,614,47.74,4,16.6,92.56,55,Yes,0.651,Normal
104962,2026-04-02,Chennai,Validation,Morning,134,32.95,6,17.8,91.22,55,Yes,4.478,High Error Rate
100556,2026-04-02,Hyderabad,Data Intake,Evening,247,29.25,3,0.0,100.0,35,Yes,1.215,Normal
103012,2026-04-02,Hyderabad,Data Intake,Night,510,46.12,8,11.5,94.1,35,No,1.569,SLA Breach
103374,2026-04-02,Hyderabad,Data Intake,Evening,342,18.06,4,3.1,89.49,35,Yes,1.17,Low Quality Score
105082,2026-04-02,Hyderabad,Data Intake,Evening,626,22.38,3,7.3,95.56,35,Yes,0.479,Normal
105413,2026-04-02,Hyderabad,Data Intake,Evening,485,21.42,3,0.0,89.75,35,Yes,0.619,Low Quality Score
103762,2026-04-02,Hyderabad,Enrichment,Morning,342,56.35,9,15.0,90.07,65,Yes,2.632,High Error Rate
100629,2026-04-02,Hyderabad,Publishing,Evening,271,20.52,3,34.1,97.31,30,Yes,1.107,Normal
104173,2026-04-02,Hyderabad,Publishing,Morning,81,24.06,8,3.1,96.34,30,Yes,9.877,High Error Rate
105434,2026-04-02,Hyderabad,Publishing,Night,177,23.32,6,0.0,93.23,30,Yes,3.39,High Error Rate
101217,2026-04-02,Hyderabad,Quality Review,Evening,352,50.69,5,0.0,93.33,60,Yes,1.42,Normal
101241,2026-04-02,Hyderabad,Validation,Evening,211,39.49,3,0.0,90.46,55,Yes,1.422,Normal
101737,2026-04-02,Hyderabad,Validation,Evening,520,28.23,4,15.6,97.44,55,Yes,0.769,Normal
101767,2026-04-02,Hyderabad,Validation,Morning,565,56.33,6,0.0,97.25,55,No,1.062,SLA Breach
102901,2026-04-02,Pune,Data Intake,Evening,573,14.37,6,19.4,100.0,35,Yes,1.047,Normal
101379,2026-04-02,Pune,Enrichment,Morning,357,50.65,6,18.3,93.48,65,Yes,1.681,Normal
104536,2026-04-02,Pune,Enrichment,Night,387,105.08,5,5.5,98.63,65,No,1.292,SLA Breach
100420,2026-04-02,Pune,Publishing,Morning,117,20.75,7,0.0,92.22,30,Yes,5.983,High Error Rate
100159,2026-04-02,Pune,Validation,Evening,385,30.81,8,0.0,96.34,55,Yes,2.078,High Error Rate
104126,2026-04-02,Pune,Validation,Night,568,69.99,6,25.4,95.95,55,No,1.056,SLA Breach
102313,2026-04-03,Bengaluru,Enrichment,Morning,231,52.82,6,11.9,94.16,65,Yes,2.597,High Error Rate
105380,2026-04-03,Bengaluru,Enrichment,Evening,415,43.15,4,34.5,90.58,65,Yes,0.964,Normal
105515,2026-04-03,Bengaluru,Enrichment,Night,293,30.56,3,11.6,97.19,65,Yes,1.024,Normal
102811,2026-04-03,Bengaluru,Publishing,Night,176,45.23,5,19.4,97.8,30,No,2.841,High Error Rate
100897,2026-04-03,Bengaluru,Quality Review,Morning,524,20.71,5,0.0,94.52,60,Yes,0.954,Normal
104109,2026-04-03,Bengaluru,Quality Review,Night,342,23.15,6,12.2,90.48,60,Yes,1.754,Normal
105442,2026-04-03,Bengaluru,Quality Review,Night,384,32.05,5,0.6,90.79,60,Yes,1.302,Normal
101442,2026-04-03,Bengaluru,Validation,Night,591,51.61,6,32.1,96.4,55,Yes,1.015,Normal
102066,2026-04-03,Bengaluru,Validation,Morning,575,106.27,1,5.3,97.9,55,No,0.174,SLA Breach
101000,2026-04-03,Chennai,Enrichment,Evening,377,54.81,3,10.9,90.88,65,Yes,0.796,Normal
103311,2026-04-03,Chennai,Publishing,Morning,510,41.61,4,12.8,94.46,30,No,0.784,SLA Breach
100940,2026-04-03,Chennai,Quality Review,Morning,136,45.7,5,0.0,94.93,60,Yes,3.676,High Error Rate
103665,2026-04-03,Chennai,Validation,Morning,87,73.89,5,0.0,90.16,55,No,5.747,High Error Rate
103940,2026-04-03,Chennai,Validation,Night,333,27.96,6,0.0,92.44,55,Yes,1.802,Normal
102743,2026-04-03,Hyderabad,Publishing,Morning,563,29.63,4,0.0,88.79,30,Yes,0.71,Low Quality Score
102959,2026-04-03,Hyderabad,Quality Review,Evening,444,24.61,1,0.0,98.92,60,Yes,0.225,Normal
103903,2026-04-03,Hyderabad,Quality Review,Morning,108,83.17,4,0.0,89.35,60,No,3.704,Low Quality Score
103995,2026-04-03,Hyderabad,Quality Review,Morning,485,62.7,7,25.6,89.66,60,No,1.443,Low Quality Score
101051,2026-04-03,Pune,Data Intake,Evening,517,46.06,2,0.0,90.17,35,No,0.387,SLA Breach
104395,2026-04-03,Pune,Data Intake,Morning,131,34.64,0,2.9,95.18,35,Yes,0.0,Normal
105080,2026-04-03,Pune,Enrichment,Morning,495,62.18,5,41.9,98.71,65,Yes,1.01,Normal
104396,2026-04-03,Pune,Publishing,Evening,204,25.37,3,10.9,90.93,30,Yes,1.471,Normal
100017,2026-04-03,Pune,Quality Review,Morning,163,46.33,6,19.9,93.62,60,Yes,3.681,High Error Rate
100445,2026-04-03,Pune,Quality Review,Night,339,24.1,4,20.6,93.13,60,Yes,1.18,Normal
101015,2026-04-04,Bengaluru,Publishing,Evening,489,37.31,9,12.4,93.9,30,No,1.84,SLA Breach
103809,2026-04-04,Bengaluru,Publishing,Night,139,26.27,3,19.9,100.0,30,Yes,2.158,High Error Rate
100803,2026-04-04,Bengaluru,Quality Review,Evening,611,50.63,3,8.1,97.67,60,Yes,0.491,Normal
101296,2026-04-04,Bengaluru,Quality Review,Evening,109,50.46,2,7.9,91.56,60,Yes,1.835,Normal
103654,2026-04-04,Bengaluru,Quality Review,Morning,396,29.89,5,6.2,91.53,60,Yes,1.263,Normal
100366,2026-04-04,Bengaluru,Validation,Night,521,55.89,7,10.4,94.67,55,No,1.344,SLA Breach
102876,2026-04-04,Bengaluru,Validation,Morning,155,23.76,6,7.9,90.9,55,Yes,3.871,High Error Rate
103421,2026-04-04,Bengaluru,Validation,Night,183,38.87,3,22.2,98.49,55,Yes,1.639,Normal
103901,2026-04-04,Bengaluru,Validation,Evening,528,39.5,3,13.7,98.18,55,Yes,0.568,Normal
100549,2026-04-04,Chennai,Enrichment,Evening,586,85.66,2,0.0,93.11,65,No,0.341,SLA Breach
100608,2026-04-04,Chennai,Enrichment,Evening,630,33.15,4,23.7,96.74,65,Yes,0.635,Normal
101207,2026-04-04,Chennai,Enrichment,Night,232,44.27,0,2.2,98.7,65,Yes,0.0,Normal
101720,2026-04-04,Chennai,Enrichment,Morning,623,31.72,12,12.2,94.48,65,Yes,1.926,Normal
104064,2026-04-04,Chennai,Publishing,Night,541,38.51,7,11.2,98.9,30,No,1.294,SLA Breach
104222,2026-04-04,Chennai,Quality Review,Morning,270,39.94,5,15.9,100.0,60,Yes,1.852,Normal
105556,2026-04-04,Chennai,Quality Review,Evening,445,51.46,6,0.0,95.82,60,Yes,1.348,Normal
105910,2026-04-04,Chennai,Quality Review,Evening,391,43.4,2,7.1,93.65,60,Yes,0.512,Normal
100344,2026-04-04,Chennai,Validation,Morning,553,27.66,7,16.1,97.25,55,Yes,1.266,Normal
104685,2026-04-04,Chennai,Validation,Morning,182,57.6,3,2.0,97.49,55,No,1.648,SLA Breach
105861,2026-04-04,Chennai,Validation,Morning,270,43.11,2,14.8,93.71,55,Yes,0.741,Normal
101165,2026-04-04,Hyderabad,Data Intake,Morning,155,44.34,5,18.9,94.65,35,No,3.226,High Error Rate
105128,2026-04-04,Hyderabad,Enrichment,Evening,136,53.13,6,8.3,91.11,65,Yes,4.412,High Error Rate
105459,2026-04-04,Hyderabad,Enrichment,Evening,597,83.44,10,0.0,96.4,65,No,1.675,SLA Breach
103244,2026-04-04,Hyderabad,Publishing,Evening,83,21.37,2,15.2,100.0,30,Yes,2.41,High Error Rate
100717,2026-04-04,Hyderabad,Validation,Morning,294,45.36,8,13.3,100.0,55,Yes,2.721,High Error Rate
103657,2026-04-04,Hyderabad,Validation,Night,442,54.08,3,0.0,92.23,55,Yes,0.679,Normal
105441,2026-04-04,Hyderabad,Validation,Night,235,84.66,6,0.0,94.79,55,No,2.553,High Error Rate
101583,2026-04-04,Pune,Enrichment,Morning,334,47.72,3,19.6,97.11,65,Yes,0.898,Normal
101680,2026-04-04,Pune,Enrichment,Morning,637,43.39,5,13.4,100.0,65,Yes,0.785,Normal
105065,2026-04-04,Pune,Enrichment,Evening,435,48.95,2,30.4,92.16,65,Yes,0.46,Normal
105825,2026-04-04,Pune,Enrichment,Evening,213,91.69,3,16.5,97.08,65,No,1.408,SLA Breach
101916,2026-04-04,Pune,Publishing,Evening,420,33.54,1,0.0,91.41,30,No,0.238,SLA Breach
101460,2026-04-04,Pune,Quality Review,Morning,312,55.02,3,0.0,90.86,60,Yes,0.962,Normal
102264,2026-04-04,Pune,Validation,Evening,321,35.93,8,8.5,93.0,55,Yes,2.492,High Error Rate
100893,2026-04-05,Bengaluru,Data Intake,Morning,435,33.87,8,5.0,96.91,35,Yes,1.839,Normal
101311,2026-04-05,Bengaluru,Data Intake,Evening,101,45.45,8,7.1,95.81,35,No,7.921,High Error Rate
102432,2026-04-05,Bengaluru,Data Intake,Morning,458,48.37,3,0.0,88.9,35,No,0.655,Low Quality Score
103337,2026-04-05,Bengaluru,Data Intake,Morning,633,31.14,2,4.8,88.61,35,Yes,0.316,Low Quality Score
104948,2026-04-05,Bengaluru,Data Intake,Morning,607,33.04,5,24.8,96.88,35,Yes,0.824,Normal
105915,2026-04-05,Bengaluru,Data Intake,Morning,300,22.83,5,8.0,95.21,35,Yes,1.667,Normal
101686,2026-04-05,Bengaluru,Enrichment,Night,393,56.13,6,31.6,87.76,65,Yes,1.527,Low Quality Score
104311,2026-04-05,Bengaluru,Enrichment,Morning,251,29.02,6,5.1,99.31,65,Yes,2.39,High Error Rate
105270,2026-04-05,Bengaluru,Enrichment,Morning,231,73.81,4,2.0,97.32,65,No,1.732,SLA Breach
105205,2026-04-05,Bengaluru,Publishing,Evening,281,27.25,5,6.3,94.09,30,Yes,1.779,Normal
104614,2026-04-05,Bengaluru,Quality Review,Morning,386,55.01,5,26.2,93.15,60,Yes,1.295,Normal
104740,2026-04-05,Bengaluru,Quality Review,Morning,104,37.78,5,0.0,98.7,60,Yes,4.808,High Error Rate
100449,2026-04-05,Bengaluru,Validation,Night,161,47.16,6,0.0,90.76,55,Yes,3.727,High Error Rate
103867,2026-04-05,Bengaluru,Validation,Morning,386,40.42,5,0.0,93.26,55,Yes,1.295,Normal
104512,2026-04-05,Bengaluru,Validation,Morning,489,35.89,3,0.0,94.01,55,Yes,0.613,Normal
105659,2026-04-05,Bengaluru,Validation,Morning,612,41.74,11,12.2,95.65,55,Yes,1.797,Normal
102477,2026-04-05,Chennai,Data Intake,Evening,107,22.21,7,2.2,93.31,35,Yes,6.542,High Error Rate
105633,2026-04-05,Chennai,Publishing,Morning,141,23.44,6,9.6,97.99,30,Yes,4.255,High Error Rate
100578,2026-04-05,Chennai,Quality Review,Morning,230,83.66,9,27.1,92.9,60,No,3.913,High Error Rate
101849,2026-04-05,Chennai,Quality Review,Morning,180,18.74,7,28.2,90.98,60,Yes,3.889,High Error Rate
101859,2026-04-05,Chennai,Quality Review,Morning,126,55.42,3,20.5,91.07,60,Yes,2.381,High Error Rate
105085,2026-04-05,Chennai,Quality Review,Night,477,28.01,8,12.6,94.47,60,Yes,1.677,Normal
100679,2026-04-05,Chennai,Validation,Evening,240,50.19,3,0.0,98.9,55,Yes,1.25,Normal
102133,2026-04-05,Chennai,Validation,Night,338,24.01,4,14.9,95.7,55,Yes,1.183,Normal
103552,2026-04-05,Chennai,Validation,Morning,292,29.06,2,8.9,100.0,55,Yes,0.685,Normal
103957,2026-04-05,Chennai,Validation,Evening,456,58.42,4,19.1,89.81,55,No,0.877,Low Quality Score
104032,2026-04-05,Chennai,Validation,Evening,359,37.52,5,0.0,94.02,55,Yes,1.393,Normal
104549,2026-04-05,Chennai,Validation,Evening,561,38.71,3,0.0,90.8,55,Yes,0.535,Normal
102777,2026-04-05,Hyderabad,Data Intake,Evening,615,27.32,6,9.0,93.58,35,Yes,0.976,Normal
102950,2026-04-05,Hyderabad,Enrichment,Night,481,70.27,13,4.3,96.47,65,No,2.703,High Error Rate
103392,2026-04-05,Hyderabad,Enrichment,Morning,364,52.06,4,8.3,100.0,65,Yes,1.099,Normal
104000,2026-04-05,Hyderabad,Enrichment,Evening,493,81.4,10,21.1,97.24,65,No,2.028,High Error Rate
105677,2026-04-05,Hyderabad,Enrichment,Night,112,54.77,4,20.0,94.48,65,Yes,3.571,High Error Rate
101800,2026-04-05,Hyderabad,Publishing,Evening,536,39.39,2,7.3,91.58,30,No,0.373,SLA Breach
100712,2026-04-05,Hyderabad,Validation,Morning,95,51.69,3,14.3,97.83,55,Yes,3.158,High Error Rate
101010,2026-04-05,Hyderabad,Validation,Evening,290,32.69,3,0.0,93.17,55,Yes,1.034,Normal
102714,2026-04-05,Hyderabad,Validation,Evening,462,56.43,5,3.0,92.14,55,No,1.082,SLA Breach
100701,2026-04-05,Pune,Data Intake,Night,239,30.2,4,18.8,94.21,35,Yes,1.674,Normal
104992,2026-04-05,Pune,Data Intake,Morning,114,27.92,7,0.0,95.03,35,Yes,6.14,High Error Rate
105727,2026-04-05,Pune,Enrichment,Morning,440,40.37,2,26.4,88.71,65,Yes,0.455,Low Quality Score
100296,2026-04-05,Pune,Validation,Morning,282,55.25,10,17.1,90.58,55,No,3.546,High Error Rate
102732,2026-04-05,Pune,Validation,Morning,240,26.76,5,16.2,98.46,55,Yes,2.083,High Error Rate
103469,2026-04-05,Pune,Validation,Night,354,20.4,3,0.0,100.0,55,Yes,0.847,Normal
103937,2026-04-05,Pune,Validation,Morning,382,37.75,7,1.5,96.28,55,Yes,1.832,Normal
101920,2026-04-06,Bengaluru,Data Intake,Morning,491,32.42,4,5.4,100.0,35,Yes,0.815,Normal
102609,2026-04-06,Bengaluru,Data Intake,Evening,433,59.06,5,1.8,93.11,35,No,1.155,SLA Breach
103360,2026-04-06,Bengaluru,Publishing,Morning,469,21.23,4,0.0,94.05,30,Yes,0.853,Normal
103539,2026-04-06,Bengaluru,Publishing,Evening,86,30.66,5,0.0,94.84,30,No,5.814,High Error Rate
104920,2026-04-06,Bengaluru,Publishing,Night,594,45.11,5,0.0,95.07,30,No,0.842,SLA Breach
103773,2026-04-06,Bengaluru,Quality Review,Morning,491,12.7,4,15.2,97.31,60,Yes,0.815,Normal
104836,2026-04-06,Bengaluru,Quality Review,Evening,388,44.04,4,11.1,94.87,60,Yes,1.031,Normal
101665,2026-04-06,Bengaluru,Validation,Evening,449,67.21,6,19.9,87.81,55,No,1.336,Low Quality Score
102489,2026-04-06,Bengaluru,Validation,Evening,420,39.57,5,6.0,92.61,55,Yes,1.19,Normal
101195,2026-04-06,Chennai,Data Intake,Evening,420,34.61,4,0.0,94.03,35,Yes,0.952,Normal
105559,2026-04-06,Chennai,Data Intake,Evening,231,19.33,1,6.1,88.78,35,Yes,0.433,Low Quality Score
100011,2026-04-06,Chennai,Enrichment,Morning,251,35.46,3,17.6,88.96,65,Yes,1.195,Low Quality Score
102518,2026-04-06,Chennai,Enrichment,Morning,103,47.83,4,20.5,95.66,65,Yes,3.883,High Error Rate
104219,2026-04-06,Chennai,Enrichment,Night,611,93.35,5,18.1,94.04,65,No,0.818,SLA Breach
105225,2026-04-06,Chennai,Enrichment,Night,177,74.32,5,4.6,97.74,65,No,2.825,High Error Rate
105520,2026-04-06,Chennai,Enrichment,Evening,537,48.4,6,17.6,96.1,65,Yes,1.117,Normal
103646,2026-04-06,Chennai,Publishing,Morning,336,19.21,6,2.7,96.84,30,Yes,1.786,Normal
105067,2026-04-06,Chennai,Publishing,Evening,212,41.98,5,21.3,100.0,30,No,2.358,High Error Rate
105758,2026-04-06,Chennai,Publishing,Evening,433,30.24,8,15.0,90.31,30,No,1.848,SLA Breach
101074,2026-04-06,Chennai,Quality Review,Morning,270,99.72,2,36.4,99.07,60,No,0.741,SLA Breach
103265,2026-04-06,Chennai,Quality Review,Evening,229,31.54,5,27.3,97.89,60,Yes,2.183,High Error Rate
103728,2026-04-06,Chennai,Quality Review,Morning,96,116.2,5,11.9,95.45,60,No,5.208,High Error Rate
105476,2026-04-06,Chennai,Quality Review,Evening,251,109.7,6,15.6,91.65,60,No,2.39,High Error Rate
100995,2026-04-06,Chennai,Validation,Evening,620,26.05,4,20.3,100.0,55,Yes,0.645,Normal
100997,2026-04-06,Chennai,Validation,Night,509,39.79,6,10.5,97.11,55,Yes,1.179,Normal
101501,2026-04-06,Chennai,Validation,Night,542,31.62,6,0.0,91.56,55,Yes,1.107,Normal
105090,2026-04-06,Chennai,Validation,Morning,568,28.2,11,10.4,91.17,55,Yes,1.937,Normal
105435,2026-04-06,Hyderabad,Data Intake,Morning,610,31.14,3,27.5,99.09,35,Yes,0.492,Normal
102029,2026-04-06,Hyderabad,Enrichment,Evening,631,58.79,6,14.7,91.78,65,Yes,0.951,Normal
105724,2026-04-06,Hyderabad,Enrichment,Morning,305,103.09,6,16.4,95.55,65,No,1.967,SLA Breach
101392,2026-04-06,Hyderabad,Publishing,Night,497,43.53,5,10.9,92.07,30,No,1.006,SLA Breach
103738,2026-04-06,Hyderabad,Publishing,Evening,466,46.39,7,0.0,99.61,30,No,1.502,SLA Breach
104813,2026-04-06,Hyderabad,Quality Review,Evening,521,48.18,5,0.0,90.97,60,Yes,0.96,Normal
103044,2026-04-06,Pune,Data Intake,Morning,642,62.98,2,10.4,93.03,35,No,0.312,SLA Breach
105517,2026-04-06,Pune,Enrichment,Morning,496,84.07,8,29.5,100.0,65,No,1.613,SLA Breach
101957,2026-04-06,Pune,Publishing,Morning,578,51.49,5,17.1,93.47,30,No,0.865,SLA Breach
104370,2026-04-06,Pune,Quality Review,Evening,478,35.95,5,36.0,90.11,60,Yes,1.046,Normal
105593,2026-04-06,Pune,Quality Review,Evening,544,58.33,9,8.1,94.65,60,Yes,1.654,Normal
101901,2026-04-07,Bengaluru,Data Intake,Morning,525,25.99,5,22.8,93.64,35,Yes,0.952,Normal
102766,2026-04-07,Bengaluru,Data Intake,Morning,348,43.43,7,1.4,92.67,35,No,2.011,High Error Rate
100507,2026-04-07,Bengaluru,Enrichment,Night,171,37.95,3,27.0,92.71,65,Yes,1.754,Normal
100648,2026-04-07,Bengaluru,Enrichment,Night,185,44.23,5,24.5,98.75,65,Yes,2.703,High Error Rate
101299,2026-04-07,Bengaluru,Enrichment,Morning,357,55.45,8,0.0,89.0,65,Yes,2.241,Low Quality Score
102949,2026-04-07,Bengaluru,Enrichment,Morning,632,33.31,5,12.9,98.98,65,Yes,0.791,Normal
103478,2026-04-07,Bengaluru,Enrichment,Evening,83,57.63,8,0.0,97.68,65,Yes,9.639,High Error Rate
102539,2026-04-07,Bengaluru,Quality Review,Evening,392,26.02,4,25.9,92.91,60,Yes,1.02,Normal
103777,2026-04-07,Bengaluru,Validation,Morning,491,65.94,10,0.0,94.05,55,No,2.037,High Error Rate
101147,2026-04-07,Chennai,Data Intake,Morning,467,26.9,5,27.5,95.59,35,Yes,1.071,Normal
102411,2026-04-07,Chennai,Data Intake,Evening,143,14.66,6,5.2,98.25,35,Yes,4.196,High Error Rate
102794,2026-04-07,Chennai,Data Intake,Morning,490,39.38,3,5.4,92.19,35,No,0.612,SLA Breach
101958,2026-04-07,Chennai,Enrichment,Evening,94,46.81,7,0.0,94.53,65,Yes,7.447,High Error Rate
101991,2026-04-07,Chennai,Enrichment,Morning,399,36.3,3,20.4,94.75,65,Yes,0.752,Normal
104058,2026-04-07,Chennai,Enrichment,Morning,445,53.13,4,0.0,94.83,65,Yes,0.899,Normal
101553,2026-04-07,Chennai,Publishing,Evening,540,67.49,3,34.7,92.98,30,No,0.556,SLA Breach
101725,2026-04-07,Chennai,Publishing,Night,448,25.63,5,10.9,88.35,30,Yes,1.116,Low Quality Score
103017,2026-04-07,Chennai,Publishing,Night,577,49.3,10,0.0,100.0,30,No,1.733,SLA Breach
103496,2026-04-07,Chennai,Publishing,Evening,402,57.45,3,5.3,97.81,30,No,0.746,SLA Breach
100351,2026-04-07,Chennai,Quality Review,Morning,473,36.22,2,5.4,91.76,60,Yes,0.423,Normal
100656,2026-04-07,Chennai,Quality Review,Evening,526,28.44,3,8.1,97.21,60,Yes,0.57,Normal
100747,2026-04-07,Chennai,Quality Review,Evening,399,85.86,3,0.0,93.19,60,No,0.752,SLA Breach
101341,2026-04-07,Chennai,Quality Review,Evening,166,54.19,7,10.7,90.48,60,Yes,4.217,High Error Rate
102607,2026-04-07,Chennai,Quality Review,Night,268,38.16,2,36.4,88.38,60,Yes,0.746,Low Quality Score
101902,2026-04-07,Chennai,Validation,Morning,190,40.65,6,10.1,96.84,55,Yes,3.158,High Error Rate
102310,2026-04-07,Chennai,Validation,Night,264,38.59,8,6.5,89.08,55,Yes,3.03,Low Quality Score
104224,2026-04-07,Chennai,Validation,Evening,283,32.14,6,23.8,89.39,55,Yes,2.12,Low Quality Score
100488,2026-04-07,Hyderabad,Enrichment,Evening,293,58.94,10,0.0,95.67,65,Yes,3.413,High Error Rate
105485,2026-04-07,Hyderabad,Enrichment,Night,276,47.7,7,21.4,100.0,65,Yes,2.536,High Error Rate
102593,2026-04-07,Hyderabad,Publishing,Morning,509,32.92,5,18.6,91.13,30,No,0.982,SLA Breach
104152,2026-04-07,Hyderabad,Quality Review,Night,641,46.12,8,26.1,93.94,60,Yes,1.248,Normal
105505,2026-04-07,Hyderabad,Quality Review,Evening,326,100.4,5,0.0,97.77,60,No,1.534,SLA Breach
104502,2026-04-07,Hyderabad,Validation,Morning,259,37.8,5,0.0,100.0,55,Yes,1.931,Normal
105018,2026-04-07,Hyderabad,Validation,Morning,358,55.11,5,0.0,95.97,55,No,1.397,SLA Breach
105597,2026-04-07,Hyderabad,Validation,Night,299,73.62,11,7.5,99.46,55,No,3.679,High Error Rate
101669,2026-04-07,Pune,Data Intake,Evening,532,40.58,8,1.4,88.51,35,No,1.504,Low Quality Score
102048,2026-04-07,Pune,Enrichment,Night,625,128.91,5,7.6,98.73,65,No,0.8,SLA Breach
104272,2026-04-07,Pune,Quality Review,Morning,280,48.73,4,7.7,98.8,60,Yes,1.429,Normal
105404,2026-04-07,Pune,Quality Review,Morning,222,35.83,3,38.1,90.64,60,Yes,1.351,Normal
105826,2026-04-07,Pune,Quality Review,Morning,502,24.52,6,20.1,94.89,60,Yes,1.195,Normal
101335,2026-04-07,Pune,Validation,Evening,359,41.37,6,0.0,95.31,55,Yes,1.671,Normal
103897,2026-04-07,Pune,Validation,Evening,515,75.97,5,20.1,95.66,55,No,0.971,SLA Breach
104819,2026-04-07,Pune,Validation,Evening,272,64.89,9,2.1,90.37,55,No,3.309,High Error Rate
101164,2026-04-07,Unknown,Enrichment,Morning,542,84.88,2,26.6,95.02,65,No,0.369,SLA Breach
100931,2026-04-08,Bengaluru,Data Intake,Evening,154,16.79,6,26.8,94.03,35,Yes,3.896,High Error Rate
104097,2026-04-08,Bengaluru,Data Intake,Evening,342,28.58,6,47.0,94.67,35,Yes,1.754,Normal
105759,2026-04-08,Bengaluru,Data Intake,Morning,188,15.18,4,0.0,97.88,35,Yes,2.128,High Error Rate
104523,2026-04-08,Bengaluru,Enrichment,Morning,364,56.42,6,3.7,100.0,65,Yes,1.648,Normal
100927,2026-04-08,Bengaluru,Quality Review,Night,369,18.43,6,1.2,93.99,60,Yes,1.626,Normal
102924,2026-04-08,Bengaluru,Quality Review,Evening,446,40.51,1,1.0,95.53,60,Yes,0.224,Normal
103679,2026-04-08,Bengaluru,Validation,Night,293,82.17,4,0.0,92.35,55,No,1.365,SLA Breach
105576,2026-04-08,Bengaluru,Validation,Morning,630,23.01,8,0.0,91.18,55,Yes,1.27,Normal
105895,2026-04-08,Bengaluru,Validation,Evening,330,34.02,5,0.0,91.61,55,Yes,1.515,Normal
101380,2026-04-08,Chennai,Data Intake,Morning,348,25.47,5,0.0,95.67,35,Yes,1.437,Normal
101636,2026-04-08,Chennai,Data Intake,Morning,536,41.98,4,20.8,91.65,35,No,0.746,SLA Breach
103637,2026-04-08,Chennai,Data Intake,Night,481,43.66,3,8.2,89.44,35,No,0.624,Low Quality Score
104912,2026-04-08,Chennai,Data Intake,Evening,259,29.96,8,30.8,97.12,35,Yes,3.089,High Error Rate
102139,2026-04-08,Chennai,Enrichment,Evening,491,50.96,4,5.3,97.48,65,Yes,0.815,Normal
103111,2026-04-08,Chennai,Enrichment,Evening,567,119.86,3,13.5,93.0,65,No,0.529,SLA Breach
105709,2026-04-08,Chennai,Enrichment,Night,257,54.94,4,4.3,96.25,65,Yes,1.556,Normal
100606,2026-04-08,Chennai,Publishing,Evening,387,20.21,8,0.0,90.23,30,Yes,2.067,High Error Rate
100877,2026-04-08,Chennai,Publishing,Night,196,51.53,6,11.3,90.74,30,No,3.061,High Error Rate
104888,2026-04-08,Chennai,Publishing,Evening,235,14.23,4,1.0,95.35,30,Yes,1.702,Normal
100539,2026-04-08,Chennai,Quality Review,Evening,610,47.95,5,0.0,95.5,60,Yes,0.82,Normal
101922,2026-04-08,Chennai,Quality Review,Evening,218,24.29,3,0.0,96.25,60,Yes,1.376,Normal
103345,2026-04-08,Chennai,Quality Review,Evening,431,46.74,4,22.5,91.28,60,Yes,0.928,Normal
104828,2026-04-08,Chennai,Quality Review,Morning,303,53.5,6,0.0,96.09,60,Yes,1.98,Normal
103299,2026-04-08,Chennai,Validation,Night,631,76.79,7,0.0,91.55,55,No,1.109,SLA Breach
103467,2026-04-08,Chennai,Validation,Morning,304,30.69,8,0.0,88.2,55,Yes,2.632,Low Quality Score
101140,2026-04-08,Hyderabad,Data Intake,Night,578,70.66,2,20.6,90.35,35,No,0.346,SLA Breach
102336,2026-04-08,Hyderabad,Data Intake,Night,615,16.43,3,0.1,94.56,35,Yes,0.488,Normal
102896,2026-04-08,Hyderabad,Data Intake,Night,567,53.35,8,30.6,91.43,35,No,1.411,SLA Breach
105061,2026-04-08,Hyderabad,Data Intake,Night,230,22.32,6,1.5,99.54,35,Yes,2.609,High Error Rate
104821,2026-04-08,Hyderabad,Publishing,Night,115,44.29,3,21.2,93.53,30,No,2.609,High Error Rate
100561,2026-04-08,Hyderabad,Quality Review,Morning,474,29.82,2,0.0,96.0,60,Yes,0.422,Normal
102666,2026-04-08,Hyderabad,Quality Review,Morning,395,37.21,6,0.0,94.38,60,Yes,1.519,Normal
102821,2026-04-08,Hyderabad,Quality Review,Evening,262,78.44,5,21.1,97.28,60,No,1.908,SLA Breach
105581,2026-04-08,Hyderabad,Quality Review,Morning,281,60.79,2,14.3,93.64,60,No,0.712,SLA Breach
102351,2026-04-08,Pune,Data Intake,Morning,291,42.63,7,39.4,93.28,35,No,2.405,High Error Rate
105317,2026-04-08,Pune,Enrichment,Night,505,43.88,4,39.8,95.24,65,Yes,0.792,Normal
104480,2026-04-08,Pune,Publishing,Evening,443,16.56,3,0.2,93.04,30,Yes,0.677,Normal
101259,2026-04-08,Pune,Validation,Night,375,45.71,6,4.6,97.04,55,Yes,1.6,Normal
100295,2026-04-09,Bengaluru,Data Intake,Night,523,54.24,4,0.0,91.46,35,No,0.765,SLA Breach
104703,2026-04-09,Bengaluru,Data Intake,Evening,272,16.76,3,15.6,95.32,35,Yes,1.103,Normal
100917,2026-04-09,Bengaluru,Enrichment,Night,185,41.39,5,45.8,94.05,65,Yes,2.703,High Error Rate
104023,2026-04-09,Bengaluru,Enrichment,Evening,135,60.77,9,6.9,94.64,65,Yes,6.667,High Error Rate
105789,2026-04-09,Bengaluru,Enrichment,Night,556,36.97,5,1.5,97.69,65,Yes,0.899,Normal
100789,2026-04-09,Bengaluru,Validation,Evening,280,64.25,3,7.1,92.13,55,No,1.071,SLA Breach
104031,2026-04-09,Chennai,Data Intake,Evening,639,30.78,6,9.5,96.02,35,Yes,0.939,Normal
105665,2026-04-09,Chennai,Data Intake,Night,600,31.77,9,24.6,95.52,35,Yes,1.5,Normal
102119,2026-04-09,Chennai,Enrichment,Night,435,54.5,1,0.0,94.23,65,Yes,0.23,Normal
103861,2026-04-09,Chennai,Enrichment,Evening,500,75.45,4,0.0,88.32,65,No,0.8,Low Quality Score
102137,2026-04-09,Chennai,Publishing,Evening,346,36.38,3,15.0,94.11,30,No,0.867,SLA Breach
102836,2026-04-09,Chennai,Publishing,Night,174,37.68,3,0.0,91.44,30,No,1.724,SLA Breach
102154,2026-04-09,Chennai,Quality Review,Morning,560,29.87,14,31.0,91.68,60,Yes,2.5,High Error Rate
103632,2026-04-09,Chennai,Quality Review,Evening,374,26.5,9,23.1,94.3,60,Yes,2.406,High Error Rate
105150,2026-04-09,Chennai,Quality Review,Night,107,80.51,5,15.1,95.14,60,No,4.673,High Error Rate
105395,2026-04-09,Chennai,Quality Review,Night,279,30.66,3,12.5,92.51,60,Yes,1.075,Normal
100289,2026-04-09,Chennai,Validation,Evening,524,38.88,10,0.0,90.72,55,Yes,1.908,Normal
102775,2026-04-09,Chennai,Validation,Night,548,47.01,4,7.4,91.23,55,Yes,0.73,Normal
104487,2026-04-09,Chennai,Validation,Evening,316,63.8,5,11.1,94.71,55,No,1.582,SLA Breach
105102,2026-04-09,Chennai,Validation,Night,198,48.52,2,14.9,90.56,55,Yes,1.01,Normal
105685,2026-04-09,Chennai,Validation,Morning,468,65.68,0,0.0,95.79,55,No,0.0,SLA Breach
100029,2026-04-09,Hyderabad,Data Intake,Evening,371,62.65,7,2.0,97.6,35,No,1.887,SLA Breach
100305,2026-04-09,Hyderabad,Data Intake,Morning,215,26.42,7,1.5,99.23,35,Yes,3.256,High Error Rate
101848,2026-04-09,Hyderabad,Data Intake,Morning,606,45.48,4,30.0,93.17,35,No,0.66,SLA Breach
103979,2026-04-09,Hyderabad,Data Intake,Morning,125,32.14,2,15.2,93.55,35,Yes,1.6,Normal
102834,2026-04-09,Hyderabad,Enrichment,Morning,576,72.27,5,0.0,91.55,65,No,0.868,SLA Breach
100057,2026-04-09,Hyderabad,Quality Review,Night,206,62.06,7,6.8,94.74,60,No,3.398,High Error Rate
100229,2026-04-09,Hyderabad,Quality Review,Morning,442,29.95,6,9.8,91.18,60,Yes,1.357,Normal
100807,2026-04-09,Hyderabad,Quality Review,Night,189,42.74,7,0.4,88.97,60,Yes,3.704,Low Quality Score
103941,2026-04-09,Hyderabad,Quality Review,Morning,246,76.74,6,8.5,93.0,60,No,2.439,High Error Rate
102118,2026-04-09,Hyderabad,Validation,Morning,485,57.1,9,0.6,100.0,55,No,1.856,SLA Breach
103341,2026-04-09,Pune,Enrichment,Morning,306,28.41,13,15.1,94.61,65,Yes,4.248,High Error Rate
105267,2026-04-09,Pune,Publishing,Morning,466,25.55,4,7.1,100.0,30,Yes,0.858,Normal
100331,2026-04-09,Pune,Quality Review,Night,99,80.45,3,5.7,90.4,60,No,3.03,High Error Rate
102343,2026-04-09,Pune,Validation,Morning,647,111.72,5,14.3,92.14,55,No,0.773,SLA Breach
105932,2026-04-09,Unknown,Validation,Night,474,57.83,5,0.2,92.28,55,No,1.055,SLA Breach
103823,2026-04-10,Bengaluru,Data Intake,Night,223,15.87,7,18.2,91.56,35,Yes,3.139,High Error Rate
104708,2026-04-10,Bengaluru,Enrichment,Night,86,22.39,9,0.0,91.65,65,Yes,10.465,High Error Rate
104449,2026-04-10,Bengaluru,Publishing,Night,437,27.82,2,8.9,96.2,30,Yes,0.458,Normal
105766,2026-04-10,Bengaluru,Quality Review,Night,155,60.37,7,15.9,93.26,60,No,4.516,High Error Rate
100992,2026-04-10,Bengaluru,Validation,Night,216,55.29,11,0.0,92.56,55,No,5.093,High Error Rate
101497,2026-04-10,Bengaluru,Validation,Evening,258,31.58,5,27.2,95.41,55,Yes,1.938,Normal
105038,2026-04-10,Bengaluru,Validation,Morning,327,17.68,5,0.0,94.35,55,Yes,1.529,Normal
105469,2026-04-10,Bengaluru,Validation,Night,620,52.89,6,2.7,98.87,55,Yes,0.968,Normal
100879,2026-04-10,Chennai,Data Intake,Evening,314,38.9,4,0.0,92.55,35,No,1.274,SLA Breach
102404,2026-04-10,Chennai,Data Intake,Morning,608,36.89,7,7.3,95.62,35,No,1.151,SLA Breach
105101,2026-04-10,Chennai,Data Intake,Morning,365,46.27,7,9.7,88.21,35,No,1.918,Low Quality Score
104096,2026-04-10,Chennai,Enrichment,Evening,299,29.84,5,0.0,97.18,65,Yes,1.672,Normal
105111,2026-04-10,Chennai,Publishing,Night,250,39.24,5,0.0,92.27,30,No,2.0,SLA Breach
102252,2026-04-10,Chennai,Quality Review,Night,188,63.4,4,38.9,94.48,60,No,2.128,High Error Rate
105976,2026-04-10,Chennai,Quality Review,Night,208,42.67,9,0.0,90.68,60,Yes,4.327,High Error Rate
105770,2026-04-10,Chennai,Validation,Night,538,15.52,5,7.0,96.47,55,Yes,0.929,Normal
103146,2026-04-10,Hyderabad,Data Intake,Morning,158,29.6,1,7.9,100.0,35,Yes,0.633,Normal
100983,2026-04-10,Hyderabad,Publishing,Evening,562,29.98,5,0.0,92.06,30,Yes,0.89,Normal
103914,2026-04-10,Hyderabad,Publishing,Night,494,25.28,6,0.0,100.0,30,Yes,1.215,Normal
101323,2026-04-10,Hyderabad,Validation,Morning,92,34.03,5,10.8,93.93,55,Yes,5.435,High Error Rate
103828,2026-04-10,Pune,Data Intake,Morning,600,23.65,10,5.6,90.2,35,Yes,1.667,Normal
103066,2026-04-10,Pune,Enrichment,Evening,509,58.37,7,8.3,93.95,65,Yes,1.375,Normal
104129,2026-04-10,Pune,Enrichment,Morning,199,63.87,7,0.0,100.0,65,Yes,3.518,High Error Rate
101577,2026-04-10,Pune,Quality Review,Morning,640,71.41,5,0.3,91.91,60,No,0.781,SLA Breach
104353,2026-04-10,Pune,Quality Review,Evening,187,76.48,2,0.0,96.93,60,No,1.07,SLA Breach
103758,2026-04-10,Pune,Validation,Morning,645,25.59,5,28.1,94.77,55,Yes,0.775,Normal
104994,2026-04-10,Pune,Validation,Morning,215,24.92,2,0.0,90.48,55,Yes,0.93,Normal
105988,2026-04-10,Pune,Validation,Morning,397,29.5,3,0.0,92.97,55,Yes,0.756,Normal
103477,2026-04-10,Unknown,Quality Review,Night,298,84.46,7,0.0,91.31,60,No,2.349,High Error Rate
100762,2026-04-11,Bengaluru,Data Intake,Night,493,16.15,8,0.0,98.19,35,Yes,1.623,Normal
102335,2026-04-11,Bengaluru,Data Intake,Morning,118,22.2,4,2.9,98.22,35,Yes,3.39,High Error Rate
100755,2026-04-11,Bengaluru,Enrichment,Evening,105,29.33,7,25.7,94.47,65,Yes,6.667,High Error Rate
100655,2026-04-11,Bengaluru,Publishing,Morning,574,34.37,4,4.5,95.9,30,No,0.697,SLA Breach
101084,2026-04-11,Bengaluru,Publishing,Night,257,45.26,3,22.9,87.55,30,No,1.167,Low Quality Score
103661,2026-04-11,Bengaluru,Publishing,Evening,186,39.0,3,18.4,100.0,30,No,1.613,SLA Breach
105144,2026-04-11,Bengaluru,Quality Review,Night,561,58.46,3,10.3,97.93,60,Yes,0.535,Normal
105466,2026-04-11,Bengaluru,Quality Review,Evening,535,34.28,5,0.0,92.31,60,Yes,0.935,Normal
101258,2026-04-11,Bengaluru,Validation,Morning,382,63.56,4,22.5,97.29,55,No,1.047,SLA Breach
103786,2026-04-11,Bengaluru,Validation,Morning,368,42.25,4,0.0,90.08,55,Yes,1.087,Normal
100158,2026-04-11,Chennai,Data Intake,Morning,512,30.82,4,17.6,96.68,35,Yes,0.781,Normal
100330,2026-04-11,Chennai,Enrichment,Morning,164,50.53,3,5.8,100.0,65,Yes,1.829,Normal
101625,2026-04-11,Chennai,Enrichment,Morning,387,69.59,10,0.0,87.78,65,No,2.584,Low Quality Score
103598,2026-04-11,Chennai,Enrichment,Morning,203,25.17,7,4.2,98.4,65,Yes,3.448,High Error Rate
104677,2026-04-11,Chennai,Enrichment,Evening,352,41.56,3,3.3,87.15,65,Yes,0.852,Low Quality Score
104800,2026-04-11,Chennai,Enrichment,Morning,302,85.44,5,4.1,100.0,65,No,1.656,SLA Breach
100034,2026-04-11,Chennai,Publishing,Morning,331,46.75,6,3.5,99.01,30,No,1.813,SLA Breach
100308,2026-04-11,Chennai,Publishing,Night,212,65.35,8,25.7,96.3,30,No,3.774,High Error Rate
104197,2026-04-11,Chennai,Publishing,Morning,145,18.76,8,10.7,97.43,30,Yes,5.517,High Error Rate
104554,2026-04-11,Chennai,Publishing,Morning,571,26.4,4,35.8,92.2,30,Yes,0.701,Normal
101222,2026-04-11,Chennai,Quality Review,Evening,104,53.16,2,10.9,90.84,60,Yes,1.923,Normal
101565,2026-04-11,Chennai,Quality Review,Night,453,37.97,2,11.6,91.3,60,Yes,0.442,Normal
101664,2026-04-11,Chennai,Quality Review,Evening,615,27.78,9,28.5,96.12,60,Yes,1.463,Normal
101840,2026-04-11,Chennai,Quality Review,Night,628,29.39,1,17.5,88.85,60,Yes,0.159,Low Quality Score
104814,2026-04-11,Chennai,Quality Review,Morning,493,59.78,9,0.0,96.99,60,Yes,1.826,Normal
105440,2026-04-11,Chennai,Quality Review,Morning,360,50.56,4,9.8,91.99,60,Yes,1.111,Normal
101997,2026-04-11,Chennai,Validation,Night,493,29.36,3,24.7,87.79,55,Yes,0.609,Low Quality Score
102031,2026-04-11,Chennai,Validation,Evening,298,42.65,5,3.3,100.0,55,Yes,1.678,Normal
105736,2026-04-11,Chennai,Validation,Evening,123,30.93,6,7.1,90.16,55,Yes,4.878,High Error Rate
105843,2026-04-11,Chennai,Validation,Morning,432,67.59,6,17.5,94.53,55,No,1.389,SLA Breach
100456,2026-04-11,Hyderabad,Data Intake,Night,232,26.1,6,5.9,93.92,35,Yes,2.586,High Error Rate
101129,2026-04-11,Hyderabad,Data Intake,Morning,199,55.84,3,10.6,93.01,35,No,1.508,SLA Breach
101365,2026-04-11,Hyderabad,Data Intake,Morning,207,28.18,5,4.4,88.85,35,Yes,2.415,Low Quality Score
100113,2026-04-11,Hyderabad,Enrichment,Night,231,46.99,10,2.6,94.74,65,Yes,4.329,High Error Rate
101938,2026-04-11,Hyderabad,Enrichment,Evening,324,63.4,9,22.6,88.86,65,Yes,2.778,Low Quality Score
105555,2026-04-11,Hyderabad,Enrichment,Morning,484,33.78,12,8.9,97.19,65,Yes,2.479,High Error Rate
104923,2026-04-11,Pune,Enrichment,Night,503,77.57,3,0.0,93.99,65,No,0.596,SLA Breach
102586,2026-04-11,Pune,Publishing,Night,193,17.18,3,16.9,92.15,30,Yes,1.554,Normal
105237,2026-04-11,Pune,Publishing,Evening,584,28.0,4,0.0,93.94,30,Yes,0.685,Normal
100132,2026-04-11,Pune,Quality Review,Morning,493,110.74,5,0.0,91.36,60,No,1.014,SLA Breach
103176,2026-04-11,Pune,Validation,Morning,390,68.42,4,26.3,92.98,55,No,1.026,SLA Breach
105866,2026-04-12,Bengaluru,Data Intake,Morning,443,27.19,5,9.3,94.67,35,Yes,1.129,Normal
101434,2026-04-12,Bengaluru,Enrichment,Night,206,48.02,5,12.7,91.99,65,Yes,2.427,High Error Rate
103448,2026-04-12,Bengaluru,Enrichment,Morning,362,44.12,9,0.0,92.46,65,Yes,2.486,High Error Rate
104163,2026-04-12,Bengaluru,Publishing,Morning,367,23.12,8,6.2,92.12,30,Yes,2.18,High Error Rate
104615,2026-04-12,Bengaluru,Publishing,Morning,199,22.3,5,14.3,96.32,30,Yes,2.513,High Error Rate
105044,2026-04-12,Bengaluru,Publishing,Morning,396,19.79,8,0.0,95.23,30,Yes,2.02,High Error Rate
105990,2026-04-12,Bengaluru,Publishing,Morning,609,28.14,6,27.0,94.6,30,Yes,0.985,Normal
101387,2026-04-12,Bengaluru,Quality Review,Morning,230,51.28,6,8.0,93.85,60,Yes,2.609,High Error Rate
105419,2026-04-12,Bengaluru,Validation,Morning,540,47.24,1,15.5,95.16,55,Yes,0.185,Normal
101412,2026-04-12,Chennai,Data Intake,Evening,217,44.52,3,10.8,91.03,35,No,1.382,SLA Breach
102634,2026-04-12,Chennai,Data Intake,Night,554,47.13,6,0.0,93.61,35,No,1.083,SLA Breach
104371,2026-04-12,Chennai,Data Intake,Evening,358,22.42,6,13.5,92.61,35,Yes,1.676,Normal
105632,2026-04-12,Chennai,Data Intake,Evening,96,33.2,9,16.9,95.85,35,Yes,9.375,High Error Rate
100134,2026-04-12,Chennai,Enrichment,Evening,88,29.42,3,0.0,92.56,65,Yes,3.409,High Error Rate
102062,2026-04-12,Chennai,Enrichment,Morning,524,85.27,9,0.0,88.55,65,No,1.718,Low Quality Score
103215,2026-04-12,Chennai,Enrichment,Night,464,68.98,4,13.0,90.98,65,No,0.862,SLA Breach
104530,2026-04-12,Chennai,Enrichment,Evening,199,60.46,5,0.0,97.07,65,Yes,2.513,High Error Rate
105799,2026-04-12,Chennai,Publishing,Evening,357,20.33,2,7.5,94.89,30,Yes,0.56,Normal
103033,2026-04-12,Chennai,Quality Review,Morning,160,70.69,5,0.0,97.07,60,No,3.125,High Error Rate
103760,2026-04-12,Chennai,Validation,Morning,324,65.68,7,1.6,94.9,55,No,2.16,High Error Rate
105331,2026-04-12,Chennai,Validation,Morning,459,43.67,7,22.8,91.28,55,Yes,1.525,Normal
101975,2026-04-12,Hyderabad,Enrichment,Night,548,102.41,10,0.0,100.0,65,No,1.825,SLA Breach
102883,2026-04-12,Hyderabad,Enrichment,Evening,603,43.97,7,8.3,96.29,65,Yes,1.161,Normal
104787,2026-04-12,Hyderabad,Enrichment,Morning,521,74.76,6,37.1,94.27,65,No,1.152,SLA Breach
103843,2026-04-12,Hyderabad,Publishing,Morning,216,35.54,6,12.6,93.76,30,No,2.778,High Error Rate
102426,2026-04-12,Hyderabad,Quality Review,Night,185,58.25,2,0.0,87.8,60,Yes,1.081,Low Quality Score
103611,2026-04-12,Hyderabad,Quality Review,Evening,628,28.42,5,12.8,91.76,60,Yes,0.796,Normal
105254,2026-04-12,Pune,Data Intake,Morning,87,26.52,7,35.4,90.91,35,Yes,8.046,High Error Rate
102604,2026-04-12,Pune,Publishing,Morning,131,26.4,6,15.9,94.87,30,Yes,4.58,High Error Rate
101003,2026-04-12,Pune,Validation,Morning,399,46.05,2,1.2,94.48,55,Yes,0.501,Normal
105409,2026-04-12,Pune,Validation,Evening,145,31.02,5,35.7,94.14,55,Yes,3.448,High Error Rate
100131,2026-04-13,Bengaluru,Data Intake,Night,610,27.06,4,7.0,88.27,35,Yes,0.656,Low Quality Score
105316,2026-04-13,Bengaluru,Data Intake,Morning,313,44.36,8,0.0,100.0,35,No,2.556,High Error Rate
105519,2026-04-13,Bengaluru,Data Intake,Night,86,37.8,10,0.0,91.43,35,No,11.628,High Error Rate
101029,2026-04-13,Bengaluru,Publishing,Evening,426,34.82,5,45.0,86.52,30,No,1.174,Low Quality Score
105199,2026-04-13,Bengaluru,Publishing,Evening,233,26.41,4,0.0,91.99,30,Yes,1.717,Normal
101672,2026-04-13,Bengaluru,Quality Review,Night,358,73.81,8,0.2,91.74,60,No,2.235,High Error Rate
100437,2026-04-13,Bengaluru,Validation,Morning,366,31.52,5,0.0,95.74,55,Yes,1.366,Normal
103259,2026-04-13,Bengaluru,Validation,Morning,293,28.66,6,0.0,95.39,55,Yes,2.048,High Error Rate
100706,2026-04-13,Chennai,Data Intake,Morning,428,36.76,8,0.0,90.93,35,No,1.869,SLA Breach
104384,2026-04-13,Chennai,Data Intake,Evening,278,20.84,6,7.0,93.32,35,Yes,2.158,High Error Rate
102402,2026-04-13,Chennai,Enrichment,Evening,542,50.44,4,0.0,95.23,65,Yes,0.738,Normal
102436,2026-04-13,Chennai,Enrichment,Night,300,20.66,7,0.0,94.36,65,Yes,2.333,High Error Rate
102656,2026-04-13,Chennai,Enrichment,Evening,579,52.62,7,0.0,93.91,65,Yes,1.209,Normal
100126,2026-04-13,Chennai,Publishing,Evening,360,23.28,7,15.7,95.07,30,Yes,1.944,Normal
104352,2026-04-13,Chennai,Publishing,Morning,604,32.17,7,32.6,89.83,30,No,1.159,Low Quality Score
101189,2026-04-13,Chennai,Validation,Night,337,31.42,6,0.1,87.74,55,Yes,1.78,Low Quality Score
102688,2026-04-13,Chennai,Validation,Morning,557,54.57,5,0.0,93.35,55,Yes,0.898,Normal
100079,2026-04-13,Hyderabad,Data Intake,Evening,476,14.02,5,28.2,93.75,35,Yes,1.05,Normal
100980,2026-04-13,Hyderabad,Data Intake,Night,606,24.06,3,10.9,98.18,35,Yes,0.495,Normal
102892,2026-04-13,Hyderabad,Data Intake,Morning,207,37.9,3,24.3,92.51,35,No,1.449,SLA Breach
103144,2026-04-13,Hyderabad,Data Intake,Morning,294,39.44,3,17.2,91.69,35,No,1.02,SLA Breach
102580,2026-04-13,Hyderabad,Enrichment,Morning,578,146.5,8,11.1,94.72,65,No,1.384,SLA Breach
102647,2026-04-13,Hyderabad,Enrichment,Evening,536,96.94,11,0.0,100.0,65,No,2.052,High Error Rate
105343,2026-04-13,Hyderabad,Enrichment,Night,512,47.54,6,5.6,94.04,65,Yes,1.172,Normal
100116,2026-04-13,Hyderabad,Publishing,Evening,238,25.63,4,10.3,89.34,30,Yes,1.681,Low Quality Score
103891,2026-04-13,Hyderabad,Quality Review,Morning,369,106.98,4,8.7,90.29,60,No,1.084,SLA Breach
102857,2026-04-13,Hyderabad,Validation,Evening,203,52.67,2,18.1,90.15,55,Yes,0.985,Normal
104195,2026-04-13,Hyderabad,Validation,Night,458,32.02,4,0.0,88.66,55,Yes,0.873,Low Quality Score
105327,2026-04-13,Hyderabad,Validation,Morning,520,35.99,2,0.0,92.47,55,Yes,0.385,Normal
105509,2026-04-13,Pune,Quality Review,Night,607,39.77,7,0.0,95.78,60,Yes,1.153,Normal
102798,2026-04-13,Pune,Validation,Morning,408,20.35,7,0.0,96.77,55,Yes,1.716,Normal
103594,2026-04-13,Pune,Validation,Morning,638,58.41,4,0.0,97.59,55,No,0.627,SLA Breach
104678,2026-04-13,Pune,Validation,Evening,518,43.75,4,4.0,89.12,55,Yes,0.772,Low Quality Score
105820,2026-04-13,Pune,Validation,Night,576,67.17,3,9.1,100.0,55,No,0.521,SLA Breach
100288,2026-04-14,Bengaluru,Enrichment,Morning,311,51.99,4,6.2,100.0,65,Yes,1.286,Normal
103235,2026-04-14,Bengaluru,Publishing,Evening,438,25.08,1,0.0,92.4,30,Yes,0.228,Normal
100570,2026-04-14,Bengaluru,Quality Review,Morning,524,21.07,6,21.0,91.98,60,Yes,1.145,Normal
101544,2026-04-14,Bengaluru,Quality Review,Night,275,39.92,3,16.9,85.35,60,Yes,1.091,Low Quality Score
101455,2026-04-14,Bengaluru,Validation,Morning,225,50.05,9,0.0,86.33,55,Yes,4.0,Low Quality Score
104186,2026-04-14,Bengaluru,Validation,Evening,113,87.79,1,27.1,95.65,55,No,0.885,SLA Breach
101631,2026-04-14,Chennai,Data Intake,Morning,418,58.12,4,24.7,93.7,35,No,0.957,SLA Breach
103926,2026-04-14,Chennai,Data Intake,Morning,311,27.3,9,6.5,94.15,35,Yes,2.894,High Error Rate
105938,2026-04-14,Chennai,Data Intake,Night,442,30.26,8,4.0,99.56,35,Yes,1.81,Normal
101728,2026-04-14,Chennai,Enrichment,Morning,199,60.03,4,0.0,90.29,65,Yes,2.01,High Error Rate
104721,2026-04-14,Chennai,Enrichment,Evening,331,60.65,6,0.0,94.95,65,Yes,1.813,Normal
105250,2026-04-14,Chennai,Enrichment,Evening,317,44.5,5,4.1,92.75,65,Yes,1.577,Normal
100978,2026-04-14,Chennai,Publishing,Night,179,41.33,5,3.4,91.92,30,No,2.793,High Error Rate
101759,2026-04-14,Chennai,Publishing,Evening,373,11.89,4,0.0,99.12,30,Yes,1.072,Normal
103236,2026-04-14,Chennai,Publishing,Evening,334,15.68,5,2.0,93.5,30,Yes,1.497,Normal
104757,2026-04-14,Chennai,Publishing,Morning,284,36.49,6,7.0,100.0,30,No,2.113,High Error Rate
105615,2026-04-14,Chennai,Quality Review,Morning,484,34.0,6,0.0,92.74,60,Yes,1.24,Normal
101897,2026-04-14,Chennai,Validation,Night,167,67.56,5,20.0,96.55,55,No,2.994,High Error Rate
102199,2026-04-14,Hyderabad,Data Intake,Morning,479,42.86,6,13.0,94.59,35,No,1.253,SLA Breach
105785,2026-04-14,Hyderabad,Data Intake,Evening,256,18.84,2,25.7,93.96,35,Yes,0.781,Normal
104658,2026-04-14,Hyderabad,Enrichment,Morning,167,69.31,4,18.7,90.35,65,No,2.395,High Error Rate
100708,2026-04-14,Hyderabad,Publishing,Night,433,73.76,3,5.8,93.44,30,No,0.693,SLA Breach
102303,2026-04-14,Hyderabad,Publishing,Evening,528,35.74,3,20.7,94.35,30,No,0.568,SLA Breach
102737,2026-04-14,Hyderabad,Publishing,Morning,472,19.12,4,21.6,98.01,30,Yes,0.847,Normal
104767,2026-04-14,Hyderabad,Quality Review,Morning,475,49.84,4,11.7,94.43,60,Yes,0.842,Normal
103684,2026-04-14,Pune,Data Intake,Evening,581,29.32,5,0.0,93.77,35,Yes,0.861,Normal
100922,2026-04-14,Pune,Enrichment,Evening,124,38.39,10,0.0,91.11,65,Yes,8.065,High Error Rate
104892,2026-04-14,Pune,Publishing,Evening,284,24.02,5,15.2,94.49,30,Yes,1.761,Normal
104977,2026-04-14,Pune,Validation,Evening,623,44.32,2,0.0,95.76,55,Yes,0.321,Normal
103227,2026-04-15,Bengaluru,Data Intake,Morning,566,22.11,5,14.9,89.28,35,Yes,0.883,Low Quality Score
102530,2026-04-15,Bengaluru,Enrichment,Morning,458,93.5,7,8.9,92.69,65,No,1.528,SLA Breach
101765,2026-04-15,Bengaluru,Quality Review,Night,84,99.23,5,13.8,92.93,60,No,5.952,High Error Rate
102247,2026-04-15,Bengaluru,Validation,Morning,375,56.75,5,0.0,99.01,55,No,1.333,SLA Breach
103883,2026-04-15,Bengaluru,Validation,Morning,354,33.6,1,0.0,92.51,55,Yes,0.282,Normal
105286,2026-04-15,Chennai,Data Intake,Morning,629,47.59,6,19.2,92.95,35,No,0.954,SLA Breach
102719,2026-04-15,Chennai,Enrichment,Morning,440,84.17,2,16.6,98.2,65,No,0.455,SLA Breach
101344,2026-04-15,Chennai,Publishing,Morning,330,33.16,6,9.5,94.85,30,No,1.818,SLA Breach
105338,2026-04-15,Chennai,Publishing,Morning,426,34.3,5,16.8,95.42,30,No,1.174,SLA Breach
105592,2026-04-15,Chennai,Publishing,Morning,451,20.55,4,32.1,93.08,30,Yes,0.887,Normal
100228,2026-04-15,Chennai,Quality Review,Evening,435,50.16,4,0.0,90.83,60,Yes,0.92,Normal
105577,2026-04-15,Chennai,Quality Review,Morning,232,31.93,1,3.3,91.14,60,Yes,0.431,Normal
103512,2026-04-15,Chennai,Validation,Evening,400,28.0,2,0.0,94.11,55,Yes,0.5,Normal
104365,2026-04-15,Chennai,Validation,Morning,164,30.45,8,8.9,91.96,55,Yes,4.878,High Error Rate
102679,2026-04-15,Hyderabad,Enrichment,Evening,512,67.14,14,11.3,92.16,65,No,2.734,High Error Rate
100535,2026-04-15,Hyderabad,Publishing,Evening,473,27.86,2,19.3,93.97,30,Yes,0.423,Normal
100129,2026-04-15,Hyderabad,Validation,Morning,588,50.16,9,0.0,94.23,55,Yes,1.531,Normal
102626,2026-04-15,Hyderabad,Validation,Evening,447,33.04,5,0.0,100.0,55,Yes,1.119,Normal
100930,2026-04-15,Pune,Enrichment,Morning,147,69.2,3,20.1,91.31,65,No,2.041,High Error Rate
103763,2026-04-15,Pune,Enrichment,Evening,625,48.84,5,20.4,100.0,65,Yes,0.8,Normal
105480,2026-04-15,Pune,Enrichment,Evening,142,30.82,7,13.6,90.04,65,Yes,4.93,High Error Rate
102561,2026-04-15,Pune,Publishing,Morning,131,39.15,5,0.0,100.0,30,No,3.817,High Error Rate
100597,2026-04-15,Pune,Validation,Morning,365,75.55,3,0.0,97.34,55,No,0.822,SLA Breach
101627,2026-04-15,Pune,Validation,Morning,169,63.68,0,20.4,89.09,55,No,0.0,Low Quality Score
105863,2026-04-15,Pune,Validation,Morning,120,34.24,5,21.4,91.87,55,Yes,4.167,High Error Rate
101161,2026-04-16,Bengaluru,Data Intake,Morning,614,47.66,6,0.0,89.63,35,No,0.977,Low Quality Score
101628,2026-04-16,Bengaluru,Data Intake,Evening,448,41.6,5,6.8,87.74,35,No,1.116,Low Quality Score
103722,2026-04-16,Bengaluru,Data Intake,Night,618,57.78,6,18.8,94.44,35,No,0.971,SLA Breach
100242,2026-04-16,Bengaluru,Enrichment,Night,86,148.4,4,20.3,94.3,65,No,4.651,High Error Rate
100677,2026-04-16,Bengaluru,Enrichment,Night,395,38.78,5,17.2,98.11,65,Yes,1.266,Normal
104900,2026-04-16,Bengaluru,Enrichment,Morning,423,46.25,8,0.0,91.13,65,Yes,1.891,Normal
101791,2026-04-16,Bengaluru,Publishing,Evening,200,9.58,5,6.5,90.79,30,Yes,2.5,High Error Rate
105363,2026-04-16,Bengaluru,Publishing,Night,398,19.14,5,7.6,100.0,30,Yes,1.256,Normal
102123,2026-04-16,Bengaluru,Quality Review,Evening,445,47.08,9,17.0,93.08,60,Yes,2.022,High Error Rate
105072,2026-04-16,Bengaluru,Quality Review,Night,530,29.96,3,22.2,83.08,60,Yes,0.566,Low Quality Score
100424,2026-04-16,Bengaluru,Validation,Morning,201,46.56,10,0.4,95.77,55,Yes,4.975,High Error Rate
103542,2026-04-16,Chennai,Enrichment,Evening,247,61.35,4,4.0,91.74,65,Yes,1.619,Normal
105247,2026-04-16,Chennai,Enrichment,Morning,297,73.49,3,0.0,89.91,65,No,1.01,Low Quality Score
103751,2026-04-16,Chennai,Publishing,Morning,250,18.92,7,0.0,97.68,30,Yes,2.8,High Error Rate
104376,2026-04-16,Chennai,Publishing,Evening,525,33.55,3,14.7,94.59,30,No,0.571,SLA Breach
104435,2026-04-16,Chennai,Publishing,Night,215,35.85,6,6.4,89.78,30,No,2.791,Low Quality Score
105350,2026-04-16,Chennai,Publishing,Morning,379,13.86,5,0.0,96.02,30,Yes,1.319,Normal
100266,2026-04-16,Chennai,Quality Review,Morning,262,31.37,8,0.0,92.98,60,Yes,3.053,High Error Rate
101415,2026-04-16,Chennai,Validation,Evening,481,40.53,5,8.6,92.74,55,Yes,1.04,Normal
104898,2026-04-16,Chennai,Validation,Evening,435,38.48,5,32.1,94.18,55,Yes,1.149,Normal
105368,2026-04-16,Hyderabad,Publishing,Morning,294,41.14,8,9.2,94.72,30,No,2.721,High Error Rate
101858,2026-04-16,Hyderabad,Quality Review,Evening,371,29.09,4,27.7,92.16,60,Yes,1.078,Normal
102753,2026-04-16,Hyderabad,Quality Review,Night,185,36.11,5,10.4,90.51,60,Yes,2.703,High Error Rate
103802,2026-04-16,Hyderabad,Quality Review,Morning,159,56.38,7,0.0,98.52,60,Yes,4.403,High Error Rate
102548,2026-04-16,Hyderabad,Validation,Night,178,35.19,6,5.0,96.81,55,Yes,3.371,High Error Rate
102037,2026-04-16,Pune,Enrichment,Night,581,29.91,4,21.6,93.59,65,Yes,0.688,Normal
103075,2026-04-16,Pune,Enrichment,Evening,133,32.57,6,24.5,94.86,65,Yes,4.511,High Error Rate
103137,2026-04-16,Pune,Enrichment,Morning,634,54.94,5,14.5,100.0,65,Yes,0.789,Normal
104662,2026-04-16,Pune,Enrichment,Night,154,42.35,6,19.8,92.82,65,Yes,3.896,High Error Rate
101760,2026-04-16,Pune,Publishing,Night,492,50.49,5,19.6,94.87,30,No,1.016,SLA Breach
103378,2026-04-16,Pune,Publishing,Evening,168,41.42,3,0.0,91.96,30,No,1.786,SLA Breach
102729,2026-04-16,Pune,Quality Review,Night,368,39.77,3,6.2,90.93,60,Yes,0.815,Normal
103673,2026-04-17,Bengaluru,Data Intake,Morning,471,56.64,7,0.0,96.49,35,No,1.486,SLA Breach
104866,2026-04-17,Bengaluru,Data Intake,Evening,604,23.59,4,6.4,98.38,35,Yes,0.662,Normal
105692,2026-04-17,Bengaluru,Data Intake,Morning,421,27.21,5,0.0,96.14,35,Yes,1.188,Normal
100985,2026-04-17,Bengaluru,Enrichment,Morning,106,75.86,5,10.1,88.79,65,No,4.717,Low Quality Score
101396,2026-04-17,Bengaluru,Enrichment,Morning,211,42.84,7,31.7,95.18,65,Yes,3.318,High Error Rate
104585,2026-04-17,Bengaluru,Enrichment,Morning,648,87.89,6,5.4,91.63,65,No,0.926,SLA Breach
104547,2026-04-17,Bengaluru,Publishing,Evening,127,40.64,3,17.2,94.62,30,No,2.362,High Error Rate
102190,2026-04-17,Bengaluru,Validation,Morning,528,78.48,7,9.4,96.36,55,No,1.326,SLA Breach
100966,2026-04-17,Chennai,Data Intake,Night,227,37.83,9,0.0,90.61,35,No,3.965,High Error Rate
102947,2026-04-17,Chennai,Data Intake,Morning,237,19.7,5,13.6,98.93,35,Yes,2.11,High Error Rate
100260,2026-04-17,Chennai,Enrichment,Morning,100,48.48,7,0.0,92.24,65,Yes,7.0,High Error Rate
100698,2026-04-17,Chennai,Enrichment,Morning,318,48.39,3,0.0,93.51,65,Yes,0.943,Normal
102560,2026-04-17,Chennai,Enrichment,Evening,639,67.24,6,13.9,87.16,65,No,0.939,Low Quality Score
104463,2026-04-17,Chennai,Enrichment,Evening,440,20.7,5,0.0,97.62,65,Yes,1.136,Normal
105856,2026-04-17,Chennai,Enrichment,Evening,594,30.42,5,0.0,89.76,65,Yes,0.842,Low Quality Score
100270,2026-04-17,Chennai,Publishing,Morning,509,27.03,3,18.8,98.86,30,Yes,0.589,Normal
101546,2026-04-17,Chennai,Publishing,Evening,315,53.24,1,23.5,88.0,30,No,0.317,Low Quality Score
104874,2026-04-17,Chennai,Publishing,Morning,131,29.3,1,15.3,99.11,30,Yes,0.763,Normal
102345,2026-04-17,Chennai,Quality Review,Morning,106,36.16,7,14.5,94.8,60,Yes,6.604,High Error Rate
105852,2026-04-17,Chennai,Quality Review,Night,410,17.82,4,5.6,94.27,60,Yes,0.976,Normal
100981,2026-04-17,Chennai,Validation,Morning,549,85.76,11,0.0,100.0,55,No,2.004,High Error Rate
101156,2026-04-17,Chennai,Validation,Night,501,32.92,6,4.0,91.21,55,Yes,1.198,Normal
103969,2026-04-17,Hyderabad,Data Intake,Evening,204,11.09,8,19.0,92.11,35,Yes,3.922,High Error Rate
104457,2026-04-17,Hyderabad,Data Intake,Morning,588,21.6,8,8.2,97.59,35,Yes,1.361,Normal
101318,2026-04-17,Hyderabad,Enrichment,Evening,438,83.91,4,0.0,94.64,65,No,0.913,SLA Breach
101423,2026-04-17,Hyderabad,Enrichment,Evening,595,31.66,10,8.4,93.77,65,Yes,1.681,Normal
102235,2026-04-17,Hyderabad,Quality Review,Evening,428,46.34,6,0.0,95.09,60,Yes,1.402,Normal
105695,2026-04-17,Hyderabad,Quality Review,Evening,609,37.87,4,6.2,95.03,60,Yes,0.657,Normal
101833,2026-04-17,Hyderabad,Validation,Morning,324,81.99,2,8.7,89.47,55,No,0.617,Low Quality Score
102464,2026-04-17,Hyderabad,Validation,Morning,309,32.13,4,25.0,97.13,55,Yes,1.294,Normal
104412,2026-04-17,Hyderabad,Validation,Morning,412,21.5,8,0.0,100.0,55,Yes,1.942,Normal
103667,2026-04-17,Pune,Data Intake,Morning,580,35.74,6,7.4,90.2,35,No,1.034,SLA Breach
101118,2026-04-17,Pune,Enrichment,Night,462,106.03,4,7.9,97.78,65,No,0.866,SLA Breach
105527,2026-04-17,Pune,Publishing,Night,403,41.18,7,2.7,92.97,30,No,1.737,SLA Breach
100548,2026-04-17,Pune,Quality Review,Morning,260,24.9,9,0.0,96.25,60,Yes,3.462,High Error Rate
100786,2026-04-17,Pune,Quality Review,Morning,173,29.06,5,48.6,98.14,60,Yes,2.89,High Error Rate
104508,2026-04-17,Pune,Quality Review,Evening,432,58.81,6,18.9,96.67,60,Yes,1.389,Normal
102065,2026-04-17,Pune,Validation,Night,153,50.7,6,0.0,89.37,55,Yes,3.922,Low Quality Score
105263,2026-04-17,Pune,Validation,Morning,318,70.45,1,12.9,100.0,55,No,0.314,SLA Breach
104060,2026-04-18,Bengaluru,Enrichment,Morning,240,69.88,6,0.0,99.22,65,No,2.5,High Error Rate
100468,2026-04-18,Bengaluru,Quality Review,Morning,313,20.47,1,0.5,96.53,60,Yes,0.319,Normal
105862,2026-04-18,Bengaluru,Quality Review,Night,555,58.15,4,11.5,95.93,60,Yes,0.721,Normal
100915,2026-04-18,Bengaluru,Validation,Night,220,45.7,3,7.4,93.62,55,Yes,1.364,Normal
104928,2026-04-18,Bengaluru,Validation,Evening,493,33.32,7,29.4,97.53,55,Yes,1.42,Normal
104936,2026-04-18,Bengaluru,Validation,Night,576,59.33,2,0.0,90.77,55,No,0.347,SLA Breach
105471,2026-04-18,Bengaluru,Validation,Evening,551,59.29,9,13.7,100.0,55,No,1.633,SLA Breach
101654,2026-04-18,Chennai,Data Intake,Evening,114,44.94,4,0.0,92.69,35,No,3.509,High Error Rate
102966,2026-04-18,Chennai,Data Intake,Evening,446,30.7,9,22.7,95.39,35,Yes,2.018,High Error Rate
101608,2026-04-18,Chennai,Publishing,Morning,168,42.62,3,0.0,93.14,30,No,1.786,SLA Breach
101644,2026-04-18,Chennai,Publishing,Evening,395,22.07,9,0.0,96.77,30,Yes,2.278,High Error Rate
104782,2026-04-18,Chennai,Publishing,Evening,319,15.9,3,22.5,92.76,30,Yes,0.94,Normal
103825,2026-04-18,Chennai,Quality Review,Morning,264,24.84,5,7.8,94.73,60,Yes,1.894,Normal
104790,2026-04-18,Chennai,Quality Review,Evening,236,50.26,1,0.0,99.74,60,Yes,0.424,Normal
104938,2026-04-18,Chennai,Validation,Morning,509,51.34,5,22.5,97.55,55,Yes,0.982,Normal
100520,2026-04-18,Hyderabad,Data Intake,Evening,271,14.83,2,21.3,96.67,35,Yes,0.738,Normal
105608,2026-04-18,Hyderabad,Enrichment,Morning,374,69.34,9,16.9,93.74,65,No,2.406,High Error Rate
103955,2026-04-18,Hyderabad,Publishing,Evening,577,21.86,3,28.7,91.09,30,Yes,0.52,Normal
105531,2026-04-18,Hyderabad,Validation,Evening,432,59.65,6,3.0,99.84,55,No,1.389,SLA Breach
105815,2026-04-18,Pune,Data Intake,Evening,214,46.26,7,6.0,93.96,35,No,3.271,High Error Rate
100688,2026-04-18,Pune,Publishing,Morning,388,26.45,3,0.0,94.19,30,Yes,0.773,Normal
101350,2026-04-18,Pune,Publishing,Morning,262,74.72,5,4.3,92.68,30,No,1.908,SLA Breach
104802,2026-04-18,Pune,Quality Review,Evening,278,88.57,5,0.0,91.78,60,No,1.799,SLA Breach
105928,2026-04-18,Pune,Quality Review,Evening,545,148.63,7,0.0,95.34,60,No,1.284,SLA Breach
102676,2026-04-18,Pune,Validation,Morning,268,60.13,2,18.8,98.36,55,No,0.746,SLA Breach
100720,2026-04-19,Bengaluru,Data Intake,Evening,122,28.97,3,12.4,95.4,35,Yes,2.459,High Error Rate
101764,2026-04-19,Bengaluru,Publishing,Morning,276,38.84,4,10.0,93.24,30,No,1.449,SLA Breach
102973,2026-04-19,Bengaluru,Publishing,Morning,535,33.2,5,16.7,97.1,30,No,0.935,SLA Breach
103303,2026-04-19,Bengaluru,Publishing,Morning,381,29.82,4,16.4,91.0,30,Yes,1.05,Normal
103415,2026-04-19,Bengaluru,Quality Review,Morning,580,24.17,8,32.1,96.61,60,Yes,1.379,Normal
105636,2026-04-19,Bengaluru,Quality Review,Evening,228,26.0,4,1.2,93.21,60,Yes,1.754,Normal
100967,2026-04-19,Bengaluru,Validation,Evening,533,59.85,6,9.7,88.82,55,No,1.126,Low Quality Score
104265,2026-04-19,Bengaluru,Validation,Morning,460,63.89,5,32.5,93.06,55,No,1.087,SLA Breach
100665,2026-04-19,Chennai,Data Intake,Morning,455,15.16,9,24.6,99.26,35,Yes,1.978,Normal
101580,2026-04-19,Chennai,Data Intake,Morning,616,15.32,3,6.4,91.04,35,Yes,0.487,Normal
100531,2026-04-19,Chennai,Enrichment,Night,391,46.7,4,0.0,96.53,65,Yes,1.023,Normal
101048,2026-04-19,Chennai,Enrichment,Morning,642,67.8,6,29.7,94.47,65,No,0.935,SLA Breach
102414,2026-04-19,Chennai,Enrichment,Morning,315,57.3,6,3.8,92.24,65,Yes,1.905,Normal
104390,2026-04-19,Chennai,Publishing,Morning,263,36.7,1,13.4,89.87,30,No,0.38,Low Quality Score
101505,2026-04-19,Chennai,Quality Review,Evening,590,37.63,10,0.0,92.96,60,Yes,1.695,Normal
100394,2026-04-19,Chennai,Validation,Evening,220,135.0,5,0.0,95.88,55,No,2.273,High Error Rate
101188,2026-04-19,Chennai,Validation,Night,375,17.24,3,16.1,94.44,55,Yes,0.8,Normal
103648,2026-04-19,Chennai,Validation,Night,628,57.07,6,15.9,92.91,55,No,0.955,SLA Breach
103019,2026-04-19,Hyderabad,Enrichment,Evening,544,92.31,10,0.0,92.95,65,No,1.838,SLA Breach
103423,2026-04-19,Hyderabad,Enrichment,Evening,154,59.17,7,21.3,90.69,65,Yes,4.545,High Error Rate
104618,2026-04-19,Hyderabad,Publishing,Morning,631,50.37,9,18.1,89.01,30,No,1.426,Low Quality Score
102024,2026-04-19,Hyderabad,Quality Review,Night,352,70.84,5,3.1,87.05,60,No,1.42,Low Quality Score
102614,2026-04-19,Hyderabad,Quality Review,Evening,119,33.78,6,1.4,97.39,60,Yes,5.042,High Error Rate
105013,2026-04-19,Hyderabad,Quality Review,Morning,201,36.05,3,0.0,96.1,60,Yes,1.493,Normal
103007,2026-04-19,Hyderabad,Validation,Night,464,29.0,1,0.0,94.54,55,Yes,0.216,Normal
103838,2026-04-19,Hyderabad,Validation,Evening,135,62.28,4,11.1,96.4,55,No,2.963,High Error Rate
104541,2026-04-19,Pune,Data Intake,Morning,606,18.31,5,4.3,94.53,35,Yes,0.825,Normal
100455,2026-04-19,Pune,Enrichment,Morning,238,72.85,3,26.1,95.89,65,No,1.261,SLA Breach
104756,2026-04-19,Pune,Publishing,Evening,277,44.83,1,1.1,93.47,30,No,0.361,SLA Breach
105171,2026-04-19,Pune,Publishing,Evening,332,33.87,4,26.6,97.45,30,No,1.205,SLA Breach
104078,2026-04-19,Pune,Quality Review,Evening,117,48.44,3,28.7,100.0,60,Yes,2.564,High Error Rate
102445,2026-04-19,Pune,Validation,Night,190,46.28,4,24.9,95.94,55,Yes,2.105,High Error Rate
105981,2026-04-20,Bengaluru,Data Intake,Night,300,32.3,1,6.7,100.0,35,Yes,0.333,Normal
100193,2026-04-20,Bengaluru,Enrichment,Morning,143,56.37,8,7.0,97.88,65,Yes,5.594,High Error Rate
103436,2026-04-20,Bengaluru,Enrichment,Evening,344,27.09,6,9.1,93.31,65,Yes,1.744,Normal
100490,2026-04-20,Bengaluru,Publishing,Night,391,36.6,5,2.9,93.7,30,No,1.279,SLA Breach
103876,2026-04-20,Bengaluru,Validation,Evening,119,42.0,10,35.0,94.76,55,Yes,8.403,High Error Rate
104310,2026-04-20,Bengaluru,Validation,Evening,523,60.83,5,15.3,93.61,55,No,0.956,SLA Breach
105130,2026-04-20,Bengaluru,Validation,Morning,575,25.79,4,20.3,96.55,55,Yes,0.696,Normal
105968,2026-04-20,Bengaluru,Validation,Evening,612,61.48,4,0.0,99.93,55,No,0.654,SLA Breach
100850,2026-04-20,Chennai,Data Intake,Night,263,26.27,2,1.0,95.49,35,Yes,0.76,Normal
105335,2026-04-20,Chennai,Data Intake,Morning,81,31.48,6,16.8,96.05,35,Yes,7.407,High Error Rate
102183,2026-04-20,Chennai,Enrichment,Night,86,61.4,5,0.0,91.26,65,Yes,5.814,High Error Rate
101568,2026-04-20,Chennai,Publishing,Evening,522,21.55,5,0.0,92.97,30,Yes,0.958,Normal
102692,2026-04-20,Chennai,Quality Review,Morning,566,77.86,1,31.4,95.02,60,No,0.177,SLA Breach
104233,2026-04-20,Chennai,Quality Review,Evening,386,71.62,7,13.2,97.79,60,No,1.813,SLA Breach
105609,2026-04-20,Chennai,Quality Review,Morning,227,72.16,6,0.0,91.98,60,No,2.643,High Error Rate
104259,2026-04-20,Hyderabad,Data Intake,Night,555,35.51,5,21.0,91.56,35,No,0.901,SLA Breach
100494,2026-04-20,Hyderabad,Enrichment,Morning,637,45.96,12,0.0,92.97,65,Yes,1.884,Normal
103170,2026-04-20,Hyderabad,Enrichment,Night,91,58.47,10,25.8,91.87,65,Yes,10.989,High Error Rate
101525,2026-04-20,Hyderabad,Publishing,Evening,312,30.26,6,0.0,100.0,30,No,1.923,SLA Breach
104210,2026-04-20,Hyderabad,Publishing,Night,165,24.59,6,13.3,98.77,30,Yes,3.636,High Error Rate
100625,2026-04-20,Hyderabad,Quality Review,Morning,483,20.34,5,0.0,99.21,60,Yes,1.035,Normal
101873,2026-04-20,Hyderabad,Quality Review,Evening,408,45.34,5,31.0,94.96,60,Yes,1.225,Normal
103449,2026-04-20,Hyderabad,Quality Review,Evening,608,39.7,5,15.9,92.28,60,Yes,0.822,Normal
104589,2026-04-20,Hyderabad,Quality Review,Morning,272,39.04,5,30.3,97.06,60,Yes,1.838,Normal
103810,2026-04-20,Hyderabad,Validation,Evening,336,24.98,8,13.7,97.71,55,Yes,2.381,High Error Rate
105551,2026-04-20,Hyderabad,Validation,Morning,396,59.9,4,24.8,94.09,55,No,1.01,SLA Breach
105849,2026-04-20,Hyderabad,Validation,Morning,621,42.41,7,3.3,91.53,55,Yes,1.127,Normal
103347,2026-04-20,Pune,Data Intake,Evening,351,31.1,5,12.9,91.16,35,Yes,1.425,Normal
104914,2026-04-20,Pune,Data Intake,Night,339,27.21,6,0.0,100.0,35,Yes,1.77,Normal
100137,2026-04-20,Pune,Enrichment,Morning,613,79.01,2,6.1,100.0,65,No,0.326,SLA Breach
102213,2026-04-20,Pune,Validation,Evening,621,24.52,2,22.9,94.05,55,Yes,0.322,Normal
102124,2026-04-21,Bengaluru,Data Intake,Night,248,21.31,1,23.4,93.99,35,Yes,0.403,Normal
102494,2026-04-21,Bengaluru,Data Intake,Morning,134,22.16,6,4.0,95.52,35,Yes,4.478,High Error Rate
103225,2026-04-21,Bengaluru,Data Intake,Evening,521,27.54,7,0.0,96.41,35,Yes,1.344,Normal
103613,2026-04-21,Bengaluru,Data Intake,Morning,362,30.97,5,20.4,96.83,35,Yes,1.381,Normal
103864,2026-04-21,Bengaluru,Data Intake,Night,522,26.85,3,12.4,92.1,35,Yes,0.575,Normal
105645,2026-04-21,Bengaluru,Data Intake,Night,442,31.54,0,4.3,97.63,35,Yes,0.0,Normal
105821,2026-04-21,Bengaluru,Data Intake,Evening,229,45.37,7,23.2,92.07,35,No,3.057,High Error Rate
104228,2026-04-21,Bengaluru,Enrichment,Morning,268,20.84,4,0.0,91.94,65,Yes,1.493,Normal
104586,2026-04-21,Bengaluru,Publishing,Evening,532,32.91,3,11.5,93.42,30,No,0.564,SLA Breach
104980,2026-04-21,Bengaluru,Publishing,Morning,143,44.37,3,10.3,97.02,30,No,2.098,High Error Rate
102971,2026-04-21,Bengaluru,Quality Review,Night,525,57.05,5,18.2,97.79,60,Yes,0.952,Normal
100767,2026-04-21,Bengaluru,Validation,Morning,544,45.9,5,0.0,97.01,55,Yes,0.919,Normal
101305,2026-04-21,Chennai,Publishing,Night,639,28.52,6,21.8,94.08,30,Yes,0.939,Normal
103602,2026-04-21,Chennai,Publishing,Morning,208,19.45,5,0.0,98.7,30,Yes,2.404,High Error Rate
105525,2026-04-21,Chennai,Publishing,Evening,545,51.53,4,9.1,88.54,30,No,0.734,Low Quality Score
105959,2026-04-21,Chennai,Publishing,Morning,290,34.62,5,15.4,95.33,30,No,1.724,SLA Breach
103895,2026-04-21,Chennai,Quality Review,Night,263,47.9,4,0.0,91.61,60,Yes,1.521,Normal
104351,2026-04-21,Chennai,Quality Review,Morning,182,28.92,4,13.5,95.17,60,Yes,2.198,High Error Rate
103425,2026-04-21,Chennai,Validation,Evening,212,42.72,4,21.4,96.53,55,Yes,1.887,Normal
104801,2026-04-21,Chennai,Validation,Evening,456,39.57,6,0.0,96.69,55,Yes,1.316,Normal
105679,2026-04-21,Hyderabad,Data Intake,Evening,532,27.64,8,17.8,92.41,35,Yes,1.504,Normal
100956,2026-04-21,Hyderabad,Enrichment,Night,152,130.88,6,0.0,92.27,65,No,3.947,High Error Rate
105980,2026-04-21,Hyderabad,Enrichment,Night,508,46.86,9,25.1,91.76,65,Yes,1.772,Normal
100896,2026-04-21,Hyderabad,Publishing,Night,423,31.77,7,3.9,98.28,30,No,1.655,SLA Breach
101181,2026-04-21,Hyderabad,Publishing,Night,288,45.16,3,27.7,90.45,30,No,1.042,SLA Breach
101952,2026-04-21,Hyderabad,Publishing,Night,495,21.12,6,1.5,95.83,30,Yes,1.212,Normal
105605,2026-04-21,Hyderabad,Publishing,Evening,282,19.42,3,5.2,95.13,30,Yes,1.064,Normal
105788,2026-04-21,Hyderabad,Publishing,Morning,325,49.74,6,16.3,88.04,30,No,1.846,Low Quality Score
102864,2026-04-21,Hyderabad,Quality Review,Evening,565,35.34,5,0.0,94.34,60,Yes,0.885,Normal
102144,2026-04-21,Pune,Data Intake,Morning,147,23.86,4,41.4,97.94,35,Yes,2.721,High Error Rate
101758,2026-04-21,Pune,Enrichment,Evening,501,47.23,2,4.2,90.57,65,Yes,0.399,Normal
100269,2026-04-21,Pune,Publishing,Morning,565,45.49,4,0.1,91.49,30,No,0.708,SLA Breach
101662,2026-04-21,Pune,Quality Review,Night,105,45.95,4,0.0,92.64,60,Yes,3.81,High Error Rate
104455,2026-04-21,Pune,Validation,Evening,589,35.96,6,13.7,91.98,55,Yes,1.019,Normal
104544,2026-04-21,Pune,Validation,Evening,564,54.49,7,0.0,96.02,55,Yes,1.241,Normal
102027,2026-04-22,Bengaluru,Data Intake,Night,377,13.5,2,4.8,93.49,35,Yes,0.531,Normal
105962,2026-04-22,Bengaluru,Data Intake,Morning,226,48.8,1,22.6,89.51,35,No,0.442,Low Quality Score
101135,2026-04-22,Bengaluru,Enrichment,Morning,603,25.44,2,0.0,100.0,65,Yes,0.332,Normal
104621,2026-04-22,Bengaluru,Enrichment,Evening,630,47.42,2,0.0,93.56,65,Yes,0.317,Normal
101846,2026-04-22,Bengaluru,Publishing,Morning,542,41.21,4,22.6,90.94,30,No,0.738,SLA Breach
103124,2026-04-22,Bengaluru,Publishing,Morning,356,26.59,7,3.3,93.57,30,Yes,1.966,Normal
103417,2026-04-22,Bengaluru,Publishing,Morning,366,25.6,3,23.1,93.25,30,Yes,0.82,Normal
104639,2026-04-22,Bengaluru,Publishing,Morning,158,34.51,8,11.8,99.78,30,No,5.063,High Error Rate
105063,2026-04-22,Bengaluru,Quality Review,Morning,236,29.0,3,0.0,93.89,60,Yes,1.271,Normal
103331,2026-04-22,Bengaluru,Validation,Morning,309,48.69,1,0.8,91.97,55,Yes,0.324,Normal
103970,2026-04-22,Bengaluru,Validation,Morning,596,29.37,3,0.0,91.55,55,Yes,0.503,Normal
105122,2026-04-22,Bengaluru,Validation,Morning,246,118.65,4,0.0,94.08,55,No,1.626,SLA Breach
105342,2026-04-22,Bengaluru,Validation,Night,205,56.96,6,29.9,96.73,55,No,2.927,High Error Rate
100702,2026-04-22,Chennai,Data Intake,Night,131,28.72,4,20.1,99.49,35,Yes,3.053,High Error Rate
100601,2026-04-22,Chennai,Enrichment,Morning,477,34.53,6,12.7,95.64,65,Yes,1.258,Normal
100900,2026-04-22,Chennai,Publishing,Evening,373,50.92,7,0.0,95.93,30,No,1.877,SLA Breach
100987,2026-04-22,Chennai,Publishing,Evening,379,12.98,6,9.6,88.64,30,Yes,1.583,Low Quality Score
105097,2026-04-22,Chennai,Quality Review,Night,247,67.1,3,0.0,92.19,60,No,1.215,SLA Breach
102629,2026-04-22,Chennai,Validation,Night,109,43.55,5,0.0,91.06,55,Yes,4.587,High Error Rate
103609,2026-04-22,Chennai,Validation,Night,289,47.23,4,6.8,93.25,55,Yes,1.384,Normal
105275,2026-04-22,Chennai,Validation,Evening,347,44.7,5,2.5,92.69,55,Yes,1.441,Normal
105786,2026-04-22,Chennai,Validation,Evening,347,51.47,0,16.0,94.09,55,Yes,0.0,Normal
100323,2026-04-22,Hyderabad,Data Intake,Morning,257,16.61,3,30.9,95.25,35,Yes,1.167,Normal
101829,2026-04-22,Hyderabad,Enrichment,Evening,152,128.95,9,0.0,93.71,65,No,5.921,High Error Rate
103177,2026-04-22,Hyderabad,Enrichment,Morning,134,140.74,12,7.9,98.98,65,No,8.955,High Error Rate
100672,2026-04-22,Hyderabad,Publishing,Morning,584,40.04,4,0.0,91.24,30,No,0.685,SLA Breach
103922,2026-04-22,Hyderabad,Publishing,Morning,377,19.94,2,19.9,92.23,30,Yes,0.531,Normal
103920,2026-04-22,Hyderabad,Quality Review,Evening,600,126.79,5,0.0,92.14,60,No,0.833,SLA Breach
104038,2026-04-22,Hyderabad,Quality Review,Morning,449,34.66,4,25.2,98.5,60,Yes,0.891,Normal
104595,2026-04-22,Hyderabad,Quality Review,Evening,119,67.13,2,2.6,94.33,60,No,1.681,SLA Breach
102904,2026-04-22,Hyderabad,Validation,Morning,281,36.39,3,18.5,91.72,55,Yes,1.068,Normal
105123,2026-04-22,Hyderabad,Validation,Night,202,29.6,2,22.6,94.92,55,Yes,0.99,Normal
105214,2026-04-22,Hyderabad,Validation,Night,317,56.84,6,33.1,90.32,55,No,1.893,SLA Breach
102726,2026-04-22,Pune,Data Intake,Evening,220,31.18,4,15.7,92.97,35,Yes,1.818,Normal
101885,2026-04-22,Pune,Publishing,Evening,440,26.95,1,16.6,90.65,30,Yes,0.227,Normal
100953,2026-04-22,Pune,Quality Review,Evening,396,37.22,6,29.7,96.97,60,Yes,1.515,Normal
102393,2026-04-22,Pune,Quality Review,Evening,93,34.52,3,11.3,96.79,60,Yes,3.226,High Error Rate
102927,2026-04-22,Pune,Validation,Morning,197,76.94,8,10.5,91.94,55,No,4.061,High Error Rate
102508,2026-04-23,Bengaluru,Data Intake,Morning,542,18.63,1,5.7,92.43,35,Yes,0.185,Normal
103640,2026-04-23,Bengaluru,Enrichment,Night,360,37.71,3,2.2,91.91,65,Yes,0.833,Normal
105152,2026-04-23,Bengaluru,Enrichment,Morning,556,42.63,10,15.3,100.0,65,Yes,1.799,Normal
101540,2026-04-23,Bengaluru,Publishing,Morning,405,28.73,3,0.0,98.21,30,Yes,0.741,Normal
103344,2026-04-23,Bengaluru,Publishing,Evening,313,25.96,3,0.0,90.95,30,Yes,0.958,Normal
103367,2026-04-23,Bengaluru,Publishing,Night,409,27.3,7,20.2,90.37,30,Yes,1.711,Normal
102825,2026-04-23,Bengaluru,Quality Review,Evening,305,35.08,8,1.6,93.79,60,Yes,2.623,High Error Rate
102226,2026-04-23,Bengaluru,Validation,Morning,102,61.55,3,0.0,100.0,55,No,2.941,High Error Rate
103600,2026-04-23,Bengaluru,Validation,Morning,309,48.06,7,0.0,94.18,55,Yes,2.265,High Error Rate
101397,2026-04-23,Chennai,Data Intake,Morning,338,22.16,6,0.0,100.0,35,Yes,1.775,Normal
103604,2026-04-23,Chennai,Data Intake,Evening,470,45.9,5,5.7,93.96,35,No,1.064,SLA Breach
100343,2026-04-23,Chennai,Publishing,Evening,182,26.62,7,1.5,90.48,30,Yes,3.846,High Error Rate
105701,2026-04-23,Chennai,Publishing,Night,611,19.93,4,0.9,100.0,30,Yes,0.655,Normal
101200,2026-04-23,Chennai,Quality Review,Morning,584,41.22,7,28.2,96.16,60,Yes,1.199,Normal
102417,2026-04-23,Chennai,Quality Review,Morning,537,26.65,5,0.0,94.85,60,Yes,0.931,Normal
101982,2026-04-23,Chennai,Validation,Morning,114,39.77,5,12.0,90.42,55,Yes,4.386,High Error Rate
103121,2026-04-23,Chennai,Validation,Evening,483,56.51,7,10.9,88.51,55,No,1.449,Low Quality Score
103875,2026-04-23,Chennai,Validation,Morning,351,46.99,4,7.8,100.0,55,Yes,1.14,Normal
105062,2026-04-23,Chennai,Validation,Morning,472,15.25,6,0.0,97.04,55,Yes,1.271,Normal
101211,2026-04-23,Hyderabad,Data Intake,Evening,231,22.84,6,21.0,95.82,35,Yes,2.597,High Error Rate
101290,2026-04-23,Hyderabad,Data Intake,Evening,129,49.07,3,11.3,94.59,35,No,2.326,High Error Rate
101554,2026-04-23,Hyderabad,Data Intake,Night,80,36.73,5,5.4,96.04,35,No,6.25,High Error Rate
101661,2026-04-23,Hyderabad,Data Intake,Morning,247,42.7,4,37.8,96.37,35,No,1.619,SLA Breach
105798,2026-04-23,Hyderabad,Data Intake,Morning,247,20.54,5,6.6,90.84,35,Yes,2.024,High Error Rate
105742,2026-04-23,Hyderabad,Enrichment,Night,377,88.55,9,11.5,94.14,65,No,2.387,High Error Rate
101638,2026-04-23,Hyderabad,Publishing,Night,187,21.88,5,0.0,87.29,30,Yes,2.674,Low Quality Score
102917,2026-04-23,Hyderabad,Quality Review,Evening,255,29.11,2,0.0,97.38,60,Yes,0.784,Normal
100675,2026-04-23,Hyderabad,Validation,Morning,383,36.25,3,0.0,94.04,55,Yes,0.783,Normal
100825,2026-04-23,Hyderabad,Validation,Morning,477,28.28,4,0.0,88.71,55,Yes,0.839,Low Quality Score
104903,2026-04-23,Pune,Quality Review,Night,113,86.88,7,23.4,89.13,60,No,6.195,Low Quality Score
100240,2026-04-24,Bengaluru,Publishing,Morning,518,23.05,0,8.1,94.58,30,Yes,0.0,Normal
102179,2026-04-24,Bengaluru,Publishing,Night,205,15.04,7,17.6,93.92,30,Yes,3.415,High Error Rate
104542,2026-04-24,Bengaluru,Publishing,Evening,87,24.34,4,10.2,92.57,30,Yes,4.598,High Error Rate
105594,2026-04-24,Bengaluru,Publishing,Night,391,33.5,1,0.0,92.43,30,No,0.256,SLA Breach
101753,2026-04-24,Bengaluru,Quality Review,Morning,472,49.06,5,10.2,97.92,60,Yes,1.059,Normal
102359,2026-04-24,Bengaluru,Validation,Evening,144,45.94,1,0.0,100.0,55,Yes,0.694,Normal
102829,2026-04-24,Bengaluru,Validation,Evening,437,86.91,9,11.2,100.0,55,No,2.059,High Error Rate
103117,2026-04-24,Bengaluru,Validation,Morning,560,62.78,6,9.6,94.2,55,No,1.071,SLA Breach
104910,2026-04-24,Bengaluru,Validation,Morning,203,47.79,2,24.4,91.45,55,Yes,0.985,Normal
100996,2026-04-24,Chennai,Enrichment,Evening,272,39.33,4,0.0,89.81,65,Yes,1.471,Low Quality Score
103692,2026-04-24,Chennai,Enrichment,Morning,467,43.73,3,28.7,91.99,65,Yes,0.642,Normal
103185,2026-04-24,Chennai,Quality Review,Evening,160,37.64,5,0.0,94.36,60,Yes,3.125,High Error Rate
105003,2026-04-24,Chennai,Quality Review,Morning,378,103.14,6,7.5,90.51,60,No,1.587,SLA Breach
100245,2026-04-24,Chennai,Validation,Night,504,60.47,5,25.2,100.0,55,No,0.992,SLA Breach
102128,2026-04-24,Chennai,Validation,Evening,183,84.09,5,0.0,93.19,55,No,2.732,High Error Rate
103819,2026-04-24,Chennai,Validation,Evening,470,80.32,5,15.1,93.68,55,No,1.064,SLA Breach
100085,2026-04-24,Hyderabad,Data Intake,Morning,544,34.49,6,2.7,93.73,35,Yes,1.103,Normal
102721,2026-04-24,Hyderabad,Data Intake,Evening,501,18.39,2,7.6,91.17,35,Yes,0.399,Normal
102907,2026-04-24,Hyderabad,Enrichment,Evening,167,57.45,8,25.3,92.73,65,Yes,4.79,High Error Rate
104496,2026-04-24,Hyderabad,Enrichment,Evening,573,107.09,7,0.0,95.46,65,No,1.222,SLA Breach
103009,2026-04-24,Hyderabad,Quality Review,Morning,241,77.46,2,14.8,91.75,60,No,0.83,SLA Breach
101171,2026-04-24,Pune,Enrichment,Night,313,35.4,3,5.0,95.49,65,Yes,0.958,Normal
103026,2026-04-24,Pune,Enrichment,Night,310,49.31,5,5.5,92.77,65,Yes,1.613,Normal
103171,2026-04-24,Pune,Enrichment,Evening,318,33.97,3,16.3,95.84,65,Yes,0.943,Normal
105048,2026-04-24,Pune,Publishing,Morning,375,43.09,3,25.0,89.52,30,No,0.8,Low Quality Score
100599,2026-04-24,Pune,Quality Review,Evening,286,95.5,2,0.0,97.61,60,No,0.699,SLA Breach
101755,2026-04-24,Pune,Quality Review,Evening,373,35.02,8,22.0,94.04,60,Yes,2.145,High Error Rate
102898,2026-04-24,Pune,Validation,Morning,149,40.45,5,16.3,96.26,55,Yes,3.356,High Error Rate
100341,2026-04-25,Bengaluru,Data Intake,Morning,473,14.36,3,27.3,87.92,35,Yes,0.634,Low Quality Score
100658,2026-04-25,Bengaluru,Data Intake,Night,370,49.5,6,0.0,89.62,35,No,1.622,Low Quality Score
101417,2026-04-25,Bengaluru,Enrichment,Evening,92,53.24,7,17.9,95.88,65,Yes,7.609,High Error Rate
103865,2026-04-25,Bengaluru,Enrichment,Evening,551,58.62,5,0.0,89.93,65,Yes,0.907,Low Quality Score
101196,2026-04-25,Bengaluru,Publishing,Evening,314,59.72,3,0.0,92.49,30,No,0.955,SLA Breach
101370,2026-04-25,Bengaluru,Publishing,Morning,141,34.59,3,0.0,90.8,30,No,2.128,High Error Rate
102010,2026-04-25,Bengaluru,Publishing,Morning,462,26.96,10,16.4,86.46,30,Yes,2.165,Low Quality Score
103317,2026-04-25,Bengaluru,Publishing,Morning,270,30.7,1,25.6,89.55,30,No,0.37,Low Quality Score
102996,2026-04-25,Bengaluru,Quality Review,Morning,465,35.5,2,10.8,97.44,60,Yes,0.43,Normal
100475,2026-04-25,Bengaluru,Validation,Evening,162,49.22,6,16.0,92.5,55,Yes,3.704,High Error Rate
100880,2026-04-25,Bengaluru,Validation,Night,346,82.94,6,8.7,94.77,55,No,1.734,SLA Breach
101111,2026-04-25,Bengaluru,Validation,Night,114,67.39,4,0.0,92.5,55,No,3.509,High Error Rate
102758,2026-04-25,Bengaluru,Validation,Night,324,48.31,6,22.0,89.19,55,Yes,1.852,Low Quality Score
102185,2026-04-25,Chennai,Data Intake,Evening,486,21.54,4,0.0,96.06,35,Yes,0.823,Normal
104063,2026-04-25,Chennai,Enrichment,Evening,140,62.49,5,19.0,90.95,65,Yes,3.571,High Error Rate
105268,2026-04-25,Chennai,Publishing,Evening,195,42.33,6,0.0,97.66,30,No,3.077,High Error Rate
102568,2026-04-25,Chennai,Quality Review,Evening,441,30.07,4,28.6,100.0,60,Yes,0.907,Normal
100192,2026-04-25,Chennai,Validation,Morning,132,37.28,6,20.1,93.97,55,Yes,4.545,High Error Rate
104858,2026-04-25,Chennai,Validation,Evening,333,48.62,6,22.8,95.09,55,Yes,1.802,Normal
100040,2026-04-25,Hyderabad,Data Intake,Night,245,11.95,6,0.0,95.02,35,Yes,2.449,High Error Rate
104619,2026-04-25,Hyderabad,Data Intake,Morning,181,48.93,4,15.6,95.98,35,No,2.21,High Error Rate
102158,2026-04-25,Hyderabad,Publishing,Night,646,16.2,8,18.3,95.22,30,Yes,1.238,Normal
104086,2026-04-25,Hyderabad,Quality Review,Morning,220,59.96,3,14.1,99.03,60,Yes,1.364,Normal
101172,2026-04-25,Hyderabad,Validation,Morning,288,46.18,8,6.8,90.95,55,Yes,2.778,High Error Rate
100458,2026-04-25,Pune,Data Intake,Morning,98,29.1,5,4.7,97.69,35,Yes,5.102,High Error Rate
100958,2026-04-25,Pune,Data Intake,Evening,649,72.82,5,5.9,97.36,35,No,0.77,SLA Breach
102231,2026-04-25,Pune,Data Intake,Morning,307,29.18,7,4.4,89.21,35,Yes,2.28,Low Quality Score
105060,2026-04-25,Pune,Data Intake,Night,354,24.21,11,5.1,97.89,35,Yes,3.107,High Error Rate
100743,2026-04-25,Pune,Enrichment,Evening,177,56.42,5,0.0,94.66,65,Yes,2.825,High Error Rate
100130,2026-04-25,Pune,Quality Review,Evening,287,26.92,4,5.3,93.06,60,Yes,1.394,Normal
103546,2026-04-25,Pune,Quality Review,Evening,224,30.64,6,16.8,87.37,60,Yes,2.679,Low Quality Score
103502,2026-04-26,Bengaluru,Data Intake,Night,556,14.74,8,3.3,97.87,35,Yes,1.439,Normal
105183,2026-04-26,Bengaluru,Enrichment,Night,144,39.91,4,10.5,98.49,65,Yes,2.778,High Error Rate
105566,2026-04-26,Bengaluru,Enrichment,Morning,199,53.85,4,1.0,100.0,65,Yes,2.01,High Error Rate
100920,2026-04-26,Bengaluru,Publishing,Night,132,16.24,5,0.0,87.54,30,Yes,3.788,Low Quality Score
101128,2026-04-26,Bengaluru,Publishing,Morning,269,44.67,3,29.3,84.61,30,No,1.115,Low Quality Score
103925,2026-04-26,Bengaluru,Publishing,Morning,293,58.89,4,21.4,89.78,30,No,1.365,Low Quality Score
101985,2026-04-26,Bengaluru,Quality Review,Evening,128,37.46,4,0.0,92.18,60,Yes,3.125,High Error Rate
103730,2026-04-26,Bengaluru,Quality Review,Evening,291,51.84,4,3.6,97.73,60,Yes,1.375,Normal
101994,2026-04-26,Bengaluru,Validation,Evening,271,51.55,6,23.8,97.07,55,Yes,2.214,High Error Rate
103721,2026-04-26,Bengaluru,Validation,Night,180,32.64,3,18.5,96.64,55,Yes,1.667,Normal
103301,2026-04-26,Chennai,Data Intake,Evening,566,36.08,4,3.9,89.91,35,No,0.707,Low Quality Score
100099,2026-04-26,Chennai,Enrichment,Night,550,52.7,5,16.9,92.51,65,Yes,0.909,Normal
101337,2026-04-26,Chennai,Enrichment,Morning,490,75.28,3,0.0,97.85,65,No,0.612,SLA Breach
100673,2026-04-26,Chennai,Publishing,Evening,635,21.73,4,14.1,90.14,30,Yes,0.63,Normal
101235,2026-04-26,Chennai,Quality Review,Night,251,50.87,3,18.3,97.57,60,Yes,1.195,Normal
101467,2026-04-26,Chennai,Validation,Evening,317,91.41,8,0.0,95.22,55,No,2.524,High Error Rate
103324,2026-04-26,Chennai,Validation,Evening,393,81.19,5,27.8,99.03,55,No,1.272,SLA Breach
103408,2026-04-26,Chennai,Validation,Evening,440,25.53,2,0.0,93.66,55,Yes,0.455,Normal
103550,2026-04-26,Chennai,Validation,Evening,370,55.23,4,27.6,93.15,55,No,1.081,SLA Breach
100616,2026-04-26,Hyderabad,Enrichment,Evening,246,36.17,5,25.9,91.49,65,Yes,2.033,High Error Rate
101585,2026-04-26,Hyderabad,Enrichment,Night,519,70.56,6,0.0,91.01,65,No,1.156,SLA Breach
102689,2026-04-26,Hyderabad,Enrichment,Night,158,92.24,10,14.6,93.48,65,No,6.329,High Error Rate
105145,2026-04-26,Hyderabad,Enrichment,Morning,102,54.86,10,2.0,95.15,65,Yes,9.804,High Error Rate
103764,2026-04-26,Hyderabad,Quality Review,Morning,622,39.42,6,29.5,90.37,60,Yes,0.965,Normal
102970,2026-04-26,Hyderabad,Validation,Morning,434,16.63,1,0.0,95.24,55,Yes,0.23,Normal
102992,2026-04-26,Hyderabad,Validation,Morning,515,82.02,1,6.1,96.79,55,No,0.194,SLA Breach
103492,2026-04-26,Hyderabad,Validation,Night,371,91.62,3,3.7,91.65,55,No,0.809,SLA Breach
103757,2026-04-26,Hyderabad,Validation,Evening,334,26.66,4,6.6,100.0,55,Yes,1.198,Normal
105064,2026-04-26,Hyderabad,Validation,Morning,591,58.06,4,0.0,96.37,55,No,0.677,SLA Breach
105613,2026-04-26,Hyderabad,Validation,Morning,461,45.05,2,0.0,88.47,55,Yes,0.434,Low Quality Score
100782,2026-04-26,Pune,Enrichment,Evening,256,31.77,2,1.8,95.26,65,Yes,0.781,Normal
102437,2026-04-26,Pune,Validation,Evening,117,44.22,6,0.0,100.0,55,Yes,5.128,High Error Rate
100600,2026-04-27,Bengaluru,Enrichment,Evening,253,40.39,7,0.0,92.2,65,Yes,2.767,High Error Rate
101715,2026-04-27,Bengaluru,Enrichment,Morning,461,120.87,2,20.5,94.24,65,No,0.434,SLA Breach
101717,2026-04-27,Bengaluru,Enrichment,Evening,115,138.48,4,14.4,93.48,65,No,3.478,High Error Rate
103577,2026-04-27,Bengaluru,Enrichment,Evening,179,80.16,5,39.4,95.38,65,No,2.793,High Error Rate
102448,2026-04-27,Bengaluru,Validation,Morning,103,29.39,3,20.0,94.63,55,Yes,2.913,High Error Rate
105672,2026-04-27,Bengaluru,Validation,Morning,344,60.92,4,0.0,94.05,55,No,1.163,SLA Breach
103647,2026-04-27,Chennai,Data Intake,Morning,254,59.31,4,12.8,86.75,35,No,1.575,Low Quality Score
100026,2026-04-27,Chennai,Enrichment,Evening,575,49.86,7,0.0,95.3,65,Yes,1.217,Normal
104906,2026-04-27,Chennai,Publishing,Night,106,16.84,5,0.0,88.67,30,Yes,4.717,Low Quality Score
103118,2026-04-27,Chennai,Quality Review,Morning,304,55.63,7,13.7,100.0,60,Yes,2.303,High Error Rate
103696,2026-04-27,Chennai,Quality Review,Night,461,29.54,8,14.2,90.09,60,Yes,1.735,Normal
104995,2026-04-27,Chennai,Validation,Night,638,62.91,9,0.0,97.07,55,No,1.411,SLA Breach
105106,2026-04-27,Chennai,Validation,Evening,160,59.68,4,0.0,89.55,55,No,2.5,Low Quality Score
105420,2026-04-27,Chennai,Validation,Night,480,26.24,10,24.4,95.46,55,Yes,2.083,High Error Rate
101068,2026-04-27,Hyderabad,Publishing,Night,263,24.82,5,6.4,95.82,30,Yes,1.901,Normal
102184,2026-04-27,Hyderabad,Publishing,Morning,617,43.58,7,0.0,95.22,30,No,1.135,SLA Breach
105020,2026-04-27,Hyderabad,Publishing,Evening,561,23.39,4,0.9,92.68,30,Yes,0.713,Normal
105787,2026-04-27,Hyderabad,Publishing,Morning,546,25.21,3,0.7,98.99,30,Yes,0.549,Normal
103147,2026-04-27,Hyderabad,Validation,Night,405,71.44,3,4.4,96.97,55,No,0.741,SLA Breach
103675,2026-04-27,Hyderabad,Validation,Night,288,61.02,1,5.3,95.14,55,No,0.347,SLA Breach
100569,2026-04-27,Pune,Data Intake,Morning,380,27.64,5,12.3,93.36,35,Yes,1.316,Normal
103266,2026-04-27,Pune,Data Intake,Evening,245,46.62,2,0.0,97.92,35,No,0.816,SLA Breach
103862,2026-04-27,Pune,Publishing,Morning,109,14.27,5,22.8,94.06,30,Yes,4.587,High Error Rate
103977,2026-04-27,Pune,Quality Review,Morning,494,37.31,4,10.3,90.14,60,Yes,0.81,Normal
102072,2026-04-28,Bengaluru,Data Intake,Morning,358,19.24,2,35.1,98.05,35,Yes,0.559,Normal
105899,2026-04-28,Bengaluru,Data Intake,Evening,179,17.5,0,23.1,93.37,35,Yes,0.0,Normal
100502,2026-04-28,Bengaluru,Quality Review,Night,206,46.91,2,20.0,92.7,60,Yes,0.971,Normal
104991,2026-04-28,Bengaluru,Quality Review,Evening,194,30.5,5,6.9,100.0,60,Yes,2.577,High Error Rate
102905,2026-04-28,Bengaluru,Validation,Evening,290,30.13,5,11.3,91.46,55,Yes,1.724,Normal
102986,2026-04-28,Bengaluru,Validation,Morning,521,61.51,3,7.2,94.38,55,No,0.576,SLA Breach
101089,2026-04-28,Chennai,Data Intake,Evening,111,38.57,2,17.0,97.03,35,No,1.802,SLA Breach
100824,2026-04-28,Chennai,Enrichment,Evening,524,81.47,4,4.8,97.03,65,No,0.763,SLA Breach
100984,2026-04-28,Chennai,Enrichment,Morning,402,45.92,5,12.4,95.4,65,Yes,1.244,Normal
101887,2026-04-28,Chennai,Enrichment,Evening,486,42.47,9,0.0,83.86,65,Yes,1.852,Low Quality Score
104008,2026-04-28,Chennai,Enrichment,Evening,147,32.55,7,12.4,98.25,65,Yes,4.762,High Error Rate
104042,2026-04-28,Chennai,Enrichment,Morning,525,55.82,6,16.1,87.65,65,Yes,1.143,Low Quality Score
105674,2026-04-28,Chennai,Enrichment,Morning,320,46.89,7,19.0,99.22,65,Yes,2.188,High Error Rate
102015,2026-04-28,Chennai,Publishing,Night,618,17.48,7,1.0,99.92,30,Yes,1.133,Normal
101221,2026-04-28,Chennai,Quality Review,Morning,249,47.62,10,9.0,94.08,60,Yes,4.016,High Error Rate
102481,2026-04-28,Chennai,Quality Review,Morning,421,36.37,3,12.8,93.54,60,Yes,0.713,Normal
100244,2026-04-28,Chennai,Validation,Night,233,21.96,1,4.1,92.55,55,Yes,0.429,Normal
100934,2026-04-28,Chennai,Validation,Night,520,29.85,10,4.6,89.26,55,Yes,1.923,Low Quality Score
105944,2026-04-28,Hyderabad,Data Intake,Evening,276,28.51,4,5.4,92.33,35,Yes,1.449,Normal
102754,2026-04-28,Hyderabad,Enrichment,Morning,313,56.53,10,1.1,92.14,65,Yes,3.195,High Error Rate
102361,2026-04-28,Hyderabad,Publishing,Night,237,40.39,6,8.3,92.77,30,No,2.532,High Error Rate
101205,2026-04-28,Hyderabad,Quality Review,Evening,118,65.4,3,10.3,89.81,60,No,2.542,Low Quality Score
105554,2026-04-28,Hyderabad,Quality Review,Evening,163,72.4,4,0.0,92.44,60,No,2.454,High Error Rate
105735,2026-04-28,Hyderabad,Quality Review,Morning,481,49.78,0,13.0,100.0,60,Yes,0.0,Normal
103589,2026-04-28,Pune,Enrichment,Morning,474,55.42,2,25.7,93.51,65,Yes,0.422,Normal
101255,2026-04-28,Pune,Quality Review,Morning,628,54.3,5,6.4,92.84,60,Yes,0.796,Normal
104560,2026-04-28,Pune,Quality Review,Morning,214,37.78,3,0.0,95.79,60,Yes,1.402,Normal
100771,2026-04-28,Pune,Validation,Night,514,55.42,6,14.5,91.37,55,No,1.167,SLA Breach
101130,2026-04-28,Pune,Validation,Evening,501,54.87,7,4.8,96.32,55,Yes,1.397,Normal
105812,2026-04-28,Pune,Validation,Night,211,37.29,6,0.0,90.99,55,Yes,2.844,High Error Rate
100123,2026-04-29,Bengaluru,Publishing,Morning,608,38.2,6,17.0,99.35,30,No,0.987,SLA Breach
102086,2026-04-29,Bengaluru,Publishing,Morning,248,27.11,4,13.1,93.31,30,Yes,1.613,Normal
101277,2026-04-29,Bengaluru,Quality Review,Morning,206,44.89,8,0.0,92.03,60,Yes,3.883,High Error Rate
102396,2026-04-29,Bengaluru,Quality Review,Night,158,65.64,2,17.5,89.86,60,No,1.266,Low Quality Score
103963,2026-04-29,Bengaluru,Quality Review,Evening,443,26.44,8,6.6,95.48,60,Yes,1.806,Normal
105522,2026-04-29,Bengaluru,Validation,Morning,395,42.39,0,3.6,93.78,55,Yes,0.0,Normal
105994,2026-04-29,Bengaluru,Validation,Night,282,60.81,6,0.0,93.03,55,No,2.128,High Error Rate
101723,2026-04-29,Chennai,Data Intake,Morning,246,57.87,5,1.7,93.64,35,No,2.033,High Error Rate
102551,2026-04-29,Chennai,Data Intake,Morning,575,21.98,3,43.3,92.29,35,Yes,0.522,Normal
105361,2026-04-29,Chennai,Data Intake,Morning,443,28.85,7,23.1,96.14,35,Yes,1.58,Normal
105879,2026-04-29,Chennai,Data Intake,Evening,437,30.01,3,33.2,96.31,35,Yes,0.686,Normal
100003,2026-04-29,Chennai,Enrichment,Morning,642,65.38,5,10.4,91.13,65,No,0.779,SLA Breach
104181,2026-04-29,Chennai,Enrichment,Evening,389,41.43,2,0.0,96.64,65,Yes,0.514,Normal
100986,2026-04-29,Chennai,Publishing,Morning,604,35.71,6,9.8,93.8,30,No,0.993,SLA Breach
101438,2026-04-29,Chennai,Publishing,Night,340,49.66,5,4.7,92.17,30,No,1.471,SLA Breach
102324,2026-04-29,Chennai,Publishing,Morning,413,40.99,7,9.2,96.8,30,No,1.695,SLA Breach
102930,2026-04-29,Chennai,Publishing,Evening,162,15.62,6,15.0,95.35,30,Yes,3.704,High Error Rate
105138,2026-04-29,Chennai,Publishing,Morning,119,26.92,4,4.0,94.79,30,Yes,3.361,High Error Rate
100652,2026-04-29,Chennai,Quality Review,Evening,531,104.68,5,0.0,95.89,60,No,0.942,SLA Breach
101224,2026-04-29,Chennai,Quality Review,Night,192,38.36,7,19.7,91.06,60,Yes,3.646,High Error Rate
104437,2026-04-29,Chennai,Validation,Evening,247,76.56,6,32.0,97.66,55,No,2.429,High Error Rate
105923,2026-04-29,Chennai,Validation,Evening,216,57.24,6,13.3,97.47,55,No,2.778,High Error Rate
101693,2026-04-29,Hyderabad,Data Intake,Evening,511,15.19,6,0.0,88.87,35,Yes,1.174,Low Quality Score
103794,2026-04-29,Hyderabad,Data Intake,Night,257,14.51,5,0.0,92.92,35,Yes,1.946,Normal
101812,2026-04-29,Hyderabad,Enrichment,Night,342,32.24,7,33.6,92.55,65,Yes,2.047,High Error Rate
104460,2026-04-29,Hyderabad,Enrichment,Morning,179,51.48,5,14.3,91.45,65,Yes,2.793,High Error Rate
105553,2026-04-29,Hyderabad,Enrichment,Evening,169,28.29,4,0.0,96.67,65,Yes,2.367,High Error Rate
104302,2026-04-29,Hyderabad,Publishing,Night,207,12.62,8,34.1,93.45,30,Yes,3.865,High Error Rate
104902,2026-04-29,Hyderabad,Quality Review,Morning,478,51.8,5,0.0,96.16,60,Yes,1.046,Normal
100842,2026-04-29,Hyderabad,Validation,Evening,643,40.61,4,5.2,99.0,55,Yes,0.622,Normal
101398,2026-04-29,Hyderabad,Validation,Evening,414,72.21,6,12.2,95.82,55,No,1.449,SLA Breach
102619,2026-04-29,Hyderabad,Validation,Night,229,59.66,7,0.0,96.44,55,No,3.057,High Error Rate
103273,2026-04-29,Hyderabad,Validation,Morning,443,75.91,3,1.8,94.51,55,No,0.677,SLA Breach
105186,2026-04-29,Pune,Data Intake,Night,97,59.82,3,0.0,99.03,35,No,3.093,High Error Rate
104679,2026-04-29,Pune,Enrichment,Evening,399,93.46,6,15.2,99.05,65,No,1.504,SLA Breach
102195,2026-04-29,Pune,Quality Review,Morning,339,56.53,2,14.3,99.61,60,Yes,0.59,Normal
102380,2026-04-29,Pune,Validation,Evening,458,22.63,7,32.8,99.3,55,Yes,1.528,Normal
104464,2026-04-29,Pune,Validation,Morning,474,33.36,5,25.8,100.0,55,Yes,1.055,Normal
105954,2026-04-29,Pune,Validation,Morning,584,41.25,3,4.5,91.81,55,Yes,0.514,Normal
102258,2026-04-29,Unknown,Validation,Morning,428,77.64,6,33.0,100.0,55,No,1.402,SLA Breach
103438,2026-04-30,Bengaluru,Data Intake,Night,232,39.18,8,4.2,100.0,35,No,3.448,High Error Rate
103929,2026-04-30,Bengaluru,Data Intake,Evening,495,22.31,6,18.4,92.76,35,Yes,1.212,Normal
101959,2026-04-30,Bengaluru,Enrichment,Evening,264,75.44,1,3.5,91.8,65,No,0.379,SLA Breach
102088,2026-04-30,Bengaluru,Enrichment,Morning,92,40.96,10,28.7,93.28,65,Yes,10.87,High Error Rate
100156,2026-04-30,Bengaluru,Publishing,Night,145,35.61,11,35.7,95.22,30,No,7.586,High Error Rate
100446,2026-04-30,Bengaluru,Validation,Morning,174,22.94,6,4.7,94.69,55,Yes,3.448,High Error Rate
101597,2026-04-30,Bengaluru,Validation,Morning,172,75.72,5,2.7,91.5,55,No,2.907,High Error Rate
100372,2026-04-30,Chennai,Data Intake,Morning,269,17.02,6,0.0,97.38,35,Yes,2.23,High Error Rate
100255,2026-04-30,Chennai,Publishing,Morning,641,39.1,5,0.0,94.33,30,No,0.78,SLA Breach
100316,2026-04-30,Chennai,Publishing,Evening,606,34.71,6,46.0,96.06,30,No,0.99,SLA Breach
105015,2026-04-30,Chennai,Quality Review,Morning,171,49.86,4,3.7,92.97,60,Yes,2.339,High Error Rate
105143,2026-04-30,Chennai,Quality Review,Evening,502,35.35,2,24.8,96.81,60,Yes,0.398,Normal
102897,2026-04-30,Chennai,Validation,Night,400,56.8,5,0.0,95.96,55,No,1.25,SLA Breach
104321,2026-04-30,Chennai,Validation,Morning,379,102.73,3,0.0,95.33,55,No,0.792,SLA Breach
100730,2026-04-30,Hyderabad,Publishing,Night,445,31.86,5,0.0,97.17,30,No,1.124,SLA Breach
103409,2026-04-30,Hyderabad,Quality Review,Morning,484,78.66,3,1.2,94.53,60,No,0.62,SLA Breach
102584,2026-04-30,Hyderabad,Validation,Morning,490,43.88,3,0.0,93.18,55,Yes,0.612,Normal
104400,2026-04-30,Hyderabad,Validation,Evening,214,64.74,3,16.2,100.0,55,No,1.402,SLA Breach
105714,2026-04-30,Hyderabad,Validation,Evening,348,42.66,2,4.6,93.33,55,Yes,0.575,Normal
103834,2026-04-30,Pune,Data Intake,Evening,596,30.8,3,0.0,92.03,35,Yes,0.503,Normal
103000,2026-04-30,Pune,Enrichment,Morning,272,31.51,5,0.0,89.45,65,Yes,1.838,Low Quality Score
102022,2026-04-30,Pune,Publishing,Morning,333,36.82,8,0.0,93.29,30,No,2.402,High Error Rate
102023,2026-04-30,Pune,Publishing,Morning,113,29.05,4,5.2,90.38,30,Yes,3.54,High Error Rate
101981,2026-04-30,Pune,Validation,Night,522,52.83,8,1.9,95.87,55,Yes,1.533,Normal
102050,2026-04-30,Pune,Validation,Morning,445,27.31,7,0.0,94.33,55,Yes,1.573,Normal
102771,2026-04-30,Pune,Validation,Night,217,45.99,3,7.3,94.27,55,Yes,1.382,Normal
100122,2026-05-01,Bengaluru,Publishing,Evening,610,25.37,1,8.5,90.92,30,Yes,0.164,Normal
101049,2026-05-01,Bengaluru,Publishing,Night,588,35.49,2,3.7,100.0,30,No,0.34,SLA Breach
105369,2026-05-01,Bengaluru,Publishing,Night,324,31.99,1,22.2,98.94,30,No,0.309,SLA Breach
105218,2026-05-01,Bengaluru,Quality Review,Evening,462,68.94,5,0.0,94.34,60,No,1.082,SLA Breach
105447,2026-05-01,Bengaluru,Quality Review,Morning,206,44.4,6,40.0,100.0,60,Yes,2.913,High Error Rate
102102,2026-05-01,Chennai,Data Intake,Evening,545,8.98,6,0.0,93.81,35,Yes,1.101,Normal
102242,2026-05-01,Chennai,Data Intake,Evening,408,26.25,6,1.6,90.52,35,Yes,1.471,Normal
103159,2026-05-01,Chennai,Data Intake,Night,189,43.3,4,0.0,91.37,35,No,2.116,High Error Rate
102563,2026-05-01,Chennai,Enrichment,Night,558,67.92,5,0.0,85.54,65,No,0.896,Low Quality Score
102722,2026-05-01,Chennai,Enrichment,Morning,371,20.49,3,6.6,90.25,65,Yes,0.809,Normal
104489,2026-05-01,Chennai,Enrichment,Morning,131,51.83,7,26.4,96.51,65,Yes,5.344,High Error Rate
104730,2026-05-01,Chennai,Publishing,Evening,498,13.02,5,0.0,100.0,30,Yes,1.004,Normal
101648,2026-05-01,Chennai,Quality Review,Morning,312,97.37,3,20.6,97.12,60,No,0.962,SLA Breach
102084,2026-05-01,Chennai,Quality Review,Night,265,45.83,4,21.6,88.95,60,Yes,1.509,Low Quality Score
104876,2026-05-01,Chennai,Validation,Evening,281,38.61,7,27.1,100.0,55,Yes,2.491,High Error Rate
105298,2026-05-01,Chennai,Validation,Night,179,47.61,10,0.0,96.2,55,Yes,5.587,High Error Rate
100108,2026-05-01,Hyderabad,Enrichment,Morning,431,44.66,7,0.0,90.14,65,Yes,1.624,Normal
100822,2026-05-01,Hyderabad,Publishing,Morning,639,18.02,4,19.9,92.93,30,Yes,0.626,Normal
105889,2026-05-01,Hyderabad,Publishing,Morning,85,26.39,4,0.0,93.44,30,Yes,4.706,High Error Rate
102877,2026-05-01,Hyderabad,Quality Review,Morning,202,65.82,4,23.8,84.77,60,No,1.98,Low Quality Score
105204,2026-05-01,Hyderabad,Quality Review,Night,451,44.94,6,0.0,92.46,60,Yes,1.33,Normal
100819,2026-05-01,Hyderabad,Validation,Morning,612,50.57,5,30.4,92.78,55,Yes,0.817,Normal
103739,2026-05-01,Hyderabad,Validation,Morning,268,66.26,5,8.9,96.92,55,No,1.866,SLA Breach
105870,2026-05-01,Hyderabad,Validation,Night,307,80.59,2,0.0,95.67,55,No,0.651,SLA Breach
100162,2026-05-01,Pune,Publishing,Morning,314,49.7,8,3.3,94.57,30,No,2.548,High Error Rate
105811,2026-05-01,Pune,Publishing,Evening,489,26.01,6,0.0,98.53,30,Yes,1.227,Normal
100237,2026-05-01,Pune,Validation,Evening,610,57.61,7,4.5,95.65,55,No,1.148,SLA Breach
100311,2026-05-01,Pune,Validation,Evening,424,24.15,5,7.7,96.54,55,Yes,1.179,Normal
100479,2026-05-01,Pune,Validation,Morning,516,53.13,6,25.4,98.76,55,Yes,1.163,Normal
105376,2026-05-02,Bengaluru,Enrichment,Morning,268,41.33,4,0.0,94.485,65,Yes,1.493,Normal
102817,2026-05-02,Bengaluru,Quality Review,Evening,92,51.55,4,18.3,95.79,60,Yes,4.348,High Error Rate
104305,2026-05-02,Bengaluru,Quality Review,Night,578,29.44,8,10.6,88.81,60,Yes,1.384,Low Quality Score
101813,2026-05-02,Bengaluru,Validation,Night,339,51.5,2,5.8,100.0,55,Yes,0.59,Normal
103655,2026-05-02,Bengaluru,Validation,Night,121,33.02,5,0.0,90.83,55,Yes,4.132,High Error Rate
101427,2026-05-02,Chennai,Data Intake,Morning,442,30.02,6,0.0,88.17,35,Yes,1.357,Low Quality Score
102616,2026-05-02,Chennai,Data Intake,Evening,631,27.81,7,3.0,89.37,35,Yes,1.109,Low Quality Score
102659,2026-05-02,Chennai,Data Intake,Morning,285,20.37,4,0.0,94.03,35,Yes,1.404,Normal
103193,2026-05-02,Chennai,Data Intake,Morning,491,44.04,3,0.3,92.39,35,No,0.611,SLA Breach
100283,2026-05-02,Chennai,Enrichment,Night,557,69.38,5,0.9,99.37,65,No,0.898,SLA Breach
101306,2026-05-02,Chennai,Enrichment,Evening,177,56.2,4,0.0,95.84,65,Yes,2.26,High Error Rate
102932,2026-05-02,Chennai,Enrichment,Morning,531,125.53,6,31.9,93.88,65,No,1.13,SLA Breach
100641,2026-05-02,Chennai,Quality Review,Morning,619,33.06,2,0.0,91.65,60,Yes,0.323,Normal
103983,2026-05-02,Chennai,Quality Review,Morning,495,65.0,2,21.2,95.13,60,No,0.404,SLA Breach
100080,2026-05-02,Chennai,Validation,Morning,327,39.31,10,6.8,98.17,55,Yes,3.058,High Error Rate
103002,2026-05-02,Chennai,Validation,Night,384,62.54,4,0.0,92.93,55,No,1.042,SLA Breach
103375,2026-05-02,Chennai,Validation,Morning,402,90.06,3,15.8,96.49,55,No,0.746,SLA Breach
104359,2026-05-02,Chennai,Validation,Night,236,23.51,2,2.0,93.13,55,Yes,0.847,Normal
101132,2026-05-02,Hyderabad,Data Intake,Night,429,52.1,4,15.6,96.26,35,No,0.932,SLA Breach
100859,2026-05-02,Hyderabad,Enrichment,Evening,582,28.67,13,12.2,96.0,65,Yes,2.234,High Error Rate
101613,2026-05-02,Hyderabad,Publishing,Morning,493,20.89,4,0.0,95.7,30,Yes,0.811,Normal
105403,2026-05-02,Hyderabad,Publishing,Morning,455,25.61,7,3.5,89.36,30,Yes,1.538,Low Quality Score
102280,2026-05-02,Hyderabad,Validation,Morning,261,57.8,4,12.7,93.05,55,No,1.533,SLA Breach
105259,2026-05-02,Hyderabad,Validation,Morning,559,52.98,7,4.3,90.9,55,Yes,1.252,Normal
105828,2026-05-02,Pune,Data Intake,Night,291,22.48,6,17.3,92.82,35,Yes,2.062,High Error Rate
100312,2026-05-02,Pune,Enrichment,Night,177,42.73,7,14.7,95.17,65,Yes,3.955,High Error Rate
100736,2026-05-02,Pune,Enrichment,Night,263,114.43,7,0.0,99.4,65,No,2.662,High Error Rate
104879,2026-05-02,Pune,Quality Review,Morning,504,60.52,6,0.0,95.07,60,No,1.19,SLA Breach
101668,2026-05-03,Bengaluru,Data Intake,Evening,230,27.84,7,0.0,92.73,35,Yes,3.043,High Error Rate
103813,2026-05-03,Bengaluru,Data Intake,Night,584,21.06,4,16.7,96.52,35,Yes,0.685,Normal
101071,2026-05-03,Bengaluru,Enrichment,Morning,331,74.67,4,15.3,99.07,65,No,1.208,SLA Breach
102034,2026-05-03,Bengaluru,Enrichment,Evening,119,38.26,11,11.2,100.0,65,Yes,9.244,High Error Rate
104201,2026-05-03,Bengaluru,Publishing,Evening,646,26.72,6,9.0,90.85,30,Yes,0.929,Normal
104924,2026-05-03,Bengaluru,Publishing,Evening,640,65.68,9,0.0,98.63,30,No,1.406,SLA Breach
105644,2026-05-03,Bengaluru,Quality Review,Evening,339,34.63,5,7.9,90.02,60,Yes,1.475,Normal
103519,2026-05-03,Chennai,Data Intake,Evening,476,16.91,3,11.8,93.38,35,Yes,0.63,Normal
105518,2026-05-03,Chennai,Data Intake,Night,231,41.79,6,0.0,100.0,35,No,2.597,High Error Rate
100257,2026-05-03,Chennai,Enrichment,Evening,435,47.59,6,12.0,92.8,65,Yes,1.379,Normal
100416,2026-05-03,Chennai,Enrichment,Morning,478,46.25,2,1.6,95.45,65,Yes,0.418,Normal
105124,2026-05-03,Chennai,Enrichment,Evening,546,46.79,2,0.0,95.33,65,Yes,0.366,Normal
105536,2026-05-03,Chennai,Enrichment,Evening,236,58.23,10,5.6,95.29,65,Yes,4.237,High Error Rate
103610,2026-05-03,Chennai,Publishing,Night,198,16.48,3,11.5,91.02,30,Yes,1.515,Normal
103390,2026-05-03,Chennai,Quality Review,Night,503,39.23,4,0.0,94.78,60,Yes,0.795,Normal
105643,2026-05-03,Chennai,Quality Review,Evening,418,43.79,2,11.8,90.7,60,Yes,0.478,Normal
101327,2026-05-03,Chennai,Validation,Evening,581,45.74,9,0.1,88.3,55,Yes,1.549,Low Quality Score
101424,2026-05-03,Chennai,Validation,Evening,544,45.72,3,9.7,97.16,55,Yes,0.551,Normal
102438,2026-05-03,Chennai,Validation,Evening,219,47.59,3,0.0,88.35,55,Yes,1.37,Low Quality Score
102468,2026-05-03,Chennai,Validation,Morning,432,41.92,8,1.3,97.0,55,Yes,1.852,Normal
104170,2026-05-03,Chennai,Validation,Evening,121,27.02,5,3.9,89.86,55,Yes,4.132,Low Quality Score
104999,2026-05-03,Chennai,Validation,Evening,500,61.97,4,3.6,99.89,55,No,0.8,SLA Breach
101298,2026-05-03,Hyderabad,Enrichment,Night,351,36.97,8,2.0,99.43,65,Yes,2.279,High Error Rate
102112,2026-05-03,Hyderabad,Enrichment,Evening,147,115.68,7,25.7,95.67,65,No,4.762,High Error Rate
103984,2026-05-03,Hyderabad,Enrichment,Morning,231,75.85,9,1.8,97.46,65,No,3.896,High Error Rate
105848,2026-05-03,Hyderabad,Enrichment,Evening,319,23.52,8,18.6,99.21,65,Yes,2.508,High Error Rate
105129,2026-05-03,Hyderabad,Publishing,Morning,376,18.14,10,27.9,100.0,30,Yes,2.66,High Error Rate
103206,2026-05-03,Hyderabad,Quality Review,Morning,315,15.35,6,0.0,96.14,60,Yes,1.905,Normal
105598,2026-05-03,Hyderabad,Validation,Evening,169,24.51,10,29.3,99.88,55,Yes,5.917,High Error Rate
103233,2026-05-03,Pune,Data Intake,Night,105,28.94,4,13.8,97.72,35,Yes,3.81,High Error Rate
103767,2026-05-03,Pune,Data Intake,Morning,117,29.97,2,0.0,92.0,35,Yes,1.709,Normal
100049,2026-05-03,Pune,Publishing,Evening,367,29.74,6,7.4,94.08,30,Yes,1.635,Normal
100711,2026-05-03,Pune,Quality Review,Night,457,28.43,9,5.9,90.22,60,Yes,1.969,Normal
101274,2026-05-03,Pune,Validation,Evening,150,38.8,3,3.3,93.92,55,Yes,2.0,Normal
101329,2026-05-03,Pune,Validation,Morning,436,35.82,2,9.9,94.57,55,Yes,0.459,Normal
101703,2026-05-04,Bengaluru,Data Intake,Morning,535,70.38,5,0.0,97.48,35,No,0.935,SLA Breach
102267,2026-05-04,Bengaluru,Enrichment,Morning,103,40.2,6,15.3,85.85,65,Yes,5.825,Low Quality Score
101973,2026-05-04,Bengaluru,Publishing,Night,597,27.2,2,0.6,94.62,30,Yes,0.335,Normal
104822,2026-05-04,Bengaluru,Publishing,Morning,562,25.27,5,20.0,90.73,30,Yes,0.89,Normal
100813,2026-05-04,Bengaluru,Quality Review,Morning,559,47.86,1,12.3,96.08,60,Yes,0.179,Normal
101510,2026-05-04,Bengaluru,Quality Review,Morning,454,41.35,2,17.3,95.67,60,Yes,0.441,Normal
104166,2026-05-04,Bengaluru,Quality Review,Evening,278,59.65,4,6.4,93.87,60,Yes,1.439,Normal
105955,2026-05-04,Bengaluru,Quality Review,Morning,629,40.06,6,19.3,100.0,60,Yes,0.954,Normal
100098,2026-05-04,Bengaluru,Validation,Evening,167,47.86,7,0.0,95.64,55,Yes,4.192,High Error Rate
103192,2026-05-04,Chennai,Data Intake,Morning,189,13.94,6,5.0,94.65,35,Yes,3.175,High Error Rate
100191,2026-05-04,Chennai,Enrichment,Morning,174,31.93,7,25.2,98.31,65,Yes,4.023,High Error Rate
102632,2026-05-04,Chennai,Enrichment,Night,209,38.39,5,0.0,91.22,65,Yes,2.392,High Error Rate
100060,2026-05-04,Chennai,Publishing,Morning,503,23.86,5,30.0,98.88,30,Yes,0.994,Normal
100827,2026-05-04,Chennai,Publishing,Evening,175,25.55,3,6.2,95.51,30,Yes,1.714,Normal
102285,2026-05-04,Chennai,Publishing,Night,456,35.11,6,32.1,100.0,30,No,1.316,SLA Breach
103612,2026-05-04,Chennai,Validation,Evening,279,28.58,5,11.2,96.52,55,Yes,1.792,Normal
105004,2026-05-04,Chennai,Validation,Morning,398,35.09,1,10.3,94.83,55,Yes,0.251,Normal
101696,2026-05-04,Hyderabad,Data Intake,Evening,152,40.83,8,0.0,94.2,35,No,5.263,High Error Rate
101780,2026-05-04,Hyderabad,Enrichment,Morning,581,66.86,7,4.0,97.18,65,No,1.205,SLA Breach
103829,2026-05-04,Hyderabad,Quality Review,Evening,262,65.72,3,5.7,95.09,60,No,1.145,SLA Breach
105723,2026-05-04,Hyderabad,Quality Review,Morning,413,35.16,4,9.0,94.74,60,Yes,0.969,Normal
103719,2026-05-04,Hyderabad,Validation,Morning,442,37.14,3,10.9,97.76,55,Yes,0.679,Normal
104443,2026-05-04,Hyderabad,Validation,Morning,595,82.7,7,1.8,89.44,55,No,1.176,Low Quality Score
105854,2026-05-04,Hyderabad,Validation,Evening,524,26.08,12,2.6,94.44,55,Yes,2.29,High Error Rate
100550,2026-05-04,Pune,Data Intake,Evening,305,17.87,3,24.8,94.34,35,Yes,0.984,Normal
105023,2026-05-04,Pune,Quality Review,Morning,197,30.14,6,0.0,94.38,60,Yes,3.046,High Error Rate
105919,2026-05-04,Pune,Quality Review,Morning,554,66.36,3,0.9,91.18,60,No,0.542,SLA Breach
105670,2026-05-04,Pune,Validation,Morning,391,54.56,4,0.0,88.28,55,Yes,1.023,Low Quality Score
104732,2026-05-05,Bengaluru,Enrichment,Morning,552,44.32,6,15.7,94.31,65,Yes,1.087,Normal
102136,2026-05-05,Bengaluru,Publishing,Night,580,16.73,2,24.0,100.0,30,Yes,0.345,Normal
100587,2026-05-05,Bengaluru,Validation,Morning,316,46.1,5,29.0,89.96,55,Yes,1.582,Low Quality Score
101149,2026-05-05,Bengaluru,Validation,Morning,568,29.05,6,18.7,95.04,55,Yes,1.056,Normal
104020,2026-05-05,Bengaluru,Validation,Morning,604,40.62,7,17.9,93.34,55,Yes,1.159,Normal
105574,2026-05-05,Bengaluru,Validation,Night,374,45.31,5,3.4,91.15,55,Yes,1.337,Normal
100636,2026-05-05,Chennai,Data Intake,Night,359,38.17,3,1.0,89.98,35,No,0.836,Low Quality Score
105066,2026-05-05,Chennai,Enrichment,Evening,331,57.06,10,12.3,98.51,65,Yes,3.021,High Error Rate
104013,2026-05-05,Chennai,Publishing,Evening,424,46.89,4,13.4,96.08,30,No,0.943,SLA Breach
104037,2026-05-05,Chennai,Publishing,Morning,97,23.63,7,12.0,97.11,30,Yes,7.216,High Error Rate
104672,2026-05-05,Chennai,Publishing,Morning,284,19.94,8,16.5,97.24,30,Yes,2.817,High Error Rate
105323,2026-05-05,Chennai,Publishing,Evening,491,19.52,3,0.0,91.23,30,Yes,0.611,Normal
100788,2026-05-05,Chennai,Validation,Morning,162,57.76,2,18.8,100.0,55,No,1.235,SLA Breach
105402,2026-05-05,Chennai,Validation,Evening,261,56.8,2,0.0,94.81,55,No,0.766,SLA Breach
100615,2026-05-05,Hyderabad,Data Intake,Evening,180,15.21,5,0.0,91.88,35,Yes,2.778,High Error Rate
101062,2026-05-05,Hyderabad,Enrichment,Morning,648,60.15,4,27.7,94.71,65,Yes,0.617,Normal
105913,2026-05-05,Hyderabad,Enrichment,Evening,612,160.03,8,0.0,100.0,65,No,1.307,SLA Breach
103797,2026-05-05,Hyderabad,Publishing,Morning,204,29.89,3,34.4,94.89,30,Yes,1.471,Normal
103573,2026-05-05,Hyderabad,Quality Review,Morning,289,31.74,3,16.6,100.0,60,Yes,1.038,Normal
103576,2026-05-05,Hyderabad,Validation,Evening,297,42.53,7,0.0,100.0,55,Yes,2.357,High Error Rate
104029,2026-05-05,Hyderabad,Validation,Morning,583,56.33,7,6.7,94.45,55,No,1.201,SLA Breach
102256,2026-05-05,Pune,Data Intake,Evening,246,25.57,4,20.1,99.74,35,Yes,1.626,Normal
103268,2026-05-05,Pune,Data Intake,Evening,258,17.38,3,16.5,93.74,35,Yes,1.163,Normal
101547,2026-05-05,Pune,Enrichment,Morning,586,118.31,1,15.4,88.75,65,No,0.171,Low Quality Score
103588,2026-05-05,Pune,Enrichment,Morning,347,72.92,6,31.1,86.89,65,No,1.729,Low Quality Score
104215,2026-05-05,Pune,Publishing,Evening,314,27.65,4,1.7,93.71,30,Yes,1.274,Normal
100075,2026-05-05,Pune,Quality Review,Evening,169,18.16,6,0.0,89.87,60,Yes,3.55,Low Quality Score
102718,2026-05-05,Pune,Quality Review,Evening,466,29.36,5,19.8,91.25,60,Yes,1.073,Normal
100422,2026-05-06,Bengaluru,Data Intake,Morning,475,49.47,3,24.8,97.53,35,No,0.632,SLA Breach
101614,2026-05-06,Bengaluru,Data Intake,Evening,146,24.09,5,2.6,100.0,35,Yes,3.425,High Error Rate
104591,2026-05-06,Bengaluru,Data Intake,Morning,272,38.68,5,0.0,88.64,35,No,1.838,Low Quality Score
104760,2026-05-06,Bengaluru,Enrichment,Evening,480,26.21,9,0.0,93.76,65,Yes,1.875,Normal
104501,2026-05-06,Bengaluru,Publishing,Night,316,32.94,4,0.0,88.04,30,No,1.266,Low Quality Score
100666,2026-05-06,Bengaluru,Quality Review,Night,637,38.46,7,15.1,91.2,60,Yes,1.099,Normal
103976,2026-05-06,Chennai,Data Intake,Morning,187,34.28,5,6.9,100.0,35,Yes,2.674,High Error Rate
104805,2026-05-06,Chennai,Enrichment,Morning,356,53.09,8,12.6,98.84,65,Yes,2.247,High Error Rate
105112,2026-05-06,Chennai,Enrichment,Morning,633,33.68,3,15.7,95.38,65,Yes,0.474,Normal
100941,2026-05-06,Chennai,Publishing,Morning,493,25.03,6,2.0,94.57,30,Yes,1.217,Normal
102517,2026-05-06,Chennai,Publishing,Evening,546,27.53,3,19.2,87.73,30,Yes,0.549,Low Quality Score
103608,2026-05-06,Chennai,Publishing,Evening,604,25.55,7,0.0,89.0,30,Yes,1.159,Low Quality Score
104887,2026-05-06,Chennai,Publishing,Morning,93,26.27,4,8.6,94.76,30,Yes,4.301,High Error Rate
103877,2026-05-06,Chennai,Quality Review,Morning,593,69.07,10,36.9,99.25,60,No,1.686,SLA Breach
105626,2026-05-06,Chennai,Validation,Morning,87,46.98,9,0.0,96.28,55,Yes,10.345,High Error Rate
105357,2026-05-06,Hyderabad,Data Intake,Morning,255,29.08,7,9.0,97.34,35,Yes,2.745,High Error Rate
104856,2026-05-06,Hyderabad,Enrichment,Morning,93,56.35,7,0.0,94.16,65,Yes,7.527,High Error Rate
101183,2026-05-06,Hyderabad,Validation,Evening,525,46.99,3,4.6,90.66,55,Yes,0.571,Normal
104571,2026-05-06,Hyderabad,Validation,Night,186,57.83,3,0.0,88.99,55,No,1.613,Low Quality Score
105572,2026-05-06,Pune,Validation,Morning,456,36.27,6,0.0,100.0,55,Yes,1.316,Normal
100086,2026-05-07,Bengaluru,Data Intake,Night,579,37.06,5,34.0,90.63,35,No,0.864,SLA Breach
104683,2026-05-07,Bengaluru,Data Intake,Evening,386,32.15,8,0.0,97.96,35,Yes,2.073,High Error Rate
100866,2026-05-07,Bengaluru,Enrichment,Morning,142,31.98,4,0.0,95.53,65,Yes,2.817,High Error Rate
102211,2026-05-07,Bengaluru,Enrichment,Evening,105,30.93,6,1.6,93.19,65,Yes,5.714,High Error Rate
103105,2026-05-07,Bengaluru,Enrichment,Morning,93,62.67,4,27.3,97.02,65,Yes,4.301,High Error Rate
105516,2026-05-07,Bengaluru,Enrichment,Morning,115,81.3,2,11.1,91.83,65,No,1.739,SLA Breach
104522,2026-05-07,Bengaluru,Publishing,Night,541,26.03,9,2.7,95.95,30,Yes,1.664,Normal
101733,2026-05-07,Bengaluru,Quality Review,Evening,243,19.55,9,25.5,96.16,60,Yes,3.704,High Error Rate
102120,2026-05-07,Bengaluru,Quality Review,Night,521,36.43,3,15.6,94.43,60,Yes,0.576,Normal
103221,2026-05-07,Bengaluru,Quality Review,Evening,114,16.33,4,0.0,90.14,60,Yes,3.509,High Error Rate
100008,2026-05-07,Chennai,Enrichment,Night,530,59.67,9,15.8,96.76,65,Yes,1.698,Normal
101472,2026-05-07,Chennai,Enrichment,Night,431,78.81,3,24.9,94.87,65,No,0.696,SLA Breach
102501,2026-05-07,Chennai,Enrichment,Evening,349,43.72,9,0.0,88.55,65,Yes,2.579,Low Quality Score
105860,2026-05-07,Chennai,Enrichment,Morning,333,33.58,7,24.6,93.01,65,Yes,2.102,High Error Rate
100184,2026-05-07,Chennai,Publishing,Evening,637,28.88,5,25.2,90.09,30,Yes,0.785,Normal
102375,2026-05-07,Hyderabad,Data Intake,Evening,173,32.72,3,21.9,90.43,35,Yes,1.734,Normal
104745,2026-05-07,Hyderabad,Enrichment,Morning,237,87.33,6,12.6,92.75,65,No,2.532,High Error Rate
100175,2026-05-07,Hyderabad,Publishing,Morning,548,47.3,3,18.5,89.05,30,No,0.547,Low Quality Score
104493,2026-05-07,Hyderabad,Publishing,Morning,94,24.55,2,26.5,86.95,30,Yes,2.128,Low Quality Score
104870,2026-05-07,Hyderabad,Publishing,Evening,476,31.48,3,18.3,93.99,30,No,0.63,SLA Breach
100932,2026-05-07,Hyderabad,Quality Review,Evening,193,28.81,4,6.1,100.0,60,Yes,2.073,High Error Rate
105269,2026-05-07,Hyderabad,Quality Review,Morning,130,45.6,3,8.6,89.08,60,Yes,2.308,Low Quality Score
100043,2026-05-07,Hyderabad,Validation,Morning,166,31.66,2,13.8,87.48,55,Yes,1.205,Low Quality Score
100204,2026-05-07,Hyderabad,Validation,Night,317,46.61,9,0.0,100.0,55,Yes,2.839,High Error Rate
102141,2026-05-07,Hyderabad,Validation,Night,442,60.62,6,0.0,95.43,55,No,1.357,SLA Breach
102181,2026-05-07,Hyderabad,Validation,Evening,132,56.44,4,16.1,91.32,55,No,3.03,High Error Rate
105154,2026-05-07,Pune,Data Intake,Night,348,35.06,4,21.0,94.96,35,No,1.149,SLA Breach
101303,2026-05-07,Pune,Enrichment,Evening,581,93.55,3,29.3,94.43,65,No,0.516,SLA Breach
101348,2026-05-07,Pune,Enrichment,Night,160,80.74,6,6.9,96.45,65,No,3.75,High Error Rate
102075,2026-05-07,Pune,Publishing,Morning,239,23.77,8,9.7,97.65,30,Yes,3.347,High Error Rate
100875,2026-05-07,Pune,Validation,Night,176,31.79,7,16.4,94.29,55,Yes,3.977,High Error Rate
100982,2026-05-08,Bengaluru,Data Intake,Morning,174,29.97,7,0.0,96.22,35,Yes,4.023,High Error Rate
101041,2026-05-08,Bengaluru,Data Intake,Night,93,31.82,5,6.6,95.4,35,Yes,5.376,High Error Rate
103933,2026-05-08,Bengaluru,Enrichment,Evening,401,41.07,8,11.7,94.91,65,Yes,1.995,Normal
105822,2026-05-08,Bengaluru,Enrichment,Morning,643,53.78,5,16.9,94.21,65,Yes,0.778,Normal
102842,2026-05-08,Bengaluru,Publishing,Morning,425,44.33,3,0.0,95.35,30,No,0.706,SLA Breach
105478,2026-05-08,Bengaluru,Publishing,Evening,118,27.07,8,0.0,93.6,30,Yes,6.78,High Error Rate
102774,2026-05-08,Bengaluru,Quality Review,Morning,383,83.98,6,0.0,98.33,60,No,1.567,SLA Breach
105207,2026-05-08,Bengaluru,Quality Review,Night,399,52.69,3,0.0,88.55,60,Yes,0.752,Low Quality Score
103065,2026-05-08,Bengaluru,Validation,Evening,227,42.16,5,11.4,98.58,55,Yes,2.203,High Error Rate
104533,2026-05-08,Bengaluru,Validation,Evening,323,63.07,9,19.6,100.0,55,No,2.786,High Error Rate
103005,2026-05-08,Chennai,Data Intake,Night,232,46.38,3,0.0,91.46,35,No,1.293,SLA Breach
101539,2026-05-08,Chennai,Enrichment,Morning,556,52.82,4,24.6,90.73,65,Yes,0.719,Normal
104567,2026-05-08,Chennai,Enrichment,Night,339,39.99,2,14.1,84.94,65,Yes,0.59,Low Quality Score
103068,2026-05-08,Chennai,Publishing,Evening,88,28.84,9,19.4,97.22,30,Yes,10.227,High Error Rate
101595,2026-05-08,Chennai,Quality Review,Evening,465,55.46,4,45.2,87.32,60,Yes,0.86,Low Quality Score
102155,2026-05-08,Chennai,Validation,Night,457,53.73,4,0.0,98.06,55,Yes,0.875,Normal
101064,2026-05-08,Hyderabad,Data Intake,Morning,222,26.46,8,26.2,92.27,35,Yes,3.604,High Error Rate
104568,2026-05-08,Hyderabad,Data Intake,Morning,508,37.9,4,4.3,90.32,35,No,0.787,SLA Breach
104454,2026-05-08,Hyderabad,Enrichment,Morning,228,35.33,4,4.5,100.0,65,Yes,1.754,Normal
100223,2026-05-08,Hyderabad,Validation,Evening,464,56.89,8,0.0,89.97,55,No,1.724,Low Quality Score
103557,2026-05-08,Pune,Data Intake,Evening,99,21.18,3,20.0,95.87,35,Yes,3.03,High Error Rate
101194,2026-05-08,Pune,Enrichment,Night,455,22.27,5,0.0,98.84,65,Yes,1.099,Normal
102707,2026-05-08,Pune,Enrichment,Evening,461,39.83,9,10.2,96.13,65,Yes,1.952,Normal
105779,2026-05-08,Pune,Publishing,Morning,433,15.04,3,6.3,97.94,30,Yes,0.693,Normal
105029,2026-05-08,Pune,Quality Review,Evening,593,16.21,8,0.0,96.47,60,Yes,1.349,Normal
100110,2026-05-08,Pune,Validation,Night,112,34.33,2,2.6,90.09,55,Yes,1.786,Normal
104157,2026-05-08,Pune,Validation,Evening,317,29.83,5,26.5,98.49,55,Yes,1.577,Normal
103870,2026-05-09,Bengaluru,Data Intake,Morning,362,25.24,5,4.8,99.79,35,Yes,1.381,Normal
102820,2026-05-09,Bengaluru,Enrichment,Morning,347,76.35,6,6.9,99.94,65,No,1.729,SLA Breach
105583,2026-05-09,Bengaluru,Enrichment,Morning,168,70.08,6,0.0,94.18,65,No,3.571,High Error Rate
101600,2026-05-09,Bengaluru,Publishing,Evening,264,15.93,5,6.2,95.87,30,Yes,1.894,Normal
102245,2026-05-09,Bengaluru,Publishing,Night,106,30.49,6,12.7,99.27,30,No,5.66,High Error Rate
103135,2026-05-09,Bengaluru,Publishing,Night,581,34.66,8,3.9,96.78,30,No,1.377,SLA Breach
101522,2026-05-09,Bengaluru,Quality Review,Morning,270,51.08,5,0.9,97.69,60,Yes,1.852,Normal
103050,2026-05-09,Bengaluru,Quality Review,Evening,515,68.56,11,12.8,94.77,60,No,2.136,High Error Rate
103856,2026-05-09,Bengaluru,Quality Review,Evening,485,49.36,4,8.4,93.93,60,Yes,0.825,Normal
101045,2026-05-09,Bengaluru,Validation,Night,516,29.64,4,11.8,100.0,55,Yes,0.775,Normal
104519,2026-05-09,Bengaluru,Validation,Night,472,70.27,4,15.4,92.65,55,No,0.847,SLA Breach
105956,2026-05-09,Bengaluru,Validation,Night,158,44.83,4,0.0,98.28,55,Yes,2.532,High Error Rate
103446,2026-05-09,Chennai,Data Intake,Morning,177,79.44,4,0.0,91.26,35,No,2.26,High Error Rate
101894,2026-05-09,Chennai,Enrichment,Morning,639,50.71,5,7.6,89.57,65,Yes,0.782,Low Quality Score
103931,2026-05-09,Chennai,Enrichment,Night,406,57.04,2,28.4,98.77,65,Yes,0.493,Normal
104575,2026-05-09,Chennai,Enrichment,Night,110,104.12,5,19.7,99.53,65,No,4.545,High Error Rate
102408,2026-05-09,Chennai,Validation,Morning,377,43.1,4,0.0,89.7,55,Yes,1.061,Low Quality Score
104695,2026-05-09,Chennai,Validation,Evening,316,26.62,7,0.0,90.36,55,Yes,2.215,High Error Rate
105875,2026-05-09,Chennai,Validation,Evening,384,115.0,6,6.4,96.76,55,No,1.562,SLA Breach
102799,2026-05-09,Hyderabad,Data Intake,Morning,497,35.41,2,3.1,92.89,35,No,0.402,SLA Breach
105840,2026-05-09,Hyderabad,Data Intake,Night,362,35.77,7,0.0,88.82,35,No,1.934,Low Quality Score
100892,2026-05-09,Hyderabad,Enrichment,Evening,573,77.92,8,14.8,93.6,65,No,1.396,SLA Breach
103681,2026-05-09,Hyderabad,Publishing,Night,358,40.87,7,3.1,98.89,30,No,1.955,SLA Breach
104555,2026-05-09,Hyderabad,Publishing,Morning,151,28.73,4,4.1,92.7,30,Yes,2.649,High Error Rate
100906,2026-05-09,Hyderabad,Quality Review,Morning,425,50.83,10,10.2,88.52,60,Yes,2.353,Low Quality Score
104584,2026-05-09,Hyderabad,Quality Review,Morning,464,65.16,5,0.0,97.86,60,No,1.078,SLA Breach
105410,2026-05-09,Hyderabad,Quality Review,Morning,148,45.04,6,0.0,94.53,60,Yes,4.054,High Error Rate
105463,2026-05-09,Hyderabad,Quality Review,Evening,236,82.12,12,0.0,99.4,60,No,5.085,High Error Rate
104212,2026-05-09,Hyderabad,Validation,Morning,372,45.77,4,0.0,96.11,55,Yes,1.075,Normal
100541,2026-05-09,Pune,Publishing,Morning,271,28.52,8,0.0,94.68,30,Yes,2.952,High Error Rate
101317,2026-05-09,Pune,Validation,Evening,281,40.17,8,0.0,94.6,55,Yes,2.847,High Error Rate
103490,2026-05-09,Pune,Validation,Morning,607,48.76,2,17.1,93.97,55,Yes,0.329,Normal
101077,2026-05-09,Unknown,Enrichment,Morning,245,66.42,8,30.0,90.7,65,No,3.265,High Error Rate
102981,2026-05-10,Bengaluru,Enrichment,Night,94,58.66,4,13.2,91.44,65,Yes,4.255,High Error Rate
105281,2026-05-10,Bengaluru,Enrichment,Morning,612,46.45,3,2.8,95.64,65,Yes,0.49,Normal
105967,2026-05-10,Bengaluru,Quality Review,Evening,320,30.95,5,21.2,94.1,60,Yes,1.562,Normal
104419,2026-05-10,Bengaluru,Validation,Morning,610,21.32,4,33.6,90.37,55,Yes,0.656,Normal
101197,2026-05-10,Chennai,Data Intake,Evening,374,32.67,4,0.0,100.0,35,Yes,1.07,Normal
101276,2026-05-10,Chennai,Data Intake,Morning,502,29.19,4,0.0,94.81,35,Yes,0.797,Normal
103554,2026-05-10,Chennai,Enrichment,Evening,466,80.22,5,15.8,95.58,65,No,1.073,SLA Breach
105867,2026-05-10,Chennai,Enrichment,Morning,629,39.6,5,21.4,94.26,65,Yes,0.795,Normal
100015,2026-05-10,Chennai,Publishing,Evening,637,37.71,6,0.0,94.15,30,No,0.942,SLA Breach
102131,2026-05-10,Chennai,Validation,Night,141,32.84,5,9.8,100.0,55,Yes,3.546,High Error Rate
102353,2026-05-10,Hyderabad,Data Intake,Evening,329,27.45,6,23.0,91.88,35,Yes,1.824,Normal
102295,2026-05-10,Hyderabad,Enrichment,Morning,569,38.58,10,18.6,94.15,65,Yes,1.757,Normal
102941,2026-05-10,Hyderabad,Enrichment,Evening,467,38.12,6,5.7,95.61,65,Yes,1.285,Normal
101675,2026-05-10,Hyderabad,Publishing,Evening,386,16.38,4,0.0,96.56,30,Yes,1.036,Normal
104287,2026-05-10,Hyderabad,Publishing,Evening,517,29.16,2,1.0,89.87,30,Yes,0.387,Low Quality Score
103907,2026-05-10,Hyderabad,Quality Review,Morning,525,25.9,4,3.6,93.89,60,Yes,0.762,Normal
105253,2026-05-10,Hyderabad,Quality Review,Morning,241,45.65,4,0.0,98.53,60,Yes,1.66,Normal
100212,2026-05-10,Hyderabad,Validation,Morning,97,35.47,6,4.7,91.46,55,Yes,6.186,High Error Rate
104214,2026-05-10,Hyderabad,Validation,Evening,93,51.72,5,7.1,94.53,55,Yes,5.376,High Error Rate
104414,2026-05-10,Hyderabad,Validation,Evening,354,43.88,4,2.5,93.06,55,Yes,1.13,Normal
105282,2026-05-10,Hyderabad,Validation,Evening,99,35.17,1,0.0,93.41,55,Yes,1.01,Normal
105958,2026-05-10,Hyderabad,Validation,Evening,162,79.28,4,4.0,94.54,55,No,2.469,High Error Rate
103151,2026-05-10,Pune,Data Intake,Evening,202,28.81,3,35.4,95.7,35,Yes,1.485,Normal
100177,2026-05-10,Pune,Enrichment,Morning,513,56.24,2,0.0,89.59,65,Yes,0.39,Low Quality Score
100774,2026-05-10,Pune,Enrichment,Morning,540,46.63,7,0.0,93.83,65,Yes,1.296,Normal
105575,2026-05-10,Pune,Enrichment,Morning,237,31.84,4,0.0,96.38,65,Yes,1.688,Normal
100430,2026-05-10,Pune,Publishing,Night,437,32.73,3,4.1,96.76,30,No,0.686,SLA Breach
101332,2026-05-10,Pune,Publishing,Evening,188,23.17,6,30.3,94.42,30,Yes,3.191,High Error Rate
105009,2026-05-10,Pune,Publishing,Night,472,17.68,5,17.8,87.36,30,Yes,1.059,Low Quality Score
102055,2026-05-10,Pune,Validation,Evening,515,53.03,2,0.0,93.06,55,Yes,0.388,Normal
104165,2026-05-10,Pune,Validation,Evening,520,86.46,7,29.3,96.08,55,No,1.346,SLA Breach
104178,2026-05-10,Pune,Validation,Morning,513,24.43,4,8.3,97.8,55,Yes,0.78,Normal
101119,2026-05-11,Bengaluru,Enrichment,Night,560,43.91,7,8.7,94.67,65,Yes,1.25,Normal
102598,2026-05-11,Bengaluru,Enrichment,Night,206,48.57,5,0.0,90.53,65,Yes,2.427,High Error Rate
104864,2026-05-11,Bengaluru,Enrichment,Night,121,43.5,10,0.6,90.41,65,Yes,8.264,High Error Rate
100461,2026-05-11,Bengaluru,Publishing,Evening,297,24.38,2,37.0,98.27,30,Yes,0.673,Normal
102938,2026-05-11,Bengaluru,Publishing,Evening,155,64.73,10,1.1,88.52,30,No,6.452,Low Quality Score
104690,2026-05-11,Bengaluru,Validation,Evening,87,89.7,6,4.3,92.08,55,No,6.897,High Error Rate
100225,2026-05-11,Chennai,Data Intake,Evening,210,41.3,6,10.9,88.92,35,No,2.857,Low Quality Score
100793,2026-05-11,Chennai,Data Intake,Night,562,21.41,3,0.5,88.53,35,Yes,0.534,Low Quality Score
101750,2026-05-11,Chennai,Data Intake,Evening,190,27.06,5,0.0,95.24,35,Yes,2.632,High Error Rate
100697,2026-05-11,Chennai,Enrichment,Night,336,28.0,5,0.0,86.4,65,Yes,1.488,Low Quality Score
103641,2026-05-11,Chennai,Enrichment,Morning,182,75.32,3,0.0,98.91,65,No,1.648,SLA Breach
105699,2026-05-11,Chennai,Enrichment,Night,476,32.59,4,11.4,94.3,65,Yes,0.84,Normal
101641,2026-05-11,Chennai,Quality Review,Evening,158,56.5,8,5.2,94.32,60,Yes,5.063,High Error Rate
102793,2026-05-11,Chennai,Quality Review,Morning,420,58.44,6,12.9,95.75,60,Yes,1.429,Normal
103939,2026-05-11,Chennai,Quality Review,Morning,492,66.98,5,9.0,99.09,60,No,1.016,SLA Breach
104946,2026-05-11,Chennai,Quality Review,Evening,645,58.87,3,0.6,97.0,60,Yes,0.465,Normal
100236,2026-05-11,Chennai,Validation,Night,255,29.55,9,16.3,96.86,55,Yes,3.529,High Error Rate
101208,2026-05-11,Chennai,Validation,Morning,284,26.66,11,24.9,95.13,55,Yes,3.873,High Error Rate
101903,2026-05-11,Chennai,Validation,Evening,537,55.96,2,27.2,99.52,55,No,0.372,SLA Breach
102064,2026-05-11,Chennai,Validation,Evening,285,37.42,8,9.8,91.68,55,Yes,2.807,High Error Rate
104421,2026-05-11,Chennai,Validation,Night,147,26.1,2,0.0,92.52,55,Yes,1.361,Normal
102019,2026-05-11,Hyderabad,Data Intake,Evening,597,32.87,5,9.8,94.03,35,Yes,0.838,Normal
102985,2026-05-11,Hyderabad,Data Intake,Evening,475,45.42,6,9.6,100.0,35,No,1.263,SLA Breach
100681,2026-05-11,Hyderabad,Enrichment,Evening,632,49.52,3,7.6,90.46,65,Yes,0.475,Normal
102969,2026-05-11,Hyderabad,Enrichment,Morning,468,32.82,4,20.5,95.46,65,Yes,0.855,Normal
104386,2026-05-11,Hyderabad,Enrichment,Night,245,97.47,8,17.7,100.0,65,No,3.265,High Error Rate
104904,2026-05-11,Hyderabad,Enrichment,Morning,169,31.6,9,44.9,90.69,65,Yes,5.325,High Error Rate
105167,2026-05-11,Hyderabad,Enrichment,Morning,347,69.5,11,4.9,92.4,65,No,3.17,High Error Rate
100395,2026-05-11,Hyderabad,Quality Review,Morning,631,28.15,9,0.0,90.27,60,Yes,1.426,Normal
103093,2026-05-11,Hyderabad,Validation,Morning,547,67.27,9,0.0,93.8,55,No,1.645,SLA Breach
100174,2026-05-11,Pune,Data Intake,Night,387,68.7,4,9.8,100.0,35,No,1.034,SLA Breach
103400,2026-05-11,Pune,Enrichment,Evening,599,69.68,6,5.3,87.84,65,No,1.002,Low Quality Score
103731,2026-05-11,Pune,Publishing,Night,393,41.79,6,0.0,92.63,30,No,1.527,SLA Breach
104538,2026-05-11,Pune,Publishing,Morning,333,37.46,3,14.7,92.3,30,No,0.901,SLA Breach
100727,2026-05-11,Pune,Validation,Morning,196,74.15,6,22.9,92.88,55,No,3.061,High Error Rate
102859,2026-05-12,Bengaluru,Enrichment,Morning,254,63.01,4,12.0,95.42,65,Yes,1.575,Normal
103047,2026-05-12,Bengaluru,Enrichment,Morning,418,125.03,2,7.8,92.74,65,No,0.478,SLA Breach
103354,2026-05-12,Bengaluru,Enrichment,Evening,281,70.95,8,0.0,88.35,65,No,2.847,Low Quality Score
101137,2026-05-12,Bengaluru,Quality Review,Night,231,37.88,5,3.2,86.62,60,Yes,2.165,Low Quality Score
104141,2026-05-12,Bengaluru,Quality Review,Evening,648,42.25,6,27.5,99.66,60,Yes,0.926,Normal
101879,2026-05-12,Bengaluru,Validation,Morning,415,42.53,3,0.0,93.13,55,Yes,0.723,Normal
102018,2026-05-12,Bengaluru,Validation,Evening,349,51.0,3,25.4,100.0,55,Yes,0.86,Normal
104121,2026-05-12,Bengaluru,Validation,Morning,263,45.32,6,14.1,91.14,55,Yes,2.281,High Error Rate
101670,2026-05-12,Chennai,Data Intake,Evening,330,22.9,7,0.0,90.53,35,Yes,2.121,High Error Rate
103836,2026-05-12,Chennai,Data Intake,Evening,177,22.34,2,0.7,96.03,35,Yes,1.13,Normal
103245,2026-05-12,Chennai,Publishing,Morning,479,36.06,7,19.8,99.85,30,No,1.461,SLA Breach
104941,2026-05-12,Chennai,Quality Review,Night,199,44.24,9,10.8,95.65,60,Yes,4.523,High Error Rate
105135,2026-05-12,Chennai,Quality Review,Evening,321,26.09,5,7.6,94.16,60,Yes,1.558,Normal
100318,2026-05-12,Chennai,Validation,Morning,648,73.99,1,28.9,92.86,55,No,0.154,SLA Breach
102855,2026-05-12,Chennai,Validation,Evening,599,55.3,2,8.2,97.14,55,No,0.334,SLA Breach
103953,2026-05-12,Chennai,Validation,Night,374,80.03,4,0.0,93.42,55,No,1.07,SLA Breach
103715,2026-05-12,Hyderabad,Data Intake,Evening,460,27.82,7,0.0,97.39,35,Yes,1.522,Normal
102067,2026-05-12,Hyderabad,Publishing,Morning,157,38.26,8,17.8,91.39,30,No,5.096,High Error Rate
105504,2026-05-12,Hyderabad,Publishing,Night,188,41.96,9,1.0,90.37,30,No,4.787,High Error Rate
100676,2026-05-12,Pune,Data Intake,Morning,363,23.3,5,4.6,99.71,35,Yes,1.377,Normal
104594,2026-05-12,Pune,Data Intake,Morning,302,34.01,8,20.4,95.92,35,Yes,2.649,High Error Rate
104686,2026-05-12,Pune,Data Intake,Morning,503,18.3,5,0.0,92.08,35,Yes,0.994,Normal
104852,2026-05-12,Pune,Enrichment,Night,221,45.36,5,0.0,96.13,65,Yes,2.262,High Error Rate
100713,2026-05-12,Pune,Publishing,Evening,313,51.75,7,2.6,100.0,30,No,2.236,High Error Rate
101785,2026-05-12,Pune,Publishing,Evening,136,44.76,7,0.0,98.94,30,No,5.147,High Error Rate
102268,2026-05-12,Pune,Quality Review,Morning,167,18.72,5,28.7,93.12,60,Yes,2.994,High Error Rate
100731,2026-05-12,Pune,Validation,Morning,283,48.24,8,31.4,95.8,55,Yes,2.827,High Error Rate
101598,2026-05-12,Unknown,Enrichment,Morning,162,59.96,6,14.0,94.25,65,Yes,3.704,High Error Rate
103680,2026-05-13,Bengaluru,Enrichment,Evening,382,68.74,6,23.9,97.3,65,No,1.571,SLA Breach
104932,2026-05-13,Bengaluru,Enrichment,Evening,556,80.04,4,23.2,100.0,65,No,0.719,SLA Breach
101349,2026-05-13,Bengaluru,Validation,Night,148,27.77,3,28.8,93.78,55,Yes,2.027,High Error Rate
102057,2026-05-13,Bengaluru,Validation,Night,180,57.67,9,2.2,88.73,55,No,5.0,Low Quality Score
102573,2026-05-13,Bengaluru,Validation,Evening,221,21.78,4,14.5,96.96,55,Yes,1.81,Normal
102691,2026-05-13,Bengaluru,Validation,Morning,181,39.67,2,24.4,91.4,55,Yes,1.105,Normal
103031,2026-05-13,Bengaluru,Validation,Morning,605,31.71,4,0.0,99.39,55,Yes,0.661,Normal
103958,2026-05-13,Bengaluru,Validation,Morning,135,73.06,6,0.0,89.5,55,No,4.444,Low Quality Score
100737,2026-05-13,Chennai,Data Intake,Morning,240,31.3,5,38.8,92.69,35,Yes,2.083,High Error Rate
101218,2026-05-13,Chennai,Data Intake,Evening,348,30.26,6,0.4,99.01,35,Yes,1.724,Normal
101573,2026-05-13,Chennai,Enrichment,Evening,565,51.55,13,18.3,99.17,65,Yes,2.301,High Error Rate
102709,2026-05-13,Chennai,Enrichment,Night,424,52.56,2,19.0,95.11,65,Yes,0.472,Normal
100886,2026-05-13,Chennai,Publishing,Evening,94,47.37,4,0.0,99.82,30,No,4.255,High Error Rate
102400,2026-05-13,Chennai,Publishing,Morning,546,25.42,5,16.5,91.87,30,Yes,0.916,Normal
105294,2026-05-13,Chennai,Publishing,Morning,224,66.41,5,21.2,86.85,30,No,2.232,Low Quality Score
101232,2026-05-13,Chennai,Quality Review,Night,241,34.12,2,3.4,96.14,60,Yes,0.83,Normal
103280,2026-05-13,Chennai,Quality Review,Morning,546,42.43,7,0.7,91.71,60,Yes,1.282,Normal
100760,2026-05-13,Chennai,Validation,Morning,596,27.81,6,0.0,98.78,55,Yes,1.007,Normal
101009,2026-05-13,Chennai,Validation,Evening,392,34.51,2,19.8,93.89,55,Yes,0.51,Normal
104133,2026-05-13,Chennai,Validation,Evening,98,17.66,9,0.0,93.19,55,Yes,9.184,High Error Rate
105407,2026-05-13,Chennai,Validation,Evening,636,50.37,5,0.0,90.38,55,Yes,0.786,Normal
101724,2026-05-13,Hyderabad,Data Intake,Morning,574,45.02,5,5.0,91.08,35,No,0.871,SLA Breach
105191,2026-05-13,Hyderabad,Data Intake,Morning,534,49.82,8,23.3,92.25,35,No,1.498,SLA Breach
105616,2026-05-13,Hyderabad,Data Intake,Morning,297,51.02,5,24.6,84.33,35,No,1.684,Low Quality Score
103946,2026-05-13,Hyderabad,Enrichment,Night,448,100.61,8,2.8,100.0,65,No,1.786,SLA Breach
101033,2026-05-13,Hyderabad,Quality Review,Morning,640,60.73,4,13.7,96.41,60,No,0.625,SLA Breach
102087,2026-05-13,Hyderabad,Quality Review,Evening,325,48.02,2,15.7,96.15,60,Yes,0.615,Normal
103934,2026-05-13,Hyderabad,Quality Review,Evening,367,50.95,6,46.6,99.7,60,Yes,1.635,Normal
104600,2026-05-13,Hyderabad,Quality Review,Evening,632,39.25,7,12.6,95.67,60,Yes,1.108,Normal
102965,2026-05-13,Hyderabad,Validation,Evening,512,55.97,6,19.1,92.28,55,No,1.172,SLA Breach
104279,2026-05-13,Hyderabad,Validation,Evening,507,35.35,5,0.0,96.82,55,Yes,0.986,Normal
101714,2026-05-13,Pune,Data Intake,Evening,603,34.61,3,1.5,98.39,35,Yes,0.498,Normal
103999,2026-05-13,Pune,Publishing,Evening,132,35.64,6,4.6,93.16,30,No,4.545,High Error Rate
103851,2026-05-13,Pune,Quality Review,Morning,218,48.24,4,11.9,96.24,60,Yes,1.835,Normal
105791,2026-05-13,Pune,Quality Review,Evening,303,24.73,5,11.0,95.02,60,Yes,1.65,Normal
103473,2026-05-13,Pune,Validation,Night,122,31.23,4,0.0,92.06,55,Yes,3.279,High Error Rate
100317,2026-05-13,Unknown,Publishing,Evening,343,29.2,4,0.0,94.93,30,Yes,1.166,Normal
101449,2026-05-14,Bengaluru,Data Intake,Morning,293,15.26,5,0.9,95.95,35,Yes,1.706,Normal
104069,2026-05-14,Bengaluru,Data Intake,Night,171,40.7,6,21.7,94.76,35,No,3.509,High Error Rate
104705,2026-05-14,Bengaluru,Data Intake,Morning,110,19.74,5,24.5,91.2,35,Yes,4.545,High Error Rate
103650,2026-05-14,Bengaluru,Enrichment,Morning,280,39.9,6,3.1,93.96,65,Yes,2.143,High Error Rate
101282,2026-05-14,Bengaluru,Publishing,Night,520,24.64,3,0.2,97.36,30,Yes,0.577,Normal
103229,2026-05-14,Bengaluru,Publishing,Morning,150,17.9,7,6.1,94.22,30,Yes,4.667,High Error Rate
100471,2026-05-14,Bengaluru,Quality Review,Morning,642,30.31,3,14.6,100.0,60,Yes,0.467,Normal
101002,2026-05-14,Bengaluru,Quality Review,Morning,231,62.28,3,18.4,90.92,60,No,1.299,SLA Breach
100432,2026-05-14,Bengaluru,Validation,Evening,497,63.54,6,0.0,94.38,55,No,1.207,SLA Breach
100557,2026-05-14,Bengaluru,Validation,Night,256,78.89,4,4.9,98.2,55,No,1.562,SLA Breach
101861,2026-05-14,Bengaluru,Validation,Night,416,50.05,3,0.0,100.0,55,Yes,0.721,Normal
102058,2026-05-14,Bengaluru,Validation,Night,527,49.06,6,4.7,96.12,55,Yes,1.139,Normal
104091,2026-05-14,Bengaluru,Validation,Night,175,30.89,7,0.0,96.74,55,Yes,4.0,High Error Rate
105372,2026-05-14,Bengaluru,Validation,Morning,205,48.14,4,14.7,98.14,55,Yes,1.951,Normal
105586,2026-05-14,Bengaluru,Validation,Morning,400,33.7,2,11.0,92.08,55,Yes,0.5,Normal
105660,2026-05-14,Bengaluru,Validation,Evening,106,26.71,6,4.9,93.73,55,Yes,5.66,High Error Rate
100215,2026-05-14,Chennai,Data Intake,Morning,304,49.16,4,28.4,90.25,35,No,1.316,SLA Breach
101591,2026-05-14,Chennai,Data Intake,Night,421,63.92,5,8.6,88.36,35,No,1.188,Low Quality Score
101860,2026-05-14,Chennai,Enrichment,Night,469,28.07,5,8.7,98.71,65,Yes,1.066,Normal
103267,2026-05-14,Chennai,Enrichment,Morning,622,60.84,1,13.6,100.0,65,Yes,0.161,Normal
103388,2026-05-14,Chennai,Enrichment,Morning,92,70.59,5,0.0,94.08,65,No,5.435,High Error Rate
100377,2026-05-14,Chennai,Publishing,Night,138,11.31,6,0.0,92.77,30,Yes,4.348,High Error Rate
104307,2026-05-14,Chennai,Publishing,Morning,108,44.15,7,2.8,90.98,30,No,6.481,High Error Rate
105873,2026-05-14,Chennai,Publishing,Evening,179,28.53,3,18.8,94.04,30,Yes,1.676,Normal
100631,2026-05-14,Chennai,Quality Review,Evening,364,36.83,7,7.9,99.03,60,Yes,1.923,Normal
100757,2026-05-14,Chennai,Quality Review,Morning,644,52.13,7,10.9,92.42,60,Yes,1.087,Normal
101281,2026-05-14,Chennai,Quality Review,Night,478,39.88,7,0.1,91.82,60,Yes,1.464,Normal
100805,2026-05-14,Chennai,Validation,Evening,645,42.3,5,25.9,96.27,55,Yes,0.775,Normal
103195,2026-05-14,Chennai,Validation,Morning,157,27.71,6,0.0,90.53,55,Yes,3.822,High Error Rate
104445,2026-05-14,Chennai,Validation,Morning,247,34.22,5,9.8,96.63,55,Yes,2.024,High Error Rate
103014,2026-05-14,Hyderabad,Data Intake,Morning,358,37.37,5,4.3,96.92,35,No,1.397,SLA Breach
100013,2026-05-14,Hyderabad,Publishing,Night,182,74.04,5,22.4,95.57,30,No,2.747,High Error Rate
100739,2026-05-14,Hyderabad,Quality Review,Morning,407,30.56,6,0.0,97.78,60,Yes,1.474,Normal
104669,2026-05-14,Hyderabad,Quality Review,Evening,281,26.77,6,34.8,95.61,60,Yes,2.135,High Error Rate
102344,2026-05-14,Hyderabad,Validation,Evening,429,53.36,3,0.0,93.41,55,Yes,0.699,Normal
105652,2026-05-14,Pune,Data Intake,Morning,417,36.5,5,1.0,97.35,35,No,1.199,SLA Breach
103930,2026-05-14,Pune,Enrichment,Morning,283,75.73,4,17.0,89.08,65,No,1.413,Low Quality Score
105337,2026-05-14,Pune,Enrichment,Evening,378,26.27,7,13.4,95.94,65,Yes,1.852,Normal
100662,2026-05-14,Pune,Quality Review,Evening,503,33.0,12,0.0,91.79,60,Yes,2.386,High Error Rate
101602,2026-05-14,Pune,Quality Review,Morning,395,74.86,5,0.0,92.12,60,No,1.266,SLA Breach
103541,2026-05-14,Pune,Validation,Evening,585,55.67,5,1.4,91.31,55,No,0.855,SLA Breach
100603,2026-05-14,Unknown,Quality Review,Evening,231,36.53,8,5.5,97.87,60,Yes,3.463,High Error Rate
105965,2026-05-15,Bengaluru,Enrichment,Evening,420,39.16,1,10.9,96.48,65,Yes,0.238,Normal
100062,2026-05-15,Bengaluru,Publishing,Night,641,58.25,8,0.0,93.63,30,No,1.248,SLA Breach
101036,2026-05-15,Bengaluru,Publishing,Night,520,19.77,13,4.7,96.23,30,Yes,2.5,High Error Rate
102125,2026-05-15,Bengaluru,Publishing,Morning,436,25.76,11,13.1,90.68,30,Yes,2.523,High Error Rate
101722,2026-05-15,Bengaluru,Validation,Evening,454,82.14,8,35.0,100.0,55,No,1.762,SLA Breach
101845,2026-05-15,Bengaluru,Validation,Night,624,72.24,5,14.8,89.77,55,No,0.801,Low Quality Score
104193,2026-05-15,Bengaluru,Validation,Morning,617,60.71,2,0.0,93.26,55,No,0.324,SLA Breach
100059,2026-05-15,Chennai,Data Intake,Night,477,30.71,3,10.1,91.59,35,Yes,0.629,Normal
101966,2026-05-15,Chennai,Data Intake,Evening,633,42.34,1,0.0,97.92,35,No,0.158,SLA Breach
103849,2026-05-15,Chennai,Data Intake,Night,430,13.46,4,34.7,91.28,35,Yes,0.93,Normal
103263,2026-05-15,Chennai,Enrichment,Evening,557,84.75,3,13.3,96.64,65,No,0.539,SLA Breach
103494,2026-05-15,Chennai,Publishing,Night,334,32.64,8,0.0,90.0,30,No,2.395,High Error Rate
105358,2026-05-15,Chennai,Publishing,Night,189,15.39,5,31.2,94.92,30,Yes,2.646,High Error Rate
105452,2026-05-15,Chennai,Publishing,Evening,194,34.82,3,21.2,95.35,30,No,1.546,SLA Breach
101742,2026-05-15,Chennai,Quality Review,Evening,535,58.09,6,21.0,94.73,60,Yes,1.121,Normal
102115,2026-05-15,Chennai,Quality Review,Morning,603,45.74,7,0.0,93.09,60,Yes,1.161,Normal
104339,2026-05-15,Chennai,Quality Review,Night,511,33.76,7,10.9,94.27,60,Yes,1.37,Normal
104647,2026-05-15,Chennai,Quality Review,Night,174,43.21,9,7.0,89.58,60,Yes,5.172,Low Quality Score
105375,2026-05-15,Hyderabad,Data Intake,Evening,116,35.29,5,7.2,88.58,35,No,4.31,Low Quality Score
101394,2026-05-15,Hyderabad,Enrichment,Night,220,25.84,9,0.0,100.0,65,Yes,4.091,High Error Rate
103362,2026-05-15,Hyderabad,Enrichment,Evening,465,61.18,5,6.2,98.96,65,Yes,1.075,Normal
105927,2026-05-15,Hyderabad,Enrichment,Evening,159,46.64,9,1.3,93.95,65,Yes,5.66,High Error Rate
105308,2026-05-15,Hyderabad,Publishing,Morning,434,32.74,0,0.0,91.81,30,No,0.0,SLA Breach
105891,2026-05-15,Hyderabad,Publishing,Evening,339,21.42,4,0.0,91.83,30,Yes,1.18,Normal
102172,2026-05-15,Hyderabad,Quality Review,Evening,343,68.94,4,0.0,97.69,60,No,1.166,SLA Breach
102638,2026-05-15,Hyderabad,Quality Review,Morning,245,32.0,0,2.3,91.36,60,Yes,0.0,Normal
101139,2026-05-15,Hyderabad,Validation,Morning,221,46.33,10,24.7,91.81,55,Yes,4.525,High Error Rate
101513,2026-05-15,Pune,Data Intake,Morning,218,53.74,2,0.0,93.27,35,No,0.917,SLA Breach
103626,2026-05-15,Pune,Enrichment,Morning,443,86.61,6,5.9,86.88,65,No,1.354,Low Quality Score
100878,2026-05-15,Pune,Publishing,Night,226,24.11,6,24.2,95.41,30,Yes,2.655,High Error Rate
105971,2026-05-15,Pune,Quality Review,Night,627,26.39,5,14.1,96.65,60,Yes,0.797,Normal
103020,2026-05-15,Pune,Validation,Evening,515,38.0,4,29.5,89.45,55,Yes,0.777,Low Quality Score
102403,2026-05-16,Bengaluru,Data Intake,Evening,477,31.01,6,0.0,91.1,35,Yes,1.258,Normal
103723,2026-05-16,Bengaluru,Data Intake,Night,192,31.29,8,22.8,95.06,35,Yes,4.167,High Error Rate
104202,2026-05-16,Bengaluru,Data Intake,Evening,167,35.88,5,13.6,92.08,35,No,2.994,High Error Rate
104815,2026-05-16,Bengaluru,Enrichment,Evening,436,44.66,7,13.1,94.485,65,Yes,1.606,Normal
103076,2026-05-16,Bengaluru,Publishing,Night,235,34.87,4,19.2,98.14,30,No,1.702,SLA Breach
103366,2026-05-16,Bengaluru,Publishing,Morning,354,36.31,6,0.0,91.71,30,No,1.695,SLA Breach
105126,2026-05-16,Bengaluru,Publishing,Night,294,21.32,8,0.0,94.15,30,Yes,2.721,High Error Rate
102043,2026-05-16,Bengaluru,Quality Review,Morning,295,32.23,7,3.5,90.96,60,Yes,2.373,High Error Rate
102044,2026-05-16,Bengaluru,Validation,Morning,114,28.96,3,0.0,95.45,55,Yes,2.632,High Error Rate
103457,2026-05-16,Bengaluru,Validation,Evening,431,22.15,1,0.0,91.08,55,Yes,0.232,Normal
103768,2026-05-16,Bengaluru,Validation,Night,215,27.82,3,16.4,96.67,55,Yes,1.395,Normal
101984,2026-05-16,Chennai,Data Intake,Morning,147,30.4,5,11.1,93.72,35,Yes,3.401,High Error Rate
102325,2026-05-16,Chennai,Data Intake,Morning,90,30.05,8,17.2,87.37,35,Yes,8.889,Low Quality Score
102987,2026-05-16,Chennai,Data Intake,Morning,377,21.18,4,0.0,93.58,35,Yes,1.061,Normal
103252,2026-05-16,Chennai,Data Intake,Morning,82,33.38,8,5.3,92.19,35,Yes,9.756,High Error Rate
103028,2026-05-16,Chennai,Enrichment,Morning,532,53.0,3,4.2,91.67,65,Yes,0.564,Normal
105741,2026-05-16,Chennai,Enrichment,Evening,373,93.52,5,22.0,93.21,65,No,1.34,SLA Breach
100391,2026-05-16,Chennai,Quality Review,Evening,556,64.14,9,9.5,95.31,60,No,1.619,SLA Breach
104845,2026-05-16,Chennai,Quality Review,Night,615,40.2,6,20.3,93.01,60,Yes,0.976,Normal
105718,2026-05-16,Chennai,Quality Review,Evening,488,91.98,2,0.0,88.33,60,No,0.41,Low Quality Score
100463,2026-05-16,Chennai,Validation,Night,582,59.25,4,0.0,97.09,55,No,0.687,SLA Breach
102049,2026-05-16,Chennai,Validation,Morning,526,48.08,4,23.1,94.71,55,Yes,0.76,Normal
104997,2026-05-16,Chennai,Validation,Evening,99,28.32,4,13.1,92.64,55,Yes,4.04,High Error Rate
100360,2026-05-16,Hyderabad,Data Intake,Morning,544,22.22,2,0.0,94.05,35,Yes,0.368,Normal
100512,2026-05-16,Hyderabad,Enrichment,Evening,148,43.31,11,0.0,97.85,65,Yes,7.432,High Error Rate
102294,2026-05-16,Hyderabad,Enrichment,Morning,538,24.2,9,8.3,95.13,65,Yes,1.673,Normal
103167,2026-05-16,Hyderabad,Enrichment,Night,469,50.0,9,6.2,98.8,65,Yes,1.919,Normal
105146,2026-05-16,Hyderabad,Publishing,Evening,515,21.11,6,0.0,94.13,30,Yes,1.165,Normal
101234,2026-05-16,Hyderabad,Validation,Evening,91,60.66,7,1.8,94.76,55,No,7.692,High Error Rate
102352,2026-05-16,Hyderabad,Validation,Evening,122,45.11,7,10.7,91.47,55,Yes,5.738,High Error Rate
103472,2026-05-16,Hyderabad,Validation,Evening,410,103.1,7,6.2,90.45,55,No,1.707,SLA Breach
104470,2026-05-16,Hyderabad,Validation,Morning,520,35.27,2,19.8,97.13,55,Yes,0.385,Normal
100378,2026-05-16,Pune,Data Intake,Morning,344,36.92,5,5.9,95.53,35,No,1.453,SLA Breach
101899,2026-05-16,Pune,Data Intake,Night,171,25.47,8,19.4,100.0,35,Yes,4.678,High Error Rate
102099,2026-05-16,Pune,Data Intake,Night,180,23.28,6,7.0,93.47,35,Yes,3.333,High Error Rate
103053,2026-05-16,Pune,Data Intake,Night,483,15.65,9,22.0,89.09,35,Yes,1.863,Low Quality Score
103615,2026-05-16,Pune,Data Intake,Evening,233,34.07,4,0.0,95.48,35,Yes,1.717,Normal
100895,2026-05-16,Pune,Enrichment,Evening,145,69.29,9,0.0,94.17,65,No,6.207,High Error Rate
103183,2026-05-16,Pune,Publishing,Evening,177,27.71,4,0.0,89.63,30,Yes,2.26,Low Quality Score
104559,2026-05-16,Pune,Publishing,Night,86,39.29,3,3.2,98.62,30,No,3.488,High Error Rate
104778,2026-05-16,Pune,Publishing,Morning,321,43.09,5,15.9,94.58,30,No,1.558,SLA Breach
103466,2026-05-16,Pune,Quality Review,Evening,182,25.19,7,0.0,94.33,60,Yes,3.846,High Error Rate
105523,2026-05-16,Pune,Validation,Evening,526,24.58,3,41.8,91.62,55,Yes,0.57,Normal
102514,2026-05-17,Bengaluru,Data Intake,Morning,435,30.06,4,0.0,97.54,35,Yes,0.92,Normal
102606,2026-05-17,Bengaluru,Data Intake,Evening,146,19.58,7,0.1,99.62,35,Yes,4.795,High Error Rate
103708,2026-05-17,Bengaluru,Data Intake,Morning,269,42.3,1,12.3,91.31,35,No,0.372,SLA Breach
104315,2026-05-17,Bengaluru,Data Intake,Evening,401,30.35,1,0.0,95.43,35,Yes,0.249,Normal
105599,2026-05-17,Bengaluru,Enrichment,Night,408,83.27,6,12.3,92.23,65,No,1.471,SLA Breach
105208,2026-05-17,Bengaluru,Publishing,Evening,246,47.71,4,0.0,97.11,30,No,1.626,SLA Breach
103585,2026-05-17,Bengaluru,Quality Review,Evening,639,18.54,6,10.8,88.05,60,Yes,0.939,Low Quality Score
104546,2026-05-17,Bengaluru,Quality Review,Night,536,42.58,5,12.0,98.15,60,Yes,0.933,Normal
101073,2026-05-17,Bengaluru,Validation,Evening,234,25.01,10,8.0,96.78,55,Yes,4.274,High Error Rate
103096,2026-05-17,Bengaluru,Validation,Morning,107,20.83,5,0.0,94.71,55,Yes,4.673,High Error Rate
104065,2026-05-17,Bengaluru,Validation,Morning,478,34.03,4,0.0,90.99,55,Yes,0.837,Normal
104604,2026-05-17,Bengaluru,Validation,Evening,626,31.71,8,15.4,97.3,55,Yes,1.278,Normal
104784,2026-05-17,Chennai,Data Intake,Morning,162,32.37,6,21.2,94.57,35,Yes,3.704,High Error Rate
101065,2026-05-17,Chennai,Enrichment,Morning,165,52.61,9,7.8,93.54,65,Yes,5.455,High Error Rate
102362,2026-05-17,Chennai,Enrichment,Morning,625,39.07,4,18.5,93.46,65,Yes,0.64,Normal
102503,2026-05-17,Chennai,Enrichment,Morning,222,60.32,4,13.8,98.38,65,Yes,1.802,Normal
103991,2026-05-17,Chennai,Enrichment,Evening,157,72.15,5,7.6,91.36,65,No,3.185,High Error Rate
103992,2026-05-17,Chennai,Enrichment,Evening,304,26.34,4,14.2,97.71,65,Yes,1.316,Normal
103282,2026-05-17,Chennai,Publishing,Morning,563,10.33,6,0.0,96.45,30,Yes,1.066,Normal
104534,2026-05-17,Chennai,Publishing,Evening,374,44.57,8,1.9,89.06,30,No,2.139,Low Quality Score
105641,2026-05-17,Chennai,Quality Review,Night,251,28.49,4,2.5,94.02,60,Yes,1.594,Normal
101378,2026-05-17,Chennai,Validation,Morning,615,68.52,8,26.4,92.92,55,No,1.301,SLA Breach
104264,2026-05-17,Chennai,Validation,Morning,508,62.47,5,0.0,96.33,55,No,0.984,SLA Breach
101790,2026-05-17,Hyderabad,Data Intake,Morning,634,19.13,2,5.2,96.74,35,Yes,0.315,Normal
102348,2026-05-17,Hyderabad,Data Intake,Evening,95,19.11,6,0.0,90.02,35,Yes,6.316,High Error Rate
104806,2026-05-17,Hyderabad,Data Intake,Evening,89,19.97,10,0.0,98.73,35,Yes,11.236,High Error Rate
105550,2026-05-17,Hyderabad,Data Intake,Night,122,23.62,4,33.2,92.14,35,Yes,3.279,High Error Rate
101098,2026-05-17,Hyderabad,Publishing,Morning,304,47.97,4,0.0,90.72,30,No,1.316,SLA Breach
101995,2026-05-17,Hyderabad,Publishing,Morning,429,46.38,2,33.9,92.83,30,No,0.466,SLA Breach
103569,2026-05-17,Hyderabad,Publishing,Night,588,29.15,6,0.0,95.32,30,Yes,1.02,Normal
102429,2026-05-17,Pune,Data Intake,Evening,519,27.07,3,20.5,89.5,35,Yes,0.578,Low Quality Score
100493,2026-05-17,Pune,Publishing,Night,316,30.89,6,0.0,88.51,30,No,1.899,Low Quality Score
101667,2026-05-17,Pune,Validation,Evening,248,24.35,6,0.7,100.0,55,Yes,2.419,High Error Rate
104880,2026-05-17,Pune,Validation,Evening,408,50.39,8,5.2,95.64,55,Yes,1.961,Normal
104899,2026-05-17,Pune,Validation,Morning,624,64.72,6,0.0,89.17,55,No,0.962,Low Quality Score
105999,2026-05-17,Pune,Validation,Night,401,86.48,1,0.0,100.0,55,No,0.249,SLA Breach
102422,2026-05-18,Bengaluru,Data Intake,Evening,210,49.14,4,0.0,100.0,35,No,1.905,SLA Breach
100247,2026-05-18,Bengaluru,Enrichment,Night,325,48.44,8,20.8,93.76,65,Yes,2.462,High Error Rate
102783,2026-05-18,Bengaluru,Enrichment,Morning,518,58.1,8,12.4,91.33,65,Yes,1.544,Normal
103634,2026-05-18,Bengaluru,Enrichment,Morning,183,37.97,1,20.7,96.18,65,Yes,0.546,Normal
103700,2026-05-18,Bengaluru,Enrichment,Morning,398,69.11,1,6.7,93.59,65,No,0.251,SLA Breach
105284,2026-05-18,Bengaluru,Quality Review,Morning,638,75.72,1,0.0,89.55,60,No,0.157,Low Quality Score
105710,2026-05-18,Bengaluru,Quality Review,Evening,86,36.2,3,5.9,99.4,60,Yes,3.488,High Error Rate
101301,2026-05-18,Bengaluru,Validation,Morning,416,76.95,5,3.9,100.0,55,No,1.202,SLA Breach
102605,2026-05-18,Bengaluru,Validation,Morning,373,42.47,2,15.6,99.86,55,Yes,0.536,Normal
104239,2026-05-18,Bengaluru,Validation,Morning,615,20.32,3,0.0,98.34,55,Yes,0.488,Normal
101868,2026-05-18,Chennai,Data Intake,Evening,220,49.33,2,7.1,93.32,35,No,0.909,SLA Breach
104043,2026-05-18,Chennai,Data Intake,Evening,156,20.46,5,2.8,92.41,35,Yes,3.205,High Error Rate
103784,2026-05-18,Chennai,Enrichment,Morning,139,36.22,4,18.6,98.15,65,Yes,2.878,High Error Rate
100234,2026-05-18,Chennai,Publishing,Evening,343,50.71,5,0.0,100.0,30,No,1.458,SLA Breach
104629,2026-05-18,Chennai,Publishing,Morning,111,49.28,3,0.0,92.12,30,No,2.703,High Error Rate
101674,2026-05-18,Chennai,Quality Review,Morning,404,70.93,6,20.9,92.23,60,No,1.485,SLA Breach
105107,2026-05-18,Chennai,Quality Review,Evening,502,77.02,5,10.0,92.94,60,No,0.996,SLA Breach
105689,2026-05-18,Chennai,Quality Review,Evening,284,72.46,4,0.0,93.65,60,No,1.408,SLA Breach
103048,2026-05-18,Chennai,Validation,Evening,178,58.06,6,5.2,92.78,55,No,3.371,High Error Rate
104772,2026-05-18,Chennai,Validation,Morning,105,27.81,9,5.7,96.03,55,Yes,8.571,High Error Rate
104337,2026-05-18,Hyderabad,Data Intake,Night,484,13.34,5,3.3,100.0,35,Yes,1.033,Normal
105669,2026-05-18,Hyderabad,Data Intake,Morning,487,66.12,5,0.0,92.84,35,No,1.027,SLA Breach
101204,2026-05-18,Hyderabad,Enrichment,Evening,306,104.0,6,1.7,88.01,65,No,1.961,Low Quality Score
104860,2026-05-18,Hyderabad,Publishing,Morning,137,34.16,9,0.0,95.99,30,No,6.569,High Error Rate
105571,2026-05-18,Hyderabad,Publishing,Evening,355,38.57,7,26.0,94.23,30,No,1.972,SLA Breach
100014,2026-05-18,Hyderabad,Validation,Night,244,62.17,2,22.0,96.25,55,No,0.82,SLA Breach
103133,2026-05-18,Hyderabad,Validation,Morning,208,29.72,2,0.4,94.56,55,Yes,0.962,Normal
103346,2026-05-18,Hyderabad,Validation,Morning,164,21.48,8,20.7,92.94,55,Yes,4.878,High Error Rate
105687,2026-05-18,Hyderabad,Validation,Night,511,31.18,4,1.7,90.11,55,Yes,0.783,Normal
100042,2026-05-18,Pune,Data Intake,Night,461,19.7,6,14.5,91.78,35,Yes,1.302,Normal
100051,2026-05-18,Pune,Data Intake,Night,103,25.52,4,0.0,95.66,35,Yes,3.883,High Error Rate
102365,2026-05-18,Pune,Quality Review,Evening,604,35.22,6,29.3,94.66,60,Yes,0.993,Normal
104053,2026-05-19,Bengaluru,Data Intake,Evening,643,33.7,6,0.0,96.48,35,Yes,0.933,Normal
100089,2026-05-19,Bengaluru,Enrichment,Morning,238,20.57,2,1.3,95.48,65,Yes,0.84,Normal
103112,2026-05-19,Bengaluru,Enrichment,Night,257,66.33,4,4.5,96.43,65,No,1.556,SLA Breach
104289,2026-05-19,Bengaluru,Enrichment,Morning,478,37.77,5,0.0,91.25,65,Yes,1.046,Normal
104733,2026-05-19,Bengaluru,Enrichment,Morning,384,39.96,6,0.0,89.95,65,Yes,1.562,Low Quality Score
101134,2026-05-19,Bengaluru,Publishing,Morning,422,69.5,3,19.2,96.07,30,No,0.711,SLA Breach
104709,2026-05-19,Bengaluru,Publishing,Morning,291,28.78,2,2.7,96.25,30,Yes,0.687,Normal
104747,2026-05-19,Bengaluru,Publishing,Evening,335,54.39,9,8.8,93.67,30,No,2.687,High Error Rate
105698,2026-05-19,Bengaluru,Publishing,Morning,329,24.34,5,20.4,93.07,30,Yes,1.52,Normal
105319,2026-05-19,Bengaluru,Quality Review,Evening,225,43.58,7,0.0,94.07,60,Yes,3.111,High Error Rate
101822,2026-05-19,Chennai,Data Intake,Night,446,42.98,4,0.0,95.15,35,No,0.897,SLA Breach
104846,2026-05-19,Chennai,Data Intake,Morning,465,52.28,5,3.1,88.44,35,No,1.075,Low Quality Score
105635,2026-05-19,Chennai,Data Intake,Morning,456,43.5,2,0.0,96.84,35,No,0.439,SLA Breach
100128,2026-05-19,Chennai,Enrichment,Morning,404,21.64,2,0.0,91.79,65,Yes,0.495,Normal
100657,2026-05-19,Chennai,Enrichment,Morning,539,23.15,3,2.4,95.96,65,Yes,0.557,Normal
102176,2026-05-19,Chennai,Enrichment,Morning,141,34.27,4,0.0,92.8,65,Yes,2.837,High Error Rate
104349,2026-05-19,Chennai,Enrichment,Night,83,31.54,8,0.0,87.69,65,Yes,9.639,Low Quality Score
100489,2026-05-19,Chennai,Publishing,Morning,562,40.81,6,21.2,92.3,30,No,1.068,SLA Breach
102174,2026-05-19,Chennai,Publishing,Morning,268,17.02,2,7.4,95.66,30,Yes,0.746,Normal
102937,2026-05-19,Chennai,Publishing,Morning,535,24.65,6,4.7,92.71,30,Yes,1.121,Normal
104423,2026-05-19,Chennai,Publishing,Night,93,34.96,11,30.2,90.98,30,No,11.828,High Error Rate
100207,2026-05-19,Chennai,Quality Review,Evening,579,110.6,3,16.4,91.52,60,No,0.518,SLA Breach
102107,2026-05-19,Chennai,Quality Review,Night,132,54.0,3,5.4,88.51,60,Yes,2.273,Low Quality Score
102843,2026-05-19,Chennai,Quality Review,Night,99,77.44,1,26.6,91.37,60,No,1.01,SLA Breach
105488,2026-05-19,Chennai,Quality Review,Morning,164,60.55,9,11.9,91.46,60,No,5.488,High Error Rate
100742,2026-05-19,Chennai,Validation,Evening,396,36.08,6,0.0,92.29,55,Yes,1.515,Normal
101275,2026-05-19,Chennai,Validation,Morning,588,65.75,4,19.0,92.64,55,No,0.68,SLA Breach
101671,2026-05-19,Chennai,Validation,Night,138,33.32,4,0.0,90.65,55,Yes,2.899,High Error Rate
102943,2026-05-19,Chennai,Validation,Morning,142,79.29,3,0.0,100.0,55,No,2.113,High Error Rate
104636,2026-05-19,Chennai,Validation,Night,408,31.98,6,19.0,95.05,55,Yes,1.471,Normal
103187,2026-05-19,Hyderabad,Data Intake,Morning,239,31.58,7,22.6,94.81,35,Yes,2.929,High Error Rate
103582,2026-05-19,Hyderabad,Data Intake,Evening,375,31.97,5,5.6,93.99,35,Yes,1.333,Normal
100423,2026-05-19,Hyderabad,Enrichment,Evening,205,95.31,6,8.0,95.42,65,No,2.927,High Error Rate
104278,2026-05-19,Hyderabad,Publishing,Morning,160,32.82,3,17.6,99.58,30,No,1.875,SLA Breach
105182,2026-05-19,Hyderabad,Publishing,Evening,435,13.76,3,24.9,93.23,30,Yes,0.69,Normal
100714,2026-05-19,Hyderabad,Quality Review,Evening,590,45.34,1,17.0,97.12,60,Yes,0.169,Normal
103145,2026-05-19,Hyderabad,Validation,Night,457,88.07,5,22.5,95.19,55,No,1.094,SLA Breach
102281,2026-05-19,Pune,Data Intake,Morning,560,37.78,1,0.0,95.18,35,No,0.179,SLA Breach
104841,2026-05-19,Pune,Data Intake,Morning,172,12.38,5,34.8,97.58,35,Yes,2.907,High Error Rate
103247,2026-05-19,Pune,Enrichment,Evening,527,47.76,4,4.5,96.79,65,Yes,0.759,Normal
103906,2026-05-19,Pune,Publishing,Night,561,15.08,6,12.3,88.36,30,Yes,1.07,Low Quality Score
104080,2026-05-19,Pune,Publishing,Morning,332,16.72,5,2.2,94.91,30,Yes,1.506,Normal
104576,2026-05-19,Pune,Publishing,Morning,169,13.14,2,0.0,96.41,30,Yes,1.183,Normal
104286,2026-05-19,Pune,Quality Review,Night,336,63.66,5,11.8,89.06,60,No,1.488,Low Quality Score
100320,2026-05-20,Bengaluru,Data Intake,Morning,218,23.17,8,40.1,92.16,35,Yes,3.67,High Error Rate
100911,2026-05-20,Bengaluru,Data Intake,Night,431,19.55,7,10.1,91.85,35,Yes,1.624,Normal
102995,2026-05-20,Bengaluru,Data Intake,Morning,546,20.6,4,0.0,93.66,35,Yes,0.733,Normal
100864,2026-05-20,Bengaluru,Publishing,Night,570,17.55,2,0.0,100.0,30,Yes,0.351,Normal
101691,2026-05-20,Bengaluru,Publishing,Morning,209,34.66,4,10.1,93.03,30,No,1.914,SLA Breach
103157,2026-05-20,Bengaluru,Publishing,Evening,245,26.57,8,17.4,96.61,30,Yes,3.265,High Error Rate
103432,2026-05-20,Bengaluru,Publishing,Evening,407,48.26,4,4.9,91.58,30,No,0.983,SLA Breach
100370,2026-05-20,Bengaluru,Quality Review,Morning,387,46.44,5,18.9,96.24,60,Yes,1.292,Normal
102575,2026-05-20,Bengaluru,Quality Review,Evening,433,35.04,1,2.6,100.0,60,Yes,0.231,Normal
103203,2026-05-20,Bengaluru,Quality Review,Morning,222,53.41,3,1.4,87.24,60,Yes,1.351,Low Quality Score
105600,2026-05-20,Bengaluru,Quality Review,Evening,247,45.95,4,6.9,91.88,60,Yes,1.619,Normal
101825,2026-05-20,Bengaluru,Validation,Morning,359,34.05,2,13.8,95.72,55,Yes,0.557,Normal
104306,2026-05-20,Bengaluru,Validation,Morning,312,43.8,5,0.0,98.29,55,Yes,1.603,Normal
104504,2026-05-20,Bengaluru,Validation,Night,629,53.29,3,19.9,91.35,55,Yes,0.477,Normal
101775,2026-05-20,Chennai,Data Intake,Evening,601,30.15,4,35.3,99.15,35,Yes,0.666,Normal
103847,2026-05-20,Chennai,Enrichment,Night,279,70.47,0,16.2,91.04,65,No,0.0,SLA Breach
104974,2026-05-20,Chennai,Enrichment,Evening,197,61.5,11,12.4,95.89,65,Yes,5.584,High Error Rate
100645,2026-05-20,Chennai,Publishing,Night,249,18.54,6,0.0,95.98,30,Yes,2.41,High Error Rate
105497,2026-05-20,Chennai,Publishing,Night,332,16.31,7,21.0,95.35,30,Yes,2.108,High Error Rate
102922,2026-05-20,Chennai,Quality Review,Night,445,64.66,7,18.6,94.21,60,No,1.573,SLA Breach
103226,2026-05-20,Chennai,Validation,Night,327,50.71,9,30.9,95.45,55,Yes,2.752,High Error Rate
104298,2026-05-20,Chennai,Validation,Evening,454,62.85,9,3.3,94.77,55,No,1.982,SLA Breach
105228,2026-05-20,Chennai,Validation,Night,562,66.58,4,0.0,94.46,55,No,0.712,SLA Breach
100173,2026-05-20,Hyderabad,Data Intake,Morning,612,36.1,5,0.0,99.4,35,No,0.817,SLA Breach
101148,2026-05-20,Hyderabad,Data Intake,Morning,227,17.8,4,22.9,96.26,35,Yes,1.762,Normal
101558,2026-05-20,Hyderabad,Data Intake,Evening,505,51.25,3,12.0,94.07,35,No,0.594,SLA Breach
104429,2026-05-20,Hyderabad,Data Intake,Morning,177,38.4,6,1.7,93.64,35,No,3.39,High Error Rate
105005,2026-05-20,Hyderabad,Data Intake,Evening,93,21.64,8,8.7,95.37,35,Yes,8.602,High Error Rate
103627,2026-05-20,Hyderabad,Enrichment,Evening,446,146.06,11,24.1,98.17,65,No,2.466,High Error Rate
101870,2026-05-20,Hyderabad,Publishing,Evening,191,24.45,5,0.0,92.4,30,Yes,2.618,High Error Rate
102121,2026-05-20,Hyderabad,Publishing,Morning,448,37.38,2,21.4,95.61,30,No,0.446,SLA Breach
105047,2026-05-20,Hyderabad,Publishing,Night,194,21.16,6,12.1,97.89,30,Yes,3.093,High Error Rate
104083,2026-05-20,Hyderabad,Validation,Evening,327,45.25,12,15.6,95.48,55,Yes,3.67,High Error Rate
101061,2026-05-20,Pune,Publishing,Evening,99,24.46,4,15.0,96.21,30,Yes,4.04,High Error Rate
103678,2026-05-20,Pune,Quality Review,Morning,83,40.38,7,0.0,92.98,60,Yes,8.434,High Error Rate
101058,2026-05-20,Pune,Validation,Evening,515,36.79,9,14.3,94.61,55,Yes,1.748,Normal
100734,2026-05-21,Bengaluru,Data Intake,Evening,270,22.83,7,13.9,98.15,35,Yes,2.593,High Error Rate
100836,2026-05-21,Bengaluru,Data Intake,Evening,528,34.12,4,10.1,92.23,35,Yes,0.758,Normal
101731,2026-05-21,Bengaluru,Enrichment,Morning,597,48.44,3,25.5,94.44,65,Yes,0.503,Normal
103001,2026-05-21,Bengaluru,Enrichment,Morning,543,83.55,5,6.3,89.17,65,No,0.921,Low Quality Score
103544,2026-05-21,Bengaluru,Enrichment,Evening,129,51.26,3,7.6,94.51,65,Yes,2.326,High Error Rate
100815,2026-05-21,Bengaluru,Publishing,Morning,488,22.93,7,6.4,92.77,30,Yes,1.434,Normal
103866,2026-05-21,Bengaluru,Publishing,Morning,474,18.83,10,45.8,99.87,30,Yes,2.11,High Error Rate
102096,2026-05-21,Bengaluru,Quality Review,Evening,222,55.6,7,19.1,88.11,60,Yes,3.153,Low Quality Score
102449,2026-05-21,Bengaluru,Quality Review,Evening,170,46.67,1,20.0,88.36,60,Yes,0.588,Low Quality Score
103223,2026-05-21,Bengaluru,Quality Review,Morning,183,29.23,5,0.0,91.41,60,Yes,2.732,High Error Rate
101339,2026-05-21,Bengaluru,Validation,Evening,294,74.86,7,0.0,99.04,55,No,2.381,High Error Rate
102320,2026-05-21,Bengaluru,Validation,Night,464,30.62,2,7.0,95.73,55,Yes,0.431,Normal
105904,2026-05-21,Bengaluru,Validation,Evening,146,67.54,2,6.4,92.07,55,No,1.37,SLA Breach
105841,2026-05-21,Chennai,Data Intake,Evening,584,43.09,4,0.0,91.77,35,No,0.685,SLA Breach
100210,2026-05-21,Chennai,Quality Review,Evening,487,58.69,9,3.1,97.92,60,Yes,1.848,Normal
102212,2026-05-21,Chennai,Quality Review,Night,545,18.24,7,0.0,87.02,60,Yes,1.284,Low Quality Score
103224,2026-05-21,Chennai,Quality Review,Night,131,50.58,6,7.2,97.27,60,Yes,4.58,High Error Rate
100050,2026-05-21,Chennai,Validation,Night,380,36.47,4,21.5,95.89,55,Yes,1.053,Normal
100602,2026-05-21,Chennai,Validation,Morning,122,55.76,4,15.4,91.86,55,No,3.279,High Error Rate
102662,2026-05-21,Chennai,Validation,Morning,466,35.7,2,0.0,90.81,55,Yes,0.429,Normal
103387,2026-05-21,Chennai,Validation,Night,332,77.2,3,7.3,93.77,55,No,0.904,SLA Breach
104276,2026-05-21,Hyderabad,Publishing,Morning,146,75.57,6,0.0,99.93,30,No,4.11,High Error Rate
100002,2026-05-21,Hyderabad,Validation,Morning,286,33.11,4,4.0,98.3,55,Yes,1.399,Normal
105495,2026-05-21,Hyderabad,Validation,Morning,146,55.3,7,13.6,96.89,55,No,4.795,High Error Rate
101242,2026-05-21,Pune,Data Intake,Night,522,57.5,6,22.1,97.3,35,No,1.149,SLA Breach
101278,2026-05-21,Pune,Enrichment,Night,584,44.11,8,0.0,95.72,65,Yes,1.37,Normal
101469,2026-05-21,Pune,Enrichment,Morning,413,43.97,4,0.0,100.0,65,Yes,0.969,Normal
104915,2026-05-21,Pune,Publishing,Morning,623,25.01,6,0.0,95.07,30,Yes,0.963,Normal
100402,2026-05-21,Pune,Quality Review,Morning,142,52.48,5,0.0,98.05,60,Yes,3.521,High Error Rate
101914,2026-05-21,Pune,Quality Review,Evening,414,67.37,4,0.0,95.66,60,No,0.966,SLA Breach
102447,2026-05-21,Pune,Quality Review,Morning,272,67.27,9,10.7,90.98,60,No,3.309,High Error Rate
101611,2026-05-21,Pune,Validation,Morning,463,33.0,3,14.9,92.72,55,Yes,0.648,Normal
100278,2026-05-22,Bengaluru,Data Intake,Night,144,42.24,5,14.5,94.02,35,No,3.472,High Error Rate
100690,2026-05-22,Bengaluru,Data Intake,Night,560,32.45,2,34.1,91.75,35,Yes,0.357,Normal
102858,2026-05-22,Bengaluru,Enrichment,Evening,424,50.92,2,1.3,88.52,65,Yes,0.472,Low Quality Score
103480,2026-05-22,Bengaluru,Enrichment,Morning,236,38.9,2,7.4,95.66,65,Yes,0.847,Normal
105074,2026-05-22,Bengaluru,Enrichment,Morning,93,63.67,9,5.9,83.87,65,Yes,9.677,Low Quality Score
101726,2026-05-22,Bengaluru,Publishing,Evening,283,24.9,1,17.3,97.92,30,Yes,0.353,Normal
103429,2026-05-22,Bengaluru,Publishing,Evening,454,41.89,2,16.4,97.4,30,No,0.441,SLA Breach
105185,2026-05-22,Bengaluru,Publishing,Morning,275,37.38,8,16.9,88.99,30,No,2.909,Low Quality Score
105355,2026-05-22,Bengaluru,Publishing,Morning,482,24.31,11,20.3,97.23,30,Yes,2.282,High Error Rate
100025,2026-05-22,Bengaluru,Quality Review,Night,127,67.49,7,0.0,91.44,60,No,5.512,High Error Rate
101498,2026-05-22,Bengaluru,Quality Review,Night,438,36.18,5,0.0,93.25,60,Yes,1.142,Normal
105371,2026-05-22,Bengaluru,Quality Review,Evening,483,101.04,6,0.0,92.4,60,No,1.242,SLA Breach
100107,2026-05-22,Bengaluru,Validation,Evening,267,51.86,5,7.6,94.8,55,Yes,1.873,Normal
100160,2026-05-22,Bengaluru,Validation,Morning,367,36.95,3,0.0,94.53,55,Yes,0.817,Normal
100918,2026-05-22,Bengaluru,Validation,Morning,475,42.15,5,5.8,95.32,55,Yes,1.053,Normal
101212,2026-05-22,Bengaluru,Validation,Evening,536,63.88,8,37.5,87.83,55,No,1.493,Low Quality Score
102988,2026-05-22,Bengaluru,Validation,Morning,424,57.17,6,23.7,96.05,55,No,1.415,SLA Breach
103565,2026-05-22,Bengaluru,Validation,Evening,211,28.73,5,22.2,95.76,55,Yes,2.37,High Error Rate
105019,2026-05-22,Bengaluru,Validation,Evening,97,169.45,9,2.0,95.85,55,No,9.278,High Error Rate
103074,2026-05-22,Chennai,Data Intake,Morning,475,19.62,6,0.0,89.59,35,Yes,1.263,Low Quality Score
104072,2026-05-22,Chennai,Data Intake,Night,138,21.92,6,5.3,96.24,35,Yes,4.348,High Error Rate
101313,2026-05-22,Chennai,Enrichment,Night,645,56.41,1,7.0,92.6,65,Yes,0.155,Normal
100806,2026-05-22,Chennai,Publishing,Night,382,38.86,7,15.5,85.34,30,No,1.832,Low Quality Score
100112,2026-05-22,Chennai,Validation,Morning,283,87.17,2,12.4,91.01,55,No,0.707,SLA Breach
101441,2026-05-22,Chennai,Validation,Morning,343,83.38,3,4.7,93.75,55,No,0.875,SLA Breach
103326,2026-05-22,Chennai,Validation,Evening,540,39.67,3,0.0,92.49,55,Yes,0.556,Normal
100766,2026-05-22,Hyderabad,Enrichment,Morning,226,119.89,4,5.5,92.49,65,No,1.77,SLA Breach
104225,2026-05-22,Hyderabad,Enrichment,Morning,102,76.48,7,0.0,96.48,65,No,6.863,High Error Rate
101416,2026-05-22,Hyderabad,Publishing,Evening,565,30.89,5,0.0,92.64,30,No,0.885,SLA Breach
100613,2026-05-22,Hyderabad,Quality Review,Evening,348,43.1,4,11.9,96.16,60,Yes,1.149,Normal
103350,2026-05-22,Hyderabad,Validation,Morning,239,71.66,5,18.5,86.96,55,No,2.092,Low Quality Score
104953,2026-05-22,Pune,Publishing,Evening,449,37.57,2,18.0,91.34,30,No,0.445,SLA Breach
105492,2026-05-22,Pune,Quality Review,Evening,461,48.14,3,0.0,91.59,60,Yes,0.651,Normal
100598,2026-05-22,Pune,Validation,Morning,488,37.23,3,12.5,92.75,55,Yes,0.615,Normal
102603,2026-05-22,Pune,Validation,Morning,587,35.77,4,24.9,100.0,55,Yes,0.681,Normal
102284,2026-05-23,Bengaluru,Data Intake,Morning,577,30.0,2,0.0,93.2,35,Yes,0.347,Normal
103967,2026-05-23,Bengaluru,Enrichment,Evening,611,40.56,4,1.0,97.87,65,Yes,0.655,Normal
105871,2026-05-23,Bengaluru,Enrichment,Morning,97,48.26,9,0.0,96.32,65,Yes,9.278,High Error Rate
100476,2026-05-23,Bengaluru,Publishing,Evening,364,30.92,9,44.8,94.02,30,No,2.473,High Error Rate
103422,2026-05-23,Bengaluru,Validation,Morning,432,43.41,11,1.9,96.72,55,Yes,2.546,High Error Rate
101430,2026-05-23,Chennai,Enrichment,Morning,519,81.67,5,9.6,89.61,65,No,0.963,Low Quality Score
103055,2026-05-23,Chennai,Publishing,Morning,517,19.51,4,13.4,94.99,30,Yes,0.774,Normal
100955,2026-05-23,Chennai,Quality Review,Evening,556,32.74,9,12.9,91.53,60,Yes,1.619,Normal
104084,2026-05-23,Chennai,Quality Review,Morning,359,74.99,4,14.6,98.15,60,No,1.114,SLA Breach
104125,2026-05-23,Chennai,Unknown,Morning,323,26.95,5,24.6,95.27,30,Yes,1.548,Normal
102648,2026-05-23,Chennai,Validation,Morning,121,42.45,4,11.6,93.42,55,Yes,3.306,High Error Rate
100213,2026-05-23,Hyderabad,Data Intake,Evening,500,43.3,6,12.7,91.98,35,No,1.2,SLA Breach
103915,2026-05-23,Hyderabad,Data Intake,Evening,100,16.75,3,5.6,97.68,35,Yes,3.0,High Error Rate
104362,2026-05-23,Hyderabad,Data Intake,Night,431,32.86,5,0.0,98.47,35,Yes,1.16,Normal
104613,2026-05-23,Hyderabad,Enrichment,Evening,107,45.31,3,38.1,92.97,65,Yes,2.804,High Error Rate
100016,2026-05-23,Hyderabad,Publishing,Night,616,30.05,6,18.6,97.57,30,No,0.974,SLA Breach
100106,2026-05-23,Hyderabad,Quality Review,Evening,539,16.56,2,11.7,85.66,60,Yes,0.371,Low Quality Score
105682,2026-05-23,Hyderabad,Quality Review,Evening,514,51.91,4,10.8,91.22,60,Yes,0.778,Normal
102009,2026-05-23,Hyderabad,Validation,Evening,248,25.16,6,18.1,96.2,55,Yes,2.419,High Error Rate
103323,2026-05-23,Pune,Data Intake,Night,315,18.3,6,14.1,88.28,35,Yes,1.905,Low Quality Score
100725,2026-05-23,Pune,Enrichment,Night,281,60.88,4,0.0,86.86,65,Yes,1.423,Low Quality Score
103382,2026-05-23,Pune,Enrichment,Morning,483,52.44,5,0.0,100.0,65,Yes,1.035,Normal
105454,2026-05-23,Pune,Enrichment,Morning,420,70.12,4,3.3,95.4,65,No,0.952,SLA Breach
105217,2026-05-23,Pune,Publishing,Night,470,23.38,2,9.6,98.55,30,Yes,0.426,Normal
105563,2026-05-23,Pune,Publishing,Evening,98,27.35,4,11.0,89.06,30,Yes,4.082,Low Quality Score
100249,2026-05-23,Pune,Quality Review,Evening,623,27.82,5,0.0,94.37,60,Yes,0.803,Normal
100990,2026-05-23,Pune,Validation,Evening,175,23.18,3,28.1,97.37,55,Yes,1.714,Normal
101133,2026-05-24,Bengaluru,Enrichment,Morning,122,73.01,4,13.8,94.41,65,No,3.279,High Error Rate
104804,2026-05-24,Bengaluru,Enrichment,Evening,585,76.86,7,20.8,99.88,65,No,1.197,SLA Breach
101461,2026-05-24,Bengaluru,Publishing,Morning,625,34.64,7,8.2,88.95,30,No,1.12,Low Quality Score
104516,2026-05-24,Bengaluru,Publishing,Morning,576,45.0,4,15.7,98.27,30,No,0.694,SLA Breach
102801,2026-05-24,Bengaluru,Quality Review,Evening,172,31.52,6,0.0,92.97,60,Yes,3.488,High Error Rate
105982,2026-05-24,Bengaluru,Quality Review,Evening,480,48.5,4,10.5,97.18,60,Yes,0.833,Normal
101254,2026-05-24,Bengaluru,Validation,Morning,319,109.59,7,9.1,95.18,55,No,2.194,High Error Rate
101986,2026-05-24,Bengaluru,Validation,Evening,461,44.99,4,3.6,89.99,55,Yes,0.868,Low Quality Score
101414,2026-05-24,Chennai,Enrichment,Night,474,41.12,6,14.6,91.47,65,Yes,1.266,Normal
103154,2026-05-24,Chennai,Enrichment,Morning,329,38.45,4,5.2,89.84,65,Yes,1.216,Low Quality Score
100261,2026-05-24,Chennai,Publishing,Morning,285,29.2,4,26.9,99.37,30,Yes,1.404,Normal
103130,2026-05-24,Chennai,Publishing,Evening,430,33.67,7,9.3,98.23,30,No,1.628,SLA Breach
100745,2026-05-24,Chennai,Quality Review,Morning,442,116.06,3,13.0,98.29,60,No,0.679,SLA Breach
102702,2026-05-24,Chennai,Quality Review,Night,166,58.57,3,18.9,91.18,60,Yes,1.807,Normal
104099,2026-05-24,Chennai,Quality Review,Morning,385,40.58,7,14.4,91.1,60,Yes,1.818,Normal
101617,2026-05-24,Chennai,Validation,Evening,641,30.37,10,40.7,92.51,55,Yes,1.56,Normal
102809,2026-05-24,Chennai,Validation,Morning,156,51.28,5,6.9,99.28,55,Yes,3.205,High Error Rate
100135,2026-05-24,Hyderabad,Data Intake,Evening,539,20.27,4,0.0,96.24,35,Yes,0.742,Normal
100559,2026-05-24,Hyderabad,Enrichment,Morning,234,92.16,8,0.0,92.56,65,No,3.419,High Error Rate
102236,2026-05-24,Hyderabad,Enrichment,Morning,611,71.83,5,0.0,84.29,65,No,0.818,Low Quality Score
102671,2026-05-24,Hyderabad,Enrichment,Evening,278,55.12,3,13.4,90.99,65,Yes,1.079,Normal
104712,2026-05-24,Hyderabad,Enrichment,Morning,101,70.69,8,0.0,100.0,65,No,7.921,High Error Rate
100692,2026-05-24,Hyderabad,Validation,Morning,361,19.11,7,2.6,88.74,55,Yes,1.939,Low Quality Score
103396,2026-05-24,Hyderabad,Validation,Night,108,51.92,5,22.4,92.11,55,Yes,4.63,High Error Rate
102725,2026-05-24,Pune,Data Intake,Morning,238,49.17,7,28.2,90.1,35,No,2.941,High Error Rate
103483,2026-05-24,Pune,Data Intake,Evening,621,33.1,8,0.0,90.48,35,Yes,1.288,Normal
100639,2026-05-24,Pune,Enrichment,Evening,180,88.91,7,0.0,95.6,65,No,3.889,High Error Rate
101980,2026-05-24,Pune,Enrichment,Night,123,26.43,5,25.0,89.77,65,Yes,4.065,Low Quality Score
102547,2026-05-24,Pune,Enrichment,Morning,250,28.64,5,5.1,99.17,65,Yes,2.0,Normal
104908,2026-05-24,Pune,Enrichment,Morning,530,26.18,6,22.4,91.63,65,Yes,1.132,Normal
105473,2026-05-25,Bengaluru,Data Intake,Morning,533,80.58,4,11.2,91.73,35,No,0.75,SLA Breach
104909,2026-05-25,Bengaluru,Enrichment,Night,282,36.45,5,18.1,95.88,65,Yes,1.773,Normal
105909,2026-05-25,Bengaluru,Enrichment,Morning,514,28.46,4,21.4,90.02,65,Yes,0.778,Normal
105296,2026-05-25,Bengaluru,Publishing,Morning,637,14.74,2,0.0,95.29,30,Yes,0.314,Normal
105512,2026-05-25,Bengaluru,Publishing,Morning,572,25.59,8,17.3,89.61,30,Yes,1.399,Low Quality Score
100484,2026-05-25,Bengaluru,Quality Review,Morning,413,45.04,12,9.4,93.07,60,Yes,2.906,High Error Rate
103393,2026-05-25,Bengaluru,Quality Review,Morning,522,43.22,6,0.0,89.55,60,Yes,1.149,Low Quality Score
102557,2026-05-25,Bengaluru,Validation,Night,124,58.39,5,0.0,92.79,55,No,4.032,High Error Rate
102899,2026-05-25,Bengaluru,Validation,Evening,508,51.3,4,1.6,94.47,55,Yes,0.787,Normal
105617,2026-05-25,Bengaluru,Validation,Evening,243,49.62,4,0.0,88.2,55,Yes,1.646,Low Quality Score
100686,2026-05-25,Chennai,Data Intake,Morning,581,32.51,5,6.1,91.68,35,Yes,0.861,Normal
102206,2026-05-25,Chennai,Data Intake,Night,609,39.58,1,21.4,90.64,35,No,0.164,SLA Breach
103752,2026-05-25,Chennai,Data Intake,Night,543,30.22,4,0.0,93.9,35,Yes,0.737,Normal
100860,2026-05-25,Chennai,Enrichment,Night,133,44.19,9,0.0,95.89,65,Yes,6.767,High Error Rate
101012,2026-05-25,Chennai,Enrichment,Evening,139,36.18,3,16.0,88.7,65,Yes,2.158,Low Quality Score
101578,2026-05-25,Chennai,Enrichment,Morning,553,56.04,3,21.4,91.23,65,Yes,0.542,Normal
102902,2026-05-25,Chennai,Enrichment,Evening,208,55.22,7,25.0,94.485,65,Yes,3.365,High Error Rate
103385,2026-05-25,Chennai,Enrichment,Evening,177,46.64,5,6.1,100.0,65,Yes,2.825,High Error Rate
101284,2026-05-25,Chennai,Publishing,Evening,241,26.51,2,12.0,91.37,30,Yes,0.83,Normal
105896,2026-05-25,Chennai,Publishing,Evening,506,39.25,5,18.4,96.7,30,No,0.988,SLA Breach
102005,2026-05-25,Chennai,Quality Review,Evening,123,39.78,6,0.0,94.48,60,Yes,4.878,High Error Rate
100071,2026-05-25,Chennai,Validation,Morning,491,58.93,7,0.0,95.23,55,No,1.426,SLA Breach
102832,2026-05-25,Chennai,Validation,Morning,506,80.99,3,2.5,93.07,55,No,0.593,SLA Breach
104467,2026-05-25,Chennai,Validation,Morning,255,71.1,6,1.4,90.37,55,No,2.353,High Error Rate
104525,2026-05-25,Chennai,Validation,Night,150,44.51,9,16.9,100.0,55,Yes,6.0,High Error Rate
104308,2026-05-25,Hyderabad,Data Intake,Morning,580,32.2,9,22.8,93.13,35,Yes,1.552,Normal
101736,2026-05-25,Hyderabad,Enrichment,Night,510,37.95,6,17.8,94.485,65,Yes,1.176,Normal
102567,2026-05-25,Hyderabad,Enrichment,Morning,503,34.78,5,22.3,93.54,65,Yes,0.994,Normal
101684,2026-05-25,Hyderabad,Publishing,Evening,643,8.15,4,38.1,98.13,30,Yes,0.622,Normal
103481,2026-05-25,Hyderabad,Publishing,Evening,493,31.48,6,0.0,98.21,30,No,1.217,SLA Breach
100105,2026-05-25,Hyderabad,Quality Review,Evening,271,46.79,7,31.4,92.94,60,Yes,2.583,High Error Rate
103296,2026-05-25,Hyderabad,Quality Review,Night,230,16.93,3,0.6,91.49,60,Yes,1.304,Normal
103571,2026-05-25,Hyderabad,Quality Review,Evening,487,73.96,2,8.6,93.23,60,No,0.411,SLA Breach
105922,2026-05-25,Hyderabad,Quality Review,Morning,192,33.31,6,16.7,95.41,60,Yes,3.125,High Error Rate
102257,2026-05-25,Hyderabad,Validation,Evening,343,34.94,4,16.0,92.64,55,Yes,1.166,Normal
105155,2026-05-25,Hyderabad,Validation,Evening,320,44.15,6,21.2,95.82,55,Yes,1.875,Normal
105362,2026-05-25,Pune,Data Intake,Morning,611,44.5,6,10.1,98.76,35,No,0.982,SLA Breach
100716,2026-05-25,Pune,Enrichment,Morning,476,74.37,5,0.0,95.24,65,No,1.05,SLA Breach
102983,2026-05-25,Pune,Enrichment,Night,532,55.9,4,16.1,100.0,65,Yes,0.752,Normal
104005,2026-05-25,Pune,Enrichment,Evening,242,28.81,7,0.0,89.58,65,Yes,2.893,Low Quality Score
103564,2026-05-25,Pune,Publishing,Morning,83,31.17,10,8.3,95.7,30,No,12.048,High Error Rate
105544,2026-05-25,Pune,Publishing,Night,185,20.33,5,0.0,92.03,30,Yes,2.703,High Error Rate
100591,2026-05-25,Pune,Quality Review,Evening,294,55.04,3,0.0,91.91,60,Yes,1.02,Normal
104271,2026-05-25,Pune,Validation,Morning,258,40.19,3,12.1,97.69,55,Yes,1.163,Normal
100472,2026-05-26,Bengaluru,Data Intake,Morning,376,32.42,6,9.6,91.59,35,Yes,1.596,Normal
103803,2026-05-26,Bengaluru,Data Intake,Morning,379,22.3,10,9.4,91.54,35,Yes,2.639,High Error Rate
105393,2026-05-26,Bengaluru,Enrichment,Morning,408,31.76,3,38.1,95.11,65,Yes,0.735,Normal
101087,2026-05-26,Bengaluru,Quality Review,Morning,500,58.74,10,8.5,97.0,60,Yes,2.0,Normal
102093,2026-05-26,Bengaluru,Quality Review,Evening,302,40.62,6,25.8,90.58,60,Yes,1.987,Normal
102545,2026-05-26,Bengaluru,Validation,Evening,474,36.22,5,0.0,93.6,55,Yes,1.055,Normal
104309,2026-05-26,Chennai,Data Intake,Evening,407,17.8,6,4.5,90.83,35,Yes,1.474,Normal
101260,2026-05-26,Chennai,Publishing,Night,146,57.97,5,9.2,98.98,30,No,3.425,High Error Rate
102571,2026-05-26,Chennai,Publishing,Evening,612,38.37,8,18.2,97.71,30,No,1.307,SLA Breach
103818,2026-05-26,Chennai,Publishing,Morning,250,21.87,9,9.6,92.33,30,Yes,3.6,High Error Rate
104288,2026-05-26,Chennai,Publishing,Evening,351,71.68,6,8.6,95.12,30,No,1.709,SLA Breach
104810,2026-05-26,Chennai,Publishing,Evening,284,64.8,3,37.8,94.92,30,No,1.056,SLA Breach
105421,2026-05-26,Chennai,Publishing,Evening,268,23.14,5,17.1,96.67,30,Yes,1.866,Normal
100654,2026-05-26,Chennai,Quality Review,Morning,425,44.82,4,16.7,97.22,60,Yes,0.941,Normal
100852,2026-05-26,Chennai,Quality Review,Morning,408,45.68,5,5.2,96.33,60,Yes,1.225,Normal
101199,2026-05-26,Chennai,Quality Review,Morning,106,46.57,6,11.4,98.27,60,Yes,5.66,High Error Rate
103057,2026-05-26,Chennai,Validation,Morning,504,35.05,6,5.6,92.16,55,Yes,1.19,Normal
105215,2026-05-26,Chennai,Validation,Evening,201,53.52,7,25.3,98.36,55,Yes,3.483,High Error Rate
104975,2026-05-26,Hyderabad,Data Intake,Morning,113,44.35,5,21.6,93.75,35,No,4.425,High Error Rate
105332,2026-05-26,Hyderabad,Enrichment,Morning,387,83.85,8,0.0,90.52,65,No,2.067,High Error Rate
102296,2026-05-26,Hyderabad,Publishing,Night,88,24.6,6,7.3,91.29,30,Yes,6.818,High Error Rate
102497,2026-05-26,Pune,Data Intake,Night,537,31.49,9,2.2,89.86,35,Yes,1.676,Low Quality Score
102532,2026-05-26,Pune,Data Intake,Evening,594,59.27,1,18.3,93.32,35,No,0.168,SLA Breach
102535,2026-05-26,Pune,Data Intake,Morning,179,26.79,4,0.0,94.26,35,Yes,2.235,High Error Rate
103300,2026-05-26,Pune,Data Intake,Morning,170,49.27,4,17.3,92.94,35,No,2.353,High Error Rate
100092,2026-05-26,Pune,Enrichment,Evening,523,58.34,4,31.3,91.64,65,Yes,0.765,Normal
100103,2026-05-26,Pune,Enrichment,Evening,501,57.03,2,17.2,93.87,65,Yes,0.399,Normal
100428,2026-05-26,Pune,Enrichment,Evening,97,41.52,7,9.6,93.07,65,Yes,7.216,High Error Rate
100596,2026-05-26,Pune,Enrichment,Morning,218,62.26,6,0.0,89.91,65,Yes,2.752,Low Quality Score
101749,2026-05-26,Pune,Enrichment,Evening,335,94.43,3,0.0,89.79,65,No,0.896,Low Quality Score
103037,2026-05-26,Pune,Enrichment,Evening,340,56.97,3,3.6,99.18,65,Yes,0.882,Normal
100551,2026-05-26,Pune,Publishing,Evening,202,36.86,4,0.0,92.55,30,No,1.98,SLA Breach
104753,2026-05-26,Pune,Publishing,Morning,114,39.4,4,0.0,99.15,30,No,3.509,High Error Rate
104976,2026-05-26,Pune,Quality Review,Morning,496,46.37,8,24.1,94.97,60,Yes,1.613,Normal
101334,2026-05-27,Bengaluru,Data Intake,Evening,408,58.91,0,5.6,93.2,35,No,0.0,SLA Breach
105444,2026-05-27,Bengaluru,Data Intake,Evening,627,17.29,4,20.7,85.87,35,Yes,0.638,Low Quality Score
104206,2026-05-27,Bengaluru,Enrichment,Night,513,39.6,6,0.0,92.22,65,Yes,1.17,Normal
100336,2026-05-27,Bengaluru,Publishing,Morning,561,62.44,3,23.7,97.62,30,No,0.535,SLA Breach
103713,2026-05-27,Bengaluru,Quality Review,Morning,626,95.62,4,7.6,94.12,60,No,0.639,SLA Breach
105589,2026-05-27,Bengaluru,Quality Review,Morning,195,36.59,8,0.0,92.47,60,Yes,4.103,High Error Rate
100291,2026-05-27,Bengaluru,Validation,Evening,236,61.72,3,18.5,93.51,55,No,1.271,SLA Breach
104054,2026-05-27,Bengaluru,Validation,Evening,196,94.6,2,33.3,90.5,55,No,1.02,SLA Breach
103833,2026-05-27,Chennai,Data Intake,Night,557,32.92,8,26.8,96.04,35,Yes,1.436,Normal
103246,2026-05-27,Chennai,Enrichment,Night,158,71.47,7,0.0,96.8,65,No,4.43,High Error Rate
103508,2026-05-27,Chennai,Enrichment,Morning,334,17.84,4,19.0,94.85,65,Yes,1.198,Normal
102935,2026-05-27,Chennai,Publishing,Morning,639,23.4,3,14.2,98.52,30,Yes,0.469,Normal
103868,2026-05-27,Chennai,Quality Review,Evening,381,63.07,6,0.0,97.65,60,No,1.575,SLA Breach
103198,2026-05-27,Chennai,Validation,Morning,397,41.55,8,16.6,88.5,55,Yes,2.015,Low Quality Score
100837,2026-05-27,Hyderabad,Data Intake,Morning,136,14.55,5,22.6,96.3,35,Yes,3.676,High Error Rate
100227,2026-05-27,Hyderabad,Publishing,Morning,216,16.73,5,0.0,88.36,30,Yes,2.315,Low Quality Score
102684,2026-05-27,Hyderabad,Publishing,Night,593,35.74,4,0.0,100.0,30,No,0.675,SLA Breach
101001,2026-05-27,Hyderabad,Quality Review,Evening,120,40.79,4,4.9,91.79,60,Yes,3.333,High Error Rate
101219,2026-05-27,Pune,Data Intake,Evening,600,15.7,5,14.4,92.51,35,Yes,0.833,Normal
102748,2026-05-27,Pune,Data Intake,Evening,240,45.95,4,0.0,93.19,35,No,1.667,SLA Breach
103010,2026-05-27,Pune,Enrichment,Morning,298,68.15,7,7.4,93.05,65,No,2.349,High Error Rate
103769,2026-05-27,Pune,Enrichment,Evening,200,41.43,4,0.0,96.92,65,Yes,2.0,Normal
105079,2026-05-27,Pune,Enrichment,Morning,413,40.64,4,2.5,90.59,65,Yes,0.969,Normal
105045,2026-05-27,Pune,Quality Review,Morning,388,35.74,6,4.5,97.37,60,Yes,1.546,Normal
102161,2026-05-27,Pune,Validation,Night,100,50.93,7,0.0,92.51,55,Yes,7.0,High Error Rate
101535,2026-05-28,Bengaluru,Data Intake,Morning,501,13.14,10,1.5,87.52,35,Yes,1.996,Low Quality Score
105706,2026-05-28,Bengaluru,Data Intake,Night,257,50.91,3,18.5,100.0,35,No,1.167,SLA Breach
101426,2026-05-28,Bengaluru,Enrichment,Morning,411,56.58,5,0.0,93.94,65,Yes,1.217,Normal
105121,2026-05-28,Bengaluru,Enrichment,Night,627,48.76,4,0.0,96.28,65,Yes,0.638,Normal
103078,2026-05-28,Bengaluru,Publishing,Evening,518,44.75,9,22.0,94.45,30,No,1.737,SLA Breach
101574,2026-05-28,Bengaluru,Validation,Morning,201,23.47,4,0.0,93.98,55,Yes,1.99,Normal
102159,2026-05-28,Bengaluru,Validation,Night,471,39.8,2,0.0,94.81,55,Yes,0.425,Normal
105658,2026-05-28,Bengaluru,Validation,Morning,292,50.06,6,10.5,97.17,55,Yes,2.055,High Error Rate
100741,2026-05-28,Chennai,Enrichment,Evening,115,43.17,4,0.0,94.6,65,Yes,3.478,High Error Rate
101965,2026-05-28,Chennai,Enrichment,Evening,374,44.85,2,16.4,89.35,65,Yes,0.535,Low Quality Score
105306,2026-05-28,Chennai,Enrichment,Evening,570,33.55,3,0.0,93.41,65,Yes,0.526,Normal
104392,2026-05-28,Chennai,Publishing,Morning,121,46.78,4,26.2,93.06,30,No,3.306,High Error Rate
105539,2026-05-28,Chennai,Publishing,Evening,363,15.13,5,8.7,96.0,30,Yes,1.377,Normal
103401,2026-05-28,Chennai,Quality Review,Evening,313,67.39,3,13.8,95.85,60,No,0.958,SLA Breach
104970,2026-05-28,Chennai,Quality Review,Morning,340,75.22,1,0.0,95.91,60,No,0.294,SLA Breach
105886,2026-05-28,Chennai,Quality Review,Morning,93,69.14,8,37.0,96.51,60,No,8.602,High Error Rate
101843,2026-05-28,Chennai,Validation,Morning,100,52.95,6,0.0,96.11,55,Yes,6.0,High Error Rate
103208,2026-05-28,Chennai,Validation,Night,437,28.58,4,0.0,93.01,55,Yes,0.915,Normal
105408,2026-05-28,Hyderabad,Quality Review,Evening,250,48.82,5,14.2,87.17,60,Yes,2.0,Low Quality Score
100166,2026-05-28,Hyderabad,Validation,Morning,246,60.27,5,0.0,93.2,55,No,2.033,High Error Rate
102196,2026-05-28,Pune,Enrichment,Night,635,25.31,5,0.5,97.97,65,Yes,0.787,Normal
100514,2026-05-28,Pune,Quality Review,Morning,111,47.76,7,0.0,95.5,60,Yes,6.306,High Error Rate
100885,2026-05-28,Pune,Validation,Evening,635,36.78,6,11.2,98.55,55,Yes,0.945,Normal
100867,2026-05-29,Bengaluru,Data Intake,Evening,389,40.07,5,4.6,100.0,35,No,1.285,SLA Breach
104998,2026-05-29,Bengaluru,Enrichment,Night,327,50.52,6,10.7,100.0,65,Yes,1.835,Normal
105238,2026-05-29,Bengaluru,Enrichment,Night,421,49.97,8,0.0,93.87,65,Yes,1.9,Normal
102288,2026-05-29,Bengaluru,Publishing,Evening,216,40.24,8,0.0,91.37,30,No,3.704,High Error Rate
105952,2026-05-29,Bengaluru,Quality Review,Night,144,50.72,5,11.3,96.56,60,Yes,3.472,High Error Rate
103169,2026-05-29,Bengaluru,Unknown,Night,520,25.45,5,6.9,93.83,55,Yes,0.962,Normal
102984,2026-05-29,Bengaluru,Validation,Evening,81,22.29,3,9.1,98.62,55,Yes,3.704,High Error Rate
103082,2026-05-29,Chennai,Publishing,Evening,224,22.97,4,2.0,97.25,30,Yes,1.786,Normal
105833,2026-05-29,Chennai,Publishing,Morning,413,45.78,7,15.5,92.66,30,No,1.695,SLA Breach
101964,2026-05-29,Chennai,Quality Review,Night,307,50.47,7,21.8,88.53,60,Yes,2.28,Low Quality Score
102873,2026-05-29,Chennai,Quality Review,Morning,444,70.72,6,12.4,98.84,60,No,1.351,SLA Breach
103364,2026-05-29,Chennai,Quality Review,Evening,321,48.54,8,15.6,99.21,60,Yes,2.492,High Error Rate
100849,2026-05-29,Chennai,Validation,Night,493,53.74,8,0.0,100.0,55,Yes,1.623,Normal
102326,2026-05-29,Chennai,Validation,Evening,152,58.16,3,2.2,98.93,55,No,1.974,SLA Breach
102334,2026-05-29,Chennai,Validation,Night,445,44.32,3,0.0,96.41,55,Yes,0.674,Normal
102945,2026-05-29,Chennai,Validation,Evening,468,65.98,4,22.5,93.24,55,No,0.855,SLA Breach
105278,2026-05-29,Hyderabad,Data Intake,Morning,412,28.05,4,7.2,95.67,35,Yes,0.971,Normal
102338,2026-05-29,Hyderabad,Enrichment,Evening,645,30.56,6,21.2,94.97,65,Yes,0.93,Normal
103455,2026-05-29,Hyderabad,Enrichment,Night,317,45.84,8,19.7,96.43,65,Yes,2.524,High Error Rate
105394,2026-05-29,Hyderabad,Publishing,Evening,402,17.81,5,5.9,98.37,30,Yes,1.244,Normal
105189,2026-05-29,Hyderabad,Quality Review,Evening,253,60.92,3,5.4,93.75,60,No,1.186,SLA Breach
105356,2026-05-29,Hyderabad,Quality Review,Morning,172,59.63,5,0.0,96.18,60,Yes,2.907,High Error Rate
101025,2026-05-29,Hyderabad,Validation,Night,96,82.9,3,0.0,97.25,55,No,3.125,High Error Rate
101231,2026-05-29,Pune,Enrichment,Morning,104,42.31,4,18.5,95.38,65,Yes,3.846,High Error Rate
102372,2026-05-29,Pune,Enrichment,Evening,111,35.19,3,0.0,95.59,65,Yes,2.703,High Error Rate
100028,2026-05-29,Pune,Publishing,Evening,228,15.82,7,15.1,91.74,30,Yes,3.07,High Error Rate
105224,2026-05-29,Pune,Publishing,Night,206,24.15,3,13.0,97.54,30,Yes,1.456,Normal
104374,2026-05-29,Pune,Quality Review,Evening,155,55.09,6,52.7,94.26,60,Yes,3.871,High Error Rate
105984,2026-05-29,Pune,Quality Review,Evening,454,47.48,5,2.1,94.63,60,Yes,1.101,Normal
100149,2026-05-29,Pune,Validation,Morning,91,35.78,5,0.0,99.81,55,Yes,5.495,High Error Rate
101264,2026-05-29,Pune,Validation,Morning,154,54.57,6,0.0,97.48,55,Yes,3.896,High Error Rate
102516,2026-05-29,Pune,Validation,Morning,230,45.08,4,7.3,99.96,55,Yes,1.739,Normal
104637,2026-05-30,Bengaluru,Data Intake,Evening,217,14.72,3,6.0,92.58,35,Yes,1.382,Normal
100524,2026-05-30,Bengaluru,Enrichment,Morning,293,46.25,7,1.1,95.25,65,Yes,2.389,High Error Rate
101587,2026-05-30,Bengaluru,Enrichment,Evening,394,33.96,6,1.6,97.98,65,Yes,1.523,Normal
104356,2026-05-30,Bengaluru,Enrichment,Morning,279,57.42,8,4.9,89.69,65,Yes,2.867,Low Quality Score
100553,2026-05-30,Bengaluru,Quality Review,Evening,353,31.58,2,17.6,96.99,60,Yes,0.567,Normal
104223,2026-05-30,Bengaluru,Quality Review,Morning,143,42.96,5,2.2,97.5,60,Yes,3.497,High Error Rate
105283,2026-05-30,Bengaluru,Quality Review,Evening,303,65.76,7,0.0,91.13,60,No,2.31,High Error Rate
100302,2026-05-30,Bengaluru,Validation,Morning,373,53.19,5,0.0,88.98,55,Yes,1.34,Low Quality Score
104666,2026-05-30,Bengaluru,Validation,Morning,463,41.87,4,8.7,88.25,55,Yes,0.864,Low Quality Score
100794,2026-05-30,Chennai,Data Intake,Morning,124,49.95,7,0.0,94.85,35,No,5.645,High Error Rate
102424,2026-05-30,Chennai,Data Intake,Morning,560,21.22,9,2.8,89.46,35,Yes,1.607,Low Quality Score
100038,2026-05-30,Chennai,Enrichment,Morning,264,35.72,5,0.0,92.92,65,Yes,1.894,Normal
104934,2026-05-30,Chennai,Enrichment,Morning,343,32.33,5,1.7,89.41,65,Yes,1.458,Low Quality Score
103523,2026-05-30,Chennai,Publishing,Night,156,29.84,3,2.1,99.87,30,Yes,1.923,Normal
104862,2026-05-30,Chennai,Publishing,Evening,522,19.41,2,0.0,97.91,30,Yes,0.383,Normal
105148,2026-05-30,Chennai,Publishing,Evening,462,33.32,8,6.9,97.42,30,No,1.732,SLA Breach
101923,2026-05-30,Chennai,Quality Review,Night,405,61.98,1,0.0,93.9,60,No,0.247,SLA Breach
102081,2026-05-30,Chennai,Quality Review,Night,576,98.22,5,0.0,90.81,60,No,0.868,SLA Breach
104623,2026-05-30,Chennai,Quality Review,Night,224,56.7,4,0.3,94.55,60,Yes,1.786,Normal
105993,2026-05-30,Chennai,Validation,Morning,368,54.53,4,20.4,95.56,55,Yes,1.087,Normal
101987,2026-05-30,Hyderabad,Data Intake,Morning,303,33.2,5,19.1,91.52,35,Yes,1.65,Normal
102610,2026-05-30,Hyderabad,Data Intake,Morning,530,45.97,11,21.1,97.76,35,No,2.075,High Error Rate
105427,2026-05-30,Hyderabad,Data Intake,Night,199,33.03,5,0.0,99.97,35,Yes,2.513,High Error Rate
103890,2026-05-30,Hyderabad,Enrichment,Night,468,51.15,12,28.6,100.0,65,Yes,2.564,High Error Rate
104243,2026-05-30,Hyderabad,Publishing,Evening,192,30.02,2,0.0,97.62,30,No,1.042,SLA Breach
105291,2026-05-30,Hyderabad,Publishing,Night,423,31.93,2,0.0,90.92,30,No,0.473,SLA Breach
105668,2026-05-30,Hyderabad,Publishing,Night,105,14.5,0,9.3,94.99,30,Yes,0.0,Normal
103540,2026-05-30,Hyderabad,Quality Review,Morning,460,51.46,9,0.0,99.89,60,Yes,1.957,Normal
102406,2026-05-30,Hyderabad,Validation,Evening,170,81.39,9,10.4,95.22,55,No,5.294,High Error Rate
100433,2026-05-30,Pune,Enrichment,Night,212,53.43,8,12.8,98.57,65,Yes,3.774,High Error Rate
101040,2026-05-30,Pune,Enrichment,Morning,584,84.29,8,23.8,93.91,65,No,1.37,SLA Breach
101603,2026-05-30,Pune,Publishing,Morning,509,30.01,7,20.6,89.18,30,No,1.375,Low Quality Score
104735,2026-05-30,Pune,Publishing,Evening,457,93.26,4,1.5,98.79,30,No,0.875,SLA Breach
100605,2026-05-30,Pune,Validation,Evening,203,104.52,4,64.4,95.55,55,No,1.97,SLA Breach
103521,2026-05-30,Pune,Validation,Morning,234,35.65,3,40.2,99.01,55,Yes,1.282,Normal
103067,2026-05-31,Bengaluru,Data Intake,Morning,516,53.34,5,3.8,89.81,35,No,0.969,Low Quality Score
100545,2026-05-31,Bengaluru,Enrichment,Night,585,23.5,7,15.8,97.22,65,Yes,1.197,Normal
104073,2026-05-31,Bengaluru,Enrichment,Night,435,36.71,8,2.8,100.0,65,Yes,1.839,Normal
104661,2026-05-31,Bengaluru,Enrichment,Evening,399,93.03,10,8.7,98.49,65,No,2.506,High Error Rate
104675,2026-05-31,Bengaluru,Enrichment,Evening,144,48.7,2,17.4,89.74,65,Yes,1.389,Low Quality Score
103740,2026-05-31,Bengaluru,Quality Review,Morning,517,57.18,5,5.6,92.28,60,Yes,0.967,Normal
103440,2026-05-31,Bengaluru,Validation,Morning,355,49.05,7,26.4,87.42,55,Yes,1.972,Low Quality Score
105058,2026-05-31,Bengaluru,Validation,Night,435,64.27,1,0.0,97.37,55,No,0.23,SLA Breach
100334,2026-05-31,Chennai,Enrichment,Evening,214,42.54,6,0.2,98.64,65,Yes,2.804,High Error Rate
103625,2026-05-31,Chennai,Publishing,Morning,497,21.76,3,0.0,95.61,30,Yes,0.604,Normal
105657,2026-05-31,Chennai,Publishing,Evening,540,24.24,7,20.3,92.33,30,Yes,1.296,Normal
102286,2026-05-31,Chennai,Validation,Morning,613,48.3,2,19.9,95.67,55,Yes,0.326,Normal
103127,2026-05-31,Chennai,Validation,Morning,389,21.46,2,0.0,94.66,55,Yes,0.514,Normal
104539,2026-05-31,Chennai,Validation,Morning,387,33.15,2,41.6,93.53,55,Yes,0.517,Normal
100582,2026-05-31,Hyderabad,Data Intake,Morning,581,43.05,5,9.0,93.79,35,No,0.861,SLA Breach
103190,2026-05-31,Hyderabad,Data Intake,Night,302,53.46,6,4.4,100.0,35,No,1.987,SLA Breach
105883,2026-05-31,Hyderabad,Data Intake,Night,530,14.29,2,9.2,95.28,35,Yes,0.377,Normal
105963,2026-05-31,Hyderabad,Data Intake,Evening,265,20.94,6,17.6,88.51,35,Yes,2.264,Low Quality Score
101971,2026-05-31,Hyderabad,Enrichment,Evening,225,58.32,10,9.9,95.6,65,Yes,4.444,High Error Rate
102246,2026-05-31,Hyderabad,Enrichment,Morning,571,91.56,3,0.0,92.55,65,No,0.525,SLA Breach
100611,2026-05-31,Hyderabad,Publishing,Morning,493,44.89,5,16.5,97.14,30,No,1.014,SLA Breach
103381,2026-05-31,Hyderabad,Quality Review,Morning,86,55.4,4,0.0,94.09,60,Yes,4.651,High Error Rate
103630,2026-05-31,Hyderabad,Quality Review,Night,604,35.88,9,7.9,93.95,60,Yes,1.49,Normal
105265,2026-05-31,Hyderabad,Quality Review,Evening,449,34.25,2,0.0,91.01,60,Yes,0.445,Normal
100084,2026-05-31,Hyderabad,Validation,Evening,315,62.81,8,33.6,97.01,55,No,2.54,High Error Rate
100482,2026-05-31,Hyderabad,Validation,Morning,118,43.44,8,0.0,100.0,55,Yes,6.78,High Error Rate
105087,2026-05-31,Pune,Data Intake,Night,218,47.36,4,37.6,90.21,35,No,1.835,SLA Breach
100090,2026-05-31,Pune,Enrichment,Evening,519,72.55,3,0.0,97.17,65,No,0.578,SLA Breach
105008,2026-05-31,Pune,Publishing,Evening,299,21.22,2,35.0,91.06,30,Yes,0.669,Normal
100388,2026-05-31,Pune,Quality Review,Morning,344,48.7,4,15.9,95.47,60,Yes,1.163,Normal
102455,2026-05-31,Pune,Quality Review,Morning,583,73.46,2,29.1,93.74,60,No,0.343,SLA Breach
100101,2026-05-31,Pune,Validation,Evening,315,49.74,3,9.5,100.0,55,Yes,0.952,Normal
102822,2026-05-31,Pune,Validation,Morning,326,33.96,2,0.0,92.28,55,Yes,0.613,Normal
104722,2026-05-31,Pune,Validation,Night,250,59.26,2,21.9,92.49,55,No,0.8,SLA Breach
100816,2026-06-01,Bengaluru,Data Intake,Evening,631,20.42,2,0.1,92.73,35,Yes,0.317,Normal
101016,2026-06-01,Bengaluru,Data Intake,Morning,439,13.37,3,25.9,98.77,35,Yes,0.683,Normal
104973,2026-06-01,Bengaluru,Data Intake,Night,512,47.66,4,10.2,91.29,35,No,0.781,SLA Breach
101659,2026-06-01,Bengaluru,Enrichment,Evening,177,86.96,6,8.8,100.0,65,No,3.39,High Error Rate
103051,2026-06-01,Bengaluru,Enrichment,Night,561,84.08,7,16.0,90.42,65,No,1.248,SLA Breach
103230,2026-06-01,Bengaluru,Enrichment,Evening,517,39.94,5,0.0,93.7,65,Yes,0.967,Normal
104891,2026-06-01,Bengaluru,Publishing,Evening,519,12.88,8,23.7,95.65,30,Yes,1.541,Normal
100019,2026-06-01,Bengaluru,Quality Review,Morning,616,57.74,8,0.0,95.21,60,Yes,1.299,Normal
101080,2026-06-01,Bengaluru,Quality Review,Morning,102,69.37,3,20.3,95.18,60,No,2.941,High Error Rate
103148,2026-06-01,Bengaluru,Quality Review,Night,280,56.29,6,12.8,93.51,60,Yes,2.143,High Error Rate
104847,2026-06-01,Bengaluru,Quality Review,Night,486,22.55,1,0.0,94.6,60,Yes,0.206,Normal
105032,2026-06-01,Bengaluru,Quality Review,Evening,80,107.02,7,9.1,98.38,60,No,8.75,High Error Rate
101650,2026-06-01,Bengaluru,Validation,Night,164,27.46,4,1.0,87.59,55,Yes,2.439,Low Quality Score
102790,2026-06-01,Bengaluru,Validation,Morning,501,56.55,4,17.5,98.27,55,No,0.798,SLA Breach
104483,2026-06-01,Bengaluru,Validation,Night,583,51.39,1,7.7,90.06,55,Yes,0.172,Normal
105582,2026-06-01,Bengaluru,Validation,Evening,545,43.63,4,11.9,95.75,55,Yes,0.734,Normal
101969,2026-06-01,Chennai,Enrichment,Morning,299,41.37,8,0.0,97.53,65,Yes,2.676,High Error Rate
105203,2026-06-01,Chennai,Publishing,Night,252,23.62,5,13.4,95.22,30,Yes,1.984,Normal
100868,2026-06-01,Chennai,Quality Review,Morning,220,50.66,9,37.9,95.72,60,Yes,4.091,High Error Rate
105164,2026-06-01,Chennai,Quality Review,Evening,223,88.28,4,6.4,94.07,60,No,1.794,SLA Breach
105506,2026-06-01,Chennai,Quality Review,Evening,601,85.4,2,33.8,90.21,60,No,0.333,SLA Breach
105731,2026-06-01,Chennai,Quality Review,Night,472,71.51,4,24.9,91.21,60,No,0.847,SLA Breach
101961,2026-06-01,Chennai,Validation,Night,214,35.52,8,5.7,92.77,55,Yes,3.738,High Error Rate
104366,2026-06-01,Chennai,Validation,Night,268,37.7,3,14.6,93.04,55,Yes,1.119,Normal
101097,2026-06-01,Hyderabad,Data Intake,Morning,103,44.7,3,8.8,93.94,35,No,2.913,High Error Rate
101865,2026-06-01,Hyderabad,Enrichment,Night,609,62.59,5,0.0,91.23,65,Yes,0.821,Normal
102704,2026-06-01,Hyderabad,Enrichment,Morning,392,53.77,8,16.6,95.47,65,Yes,2.041,High Error Rate
102863,2026-06-01,Hyderabad,Publishing,Morning,296,41.64,2,20.3,97.29,30,No,0.676,SLA Breach
100589,2026-06-01,Hyderabad,Quality Review,Morning,292,58.43,3,0.0,96.56,60,Yes,1.027,Normal
101933,2026-06-01,Hyderabad,Quality Review,Morning,643,68.57,4,0.0,94.75,60,No,0.622,SLA Breach
104943,2026-06-01,Hyderabad,Quality Review,Morning,452,49.55,8,8.7,93.43,60,Yes,1.77,Normal
104696,2026-06-01,Hyderabad,Validation,Morning,627,44.96,3,11.9,100.0,55,Yes,0.478,Normal
105935,2026-06-01,Pune,Publishing,Evening,212,15.68,9,0.0,91.54,30,Yes,4.245,High Error Rate
101086,2026-06-01,Pune,Quality Review,Evening,92,50.08,4,6.8,94.38,60,Yes,4.348,High Error Rate
102208,2026-06-01,Pune,Quality Review,Morning,435,31.21,1,0.0,97.55,60,Yes,0.23,Normal
102784,2026-06-01,Pune,Quality Review,Night,578,34.96,3,17.9,88.74,60,Yes,0.519,Low Quality Score
103507,2026-06-01,Pune,Quality Review,Evening,590,24.26,2,0.9,95.69,60,Yes,0.339,Normal
101144,2026-06-02,Bengaluru,Data Intake,Night,308,53.02,3,13.9,92.65,35,No,0.974,SLA Breach
101599,2026-06-02,Bengaluru,Data Intake,Night,331,34.7,7,16.1,89.58,35,Yes,2.115,Low Quality Score
105733,2026-06-02,Bengaluru,Data Intake,Night,508,37.74,5,7.3,88.46,35,No,0.984,Low Quality Score
103572,2026-06-02,Bengaluru,Publishing,Evening,443,36.55,5,29.5,95.3,30,No,1.129,SLA Breach
104785,2026-06-02,Bengaluru,Publishing,Morning,508,24.53,5,21.5,95.71,30,Yes,0.984,Normal
103459,2026-06-02,Bengaluru,Quality Review,Night,129,63.88,9,13.5,92.01,60,No,6.977,High Error Rate
105322,2026-06-02,Bengaluru,Quality Review,Night,635,64.55,6,0.0,89.35,60,No,0.945,Low Quality Score
104108,2026-06-02,Bengaluru,Validation,Evening,570,97.2,2,23.1,97.06,55,No,0.351,SLA Breach
105484,2026-06-02,Bengaluru,Validation,Morning,562,76.42,5,14.2,92.66,55,No,0.89,SLA Breach
100590,2026-06-02,Chennai,Data Intake,Night,440,51.21,7,14.2,91.47,35,No,1.591,SLA Breach
104641,2026-06-02,Chennai,Data Intake,Morning,125,23.13,6,27.6,100.0,35,Yes,4.8,High Error Rate
105453,2026-06-02,Chennai,Data Intake,Morning,92,29.84,8,19.1,91.66,35,Yes,8.696,High Error Rate
100459,2026-06-02,Chennai,Enrichment,Morning,609,93.12,6,39.6,90.69,65,No,0.985,SLA Breach
102451,2026-06-02,Chennai,Publishing,Morning,272,20.0,3,7.5,89.17,30,Yes,1.103,Low Quality Score
101126,2026-06-02,Chennai,Validation,Night,139,30.98,3,0.0,96.81,55,Yes,2.158,High Error Rate
102457,2026-06-02,Chennai,Validation,Evening,333,81.11,5,30.2,95.6,55,No,1.502,SLA Breach
102826,2026-06-02,Chennai,Validation,Night,540,72.14,7,6.5,91.5,55,No,1.296,SLA Breach
104548,2026-06-02,Chennai,Validation,Evening,512,74.3,5,18.3,97.09,55,No,0.977,SLA Breach
100963,2026-06-02,Hyderabad,Data Intake,Evening,342,42.56,6,18.9,95.32,35,No,1.754,SLA Breach
104280,2026-06-02,Hyderabad,Enrichment,Evening,151,72.28,10,4.9,93.47,65,No,6.623,High Error Rate
102168,2026-06-02,Hyderabad,Publishing,Morning,254,17.68,4,19.9,94.29,30,Yes,1.575,Normal
101500,2026-06-02,Hyderabad,Quality Review,Morning,376,72.62,5,0.0,91.47,60,No,1.33,SLA Breach
100093,2026-06-02,Pune,Data Intake,Morning,457,17.11,5,26.0,89.49,35,Yes,1.094,Low Quality Score
101093,2026-06-02,Pune,Data Intake,Morning,136,42.14,7,7.5,98.59,35,No,5.147,High Error Rate
101125,2026-06-02,Pune,Data Intake,Evening,381,18.04,7,0.0,94.17,35,Yes,1.837,Normal
100723,2026-06-02,Pune,Enrichment,Night,583,33.32,4,17.3,95.58,65,Yes,0.686,Normal
103231,2026-06-02,Pune,Enrichment,Morning,270,52.98,3,19.8,89.94,65,Yes,1.111,Low Quality Score
101024,2026-06-02,Pune,Publishing,Evening,381,20.9,7,10.7,86.28,30,Yes,1.837,Low Quality Score
105011,2026-06-02,Pune,Publishing,Evening,219,38.86,5,19.5,90.03,30,No,2.283,High Error Rate
105538,2026-06-02,Pune,Publishing,Evening,313,27.23,3,6.5,94.88,30,Yes,0.958,Normal
102439,2026-06-02,Pune,Quality Review,Morning,401,60.0,5,19.2,96.51,60,Yes,1.247,Normal
104002,2026-06-02,Pune,Quality Review,Night,580,77.09,5,17.9,96.13,60,No,0.862,SLA Breach
100513,2026-06-02,Pune,Validation,Night,476,95.97,0,0.0,94.7,55,No,0.0,SLA Breach
104919,2026-06-02,Pune,Validation,Morning,617,42.7,3,14.3,91.14,55,Yes,0.486,Normal
103778,2026-06-03,Bengaluru,Data Intake,Morning,543,38.25,5,27.8,95.05,35,No,0.921,SLA Breach
104475,2026-06-03,Bengaluru,Enrichment,Morning,278,38.31,5,2.9,95.68,65,Yes,1.799,Normal
105300,2026-06-03,Bengaluru,Enrichment,Morning,230,49.45,10,10.0,93.2,65,Yes,4.348,High Error Rate
101884,2026-06-03,Bengaluru,Publishing,Morning,382,22.64,5,0.0,89.63,30,Yes,1.309,Low Quality Score
101844,2026-06-03,Bengaluru,Quality Review,Evening,233,27.66,5,3.6,97.03,60,Yes,2.146,High Error Rate
102319,2026-06-03,Bengaluru,Quality Review,Morning,100,90.92,2,18.7,98.56,60,No,2.0,SLA Breach
102621,2026-06-03,Bengaluru,Quality Review,Morning,210,42.66,8,18.2,95.68,60,Yes,3.81,High Error Rate
100361,2026-06-03,Bengaluru,Validation,Night,185,56.06,6,13.2,97.89,55,No,3.243,High Error Rate
101007,2026-06-03,Bengaluru,Validation,Night,342,50.58,6,16.5,89.61,55,Yes,1.754,Low Quality Score
103316,2026-06-03,Bengaluru,Validation,Evening,272,42.78,6,8.2,93.8,55,Yes,2.206,High Error Rate
103334,2026-06-03,Bengaluru,Validation,Night,380,76.04,6,31.2,96.7,55,No,1.579,SLA Breach
103998,2026-06-03,Bengaluru,Validation,Evening,334,40.38,7,0.0,94.08,55,Yes,2.096,High Error Rate
100856,2026-06-03,Chennai,Data Intake,Night,540,50.16,6,38.4,100.0,35,No,1.111,SLA Breach
103156,2026-06-03,Chennai,Data Intake,Morning,547,20.99,3,0.0,94.62,35,Yes,0.548,Normal
105595,2026-06-03,Chennai,Data Intake,Evening,309,78.16,2,37.2,94.33,35,No,0.647,SLA Breach
102036,2026-06-03,Chennai,Publishing,Evening,214,77.88,6,0.0,93.88,30,No,2.804,High Error Rate
104857,2026-06-03,Chennai,Publishing,Evening,111,30.29,1,2.4,94.28,30,No,0.901,SLA Breach
101158,2026-06-03,Chennai,Quality Review,Night,437,34.75,3,21.0,90.95,60,Yes,0.686,Normal
101548,2026-06-03,Chennai,Validation,Evening,200,101.81,7,13.6,89.31,55,No,3.5,Low Quality Score
101863,2026-06-03,Chennai,Validation,Morning,306,33.22,8,6.7,86.34,55,Yes,2.614,Low Quality Score
103629,2026-06-03,Chennai,Validation,Morning,490,41.11,1,0.0,90.56,55,Yes,0.204,Normal
103710,2026-06-03,Chennai,Validation,Night,316,42.6,5,0.0,92.46,55,Yes,1.582,Normal
100297,2026-06-03,Hyderabad,Data Intake,Morning,480,21.11,10,19.2,98.66,35,Yes,2.083,High Error Rate
104839,2026-06-03,Hyderabad,Enrichment,Evening,276,51.61,9,8.4,92.81,65,Yes,3.261,High Error Rate
105590,2026-06-03,Hyderabad,Enrichment,Morning,278,66.03,7,8.5,92.01,65,No,2.518,High Error Rate
103918,2026-06-03,Hyderabad,Publishing,Evening,285,21.98,4,0.0,97.63,30,Yes,1.404,Normal
100775,2026-06-03,Hyderabad,Quality Review,Evening,357,39.3,6,0.0,95.96,60,Yes,1.681,Normal
103806,2026-06-03,Hyderabad,Validation,Evening,173,52.45,5,36.8,97.44,55,Yes,2.89,High Error Rate
103936,2026-06-03,Hyderabad,Validation,Evening,359,34.89,8,25.8,98.98,55,Yes,2.228,High Error Rate
104781,2026-06-03,Hyderabad,Validation,Night,598,49.73,3,15.2,92.81,55,Yes,0.502,Normal
104897,2026-06-03,Hyderabad,Validation,Evening,528,42.17,5,8.4,92.77,55,Yes,0.947,Normal
100865,2026-06-03,Pune,Data Intake,Evening,135,41.74,4,0.0,89.18,35,No,2.963,Low Quality Score
102149,2026-06-03,Pune,Data Intake,Morning,642,12.57,8,27.1,92.66,35,Yes,1.246,Normal
104057,2026-06-03,Pune,Data Intake,Evening,642,27.63,4,12.7,91.45,35,Yes,0.623,Normal
100477,2026-06-03,Pune,Enrichment,Morning,399,47.29,7,18.9,94.87,65,Yes,1.754,Normal
100650,2026-06-03,Pune,Enrichment,Morning,321,41.86,8,13.2,94.79,65,Yes,2.492,High Error Rate
104762,2026-06-03,Pune,Enrichment,Evening,449,66.25,10,13.9,100.0,65,No,2.227,High Error Rate
102919,2026-06-03,Pune,Publishing,Evening,311,24.75,2,0.0,98.72,30,Yes,0.643,Normal
104327,2026-06-03,Pune,Publishing,Night,162,15.31,12,6.2,94.51,30,Yes,7.407,High Error Rate
100780,2026-06-03,Pune,Quality Review,Morning,177,25.97,9,15.6,93.62,60,Yes,5.085,High Error Rate
101657,2026-06-03,Pune,Quality Review,Morning,449,66.92,6,16.0,92.95,60,No,1.336,SLA Breach
101163,2026-06-03,Pune,Validation,Evening,159,47.28,9,0.0,88.35,55,Yes,5.66,Low Quality Score
101127,2026-06-04,Bengaluru,Data Intake,Night,513,24.71,5,9.6,94.58,35,Yes,0.975,Normal
105401,2026-06-04,Bengaluru,Data Intake,Morning,538,48.25,4,10.8,96.09,35,No,0.743,SLA Breach
102673,2026-06-04,Bengaluru,Enrichment,Morning,291,57.38,5,12.1,96.64,65,Yes,1.718,Normal
105364,2026-06-04,Bengaluru,Enrichment,Morning,88,89.45,4,2.3,94.07,65,No,4.545,High Error Rate
101896,2026-06-04,Bengaluru,Publishing,Evening,388,27.91,4,0.0,95.67,30,Yes,1.031,Normal
102512,2026-06-04,Bengaluru,Publishing,Morning,572,46.91,7,40.6,92.79,30,No,1.224,SLA Breach
102640,2026-06-04,Bengaluru,Publishing,Night,435,64.16,0,0.0,96.17,30,No,0.0,SLA Breach
100560,2026-06-04,Bengaluru,Quality Review,Night,552,44.68,6,0.0,93.44,60,Yes,1.087,Normal
101150,2026-06-04,Bengaluru,Quality Review,Morning,512,60.59,7,0.0,92.74,60,No,1.367,SLA Breach
103966,2026-06-04,Bengaluru,Quality Review,Night,524,29.2,5,6.1,94.34,60,Yes,0.954,Normal
104319,2026-06-04,Bengaluru,Quality Review,Evening,135,37.68,5,11.0,96.55,60,Yes,3.704,High Error Rate
104184,2026-06-04,Bengaluru,Validation,Evening,311,37.65,6,0.0,98.47,55,Yes,1.929,Normal
105181,2026-06-04,Chennai,Enrichment,Morning,399,30.26,6,10.6,95.46,65,Yes,1.504,Normal
100125,2026-06-04,Chennai,Publishing,Evening,481,57.91,6,0.0,94.22,30,No,1.247,SLA Breach
100835,2026-06-04,Chennai,Publishing,Morning,330,31.28,3,0.0,91.29,30,No,0.909,SLA Breach
102377,2026-06-04,Chennai,Publishing,Night,593,32.51,9,0.0,97.9,30,No,1.518,SLA Breach
102150,2026-06-04,Chennai,Quality Review,Morning,491,28.21,8,4.4,97.68,60,Yes,1.629,Normal
100151,2026-06-04,Chennai,Validation,Morning,643,51.84,7,0.0,100.0,55,Yes,1.089,Normal
101465,2026-06-04,Chennai,Validation,Morning,621,16.08,1,13.2,95.09,55,Yes,0.161,Normal
102655,2026-06-04,Chennai,Validation,Morning,116,28.78,7,42.6,90.31,55,Yes,6.034,High Error Rate
105836,2026-06-04,Chennai,Validation,Evening,329,31.36,6,0.0,94.81,55,Yes,1.824,Normal
101310,2026-06-04,Hyderabad,Data Intake,Night,167,56.93,4,7.9,93.74,35,No,2.395,High Error Rate
104148,2026-06-04,Hyderabad,Data Intake,Night,307,37.67,10,13.4,86.21,35,No,3.257,Low Quality Score
101347,2026-06-04,Hyderabad,Enrichment,Evening,546,64.2,10,10.9,86.78,65,Yes,1.832,Low Quality Score
104704,2026-06-04,Hyderabad,Enrichment,Morning,158,92.51,4,12.8,94.91,65,No,2.532,High Error Rate
101401,2026-06-04,Hyderabad,Publishing,Night,313,24.14,2,7.4,94.28,30,Yes,0.639,Normal
101560,2026-06-04,Hyderabad,Publishing,Morning,329,30.87,4,18.2,97.42,30,No,1.216,SLA Breach
100146,2026-06-04,Hyderabad,Quality Review,Morning,565,59.51,4,16.0,88.79,60,Yes,0.708,Low Quality Score
104067,2026-06-04,Hyderabad,Quality Review,Evening,601,86.24,2,15.3,86.2,60,No,0.333,Low Quality Score
104971,2026-06-04,Hyderabad,Quality Review,Night,399,43.74,1,22.0,97.79,60,Yes,0.251,Normal
101552,2026-06-04,Hyderabad,Validation,Evening,115,20.29,5,38.8,94.17,55,Yes,4.348,High Error Rate
100882,2026-06-04,Pune,Data Intake,Evening,102,30.15,9,26.5,95.53,35,Yes,8.824,High Error Rate
105997,2026-06-04,Pune,Enrichment,Night,367,67.29,5,0.0,92.35,65,No,1.362,SLA Breach
100643,2026-06-04,Pune,Publishing,Morning,347,23.43,4,0.0,90.91,30,Yes,1.153,Normal
101314,2026-06-04,Pune,Publishing,Night,150,22.73,7,2.1,98.68,30,Yes,4.667,High Error Rate
102672,2026-06-04,Pune,Quality Review,Evening,314,23.84,1,11.3,100.0,60,Yes,0.318,Normal
103332,2026-06-04,Pune,Quality Review,Night,576,28.96,5,2.6,88.6,60,Yes,0.868,Low Quality Score
101856,2026-06-04,Pune,Validation,Morning,207,24.81,3,0.0,96.35,55,Yes,1.449,Normal
102994,2026-06-04,Pune,Validation,Morning,325,52.18,4,0.0,96.75,55,Yes,1.231,Normal
102198,2026-06-05,Bengaluru,Data Intake,Morning,609,24.38,4,24.6,97.26,35,Yes,0.657,Normal
103732,2026-06-05,Bengaluru,Data Intake,Morning,340,57.11,5,15.4,96.29,35,No,1.471,SLA Breach
104333,2026-06-05,Bengaluru,Enrichment,Evening,115,80.48,6,7.7,94.73,65,No,5.217,High Error Rate
104558,2026-06-05,Bengaluru,Publishing,Night,554,30.81,5,4.4,88.56,30,No,0.903,Low Quality Score
102153,2026-06-05,Bengaluru,Validation,Evening,294,87.66,3,24.8,96.98,55,No,1.02,SLA Breach
103985,2026-06-05,Bengaluru,Validation,Night,376,47.43,2,21.8,90.23,55,Yes,0.532,Normal
101419,2026-06-05,Chennai,Data Intake,Evening,407,18.62,2,23.7,89.28,35,Yes,0.491,Low Quality Score
102869,2026-06-05,Chennai,Data Intake,Evening,382,25.59,4,0.0,91.63,35,Yes,1.047,Normal
101706,2026-06-05,Chennai,Enrichment,Evening,161,37.61,5,0.0,95.27,65,Yes,3.106,High Error Rate
103962,2026-06-05,Chennai,Enrichment,Morning,602,52.47,7,0.4,93.42,65,Yes,1.163,Normal
105236,2026-06-05,Chennai,Enrichment,Evening,580,50.92,8,25.3,94.43,65,Yes,1.379,Normal
100668,2026-06-05,Chennai,Publishing,Night,620,19.52,7,23.1,88.9,30,Yes,1.129,Low Quality Score
100232,2026-06-05,Chennai,Quality Review,Night,203,58.51,3,0.0,87.16,60,Yes,1.478,Low Quality Score
101292,2026-06-05,Chennai,Quality Review,Morning,357,18.43,7,0.0,93.31,60,Yes,1.961,Normal
102482,2026-06-05,Chennai,Quality Review,Morning,333,18.17,9,0.0,90.84,60,Yes,2.703,High Error Rate
103339,2026-06-05,Chennai,Quality Review,Night,541,69.65,5,12.8,89.92,60,No,0.924,Low Quality Score
103379,2026-06-05,Chennai,Quality Review,Night,141,26.57,3,1.3,96.96,60,Yes,2.128,High Error Rate
104312,2026-06-05,Chennai,Quality Review,Night,571,67.32,0,11.7,92.45,60,No,0.0,SLA Breach
100610,2026-06-05,Chennai,Validation,Evening,417,34.62,3,13.2,96.14,55,Yes,0.719,Normal
104451,2026-06-05,Chennai,Validation,Night,84,43.68,5,0.0,91.5,55,Yes,5.952,High Error Rate
104142,2026-06-05,Hyderabad,Data Intake,Night,524,12.47,5,7.9,91.23,35,Yes,0.954,Normal
101042,2026-06-05,Hyderabad,Enrichment,Evening,588,80.8,10,4.6,96.32,65,No,1.701,SLA Breach
100037,2026-06-05,Hyderabad,Publishing,Night,570,15.73,4,0.0,92.92,30,Yes,0.702,Normal
102332,2026-06-05,Hyderabad,Publishing,Morning,255,25.79,8,13.9,100.0,30,Yes,3.137,High Error Rate
103578,2026-06-05,Hyderabad,Publishing,Morning,491,25.01,8,3.5,98.75,30,Yes,1.629,Normal
100006,2026-06-05,Hyderabad,Quality Review,Morning,523,82.81,8,10.8,91.61,60,No,1.53,SLA Breach
102098,2026-06-05,Hyderabad,Quality Review,Evening,504,43.66,7,0.0,92.12,60,Yes,1.389,Normal
105430,2026-06-05,Hyderabad,Quality Review,Morning,241,67.68,5,0.0,100.0,60,No,2.075,High Error Rate
103264,2026-06-05,Hyderabad,Validation,Evening,544,32.77,2,14.4,92.05,55,Yes,0.368,Normal
105489,2026-06-05,Hyderabad,Validation,Evening,163,27.12,6,0.0,95.79,55,Yes,3.681,High Error Rate
101247,2026-06-05,Pune,Data Intake,Evening,576,36.62,4,0.0,94.05,35,No,0.694,SLA Breach
103107,2026-06-05,Pune,Quality Review,Morning,475,42.26,4,0.0,96.32,60,Yes,0.842,Normal
105156,2026-06-05,Pune,Quality Review,Night,136,32.59,5,11.7,91.71,60,Yes,3.676,High Error Rate
105663,2026-06-05,Pune,Quality Review,Evening,218,29.39,4,20.3,95.3,60,Yes,1.835,Normal
101735,2026-06-05,Pune,Validation,Morning,364,36.05,5,11.5,99.31,55,Yes,1.374,Normal
103873,2026-06-06,Bengaluru,Data Intake,Evening,518,17.63,10,0.0,87.81,35,Yes,1.931,Low Quality Score
102558,2026-06-06,Bengaluru,Publishing,Night,116,43.45,7,26.1,91.66,30,No,6.034,High Error Rate
102601,2026-06-06,Bengaluru,Publishing,Evening,470,37.65,11,0.0,89.53,30,No,2.34,Low Quality Score
104944,2026-06-06,Bengaluru,Validation,Morning,228,20.23,3,6.8,99.34,55,Yes,1.316,Normal
105187,2026-06-06,Bengaluru,Validation,Morning,605,67.82,3,49.9,90.87,55,No,0.496,SLA Breach
100427,2026-06-06,Chennai,Data Intake,Night,98,50.15,5,0.0,87.92,35,No,5.102,Low Quality Score
103881,2026-06-06,Chennai,Data Intake,Morning,565,19.13,5,9.8,94.96,35,Yes,0.885,Normal
104749,2026-06-06,Chennai,Data Intake,Morning,113,29.06,3,0.5,97.01,35,Yes,2.655,High Error Rate
101214,2026-06-06,Chennai,Enrichment,Morning,417,44.19,2,0.0,97.51,65,Yes,0.48,Normal
102903,2026-06-06,Chennai,Enrichment,Night,216,16.94,6,0.6,89.83,65,Yes,2.778,Low Quality Score
105989,2026-06-06,Chennai,Enrichment,Evening,434,45.14,2,20.1,100.0,65,Yes,0.461,Normal
101521,2026-06-06,Chennai,Publishing,Night,177,16.71,2,0.0,94.4,30,Yes,1.13,Normal
101734,2026-06-06,Chennai,Publishing,Evening,558,26.66,4,11.7,99.0,30,Yes,0.717,Normal
101486,2026-06-06,Chennai,Quality Review,Night,80,22.93,6,23.2,90.22,60,Yes,7.5,High Error Rate
101325,2026-06-06,Chennai,Validation,Morning,201,27.52,5,21.6,92.38,55,Yes,2.488,High Error Rate
102818,2026-06-06,Chennai,Validation,Morning,235,43.12,3,0.0,94.64,55,Yes,1.277,Normal
103120,2026-06-06,Chennai,Validation,Evening,635,52.3,4,22.9,91.07,55,Yes,0.63,Normal
104694,2026-06-06,Chennai,Validation,Evening,155,30.43,7,0.0,95.55,55,Yes,4.516,High Error Rate
101509,2026-06-06,Hyderabad,Data Intake,Evening,147,24.39,8,14.3,88.2,35,Yes,5.442,Low Quality Score
101589,2026-06-06,Hyderabad,Data Intake,Night,212,57.02,4,0.0,96.01,35,No,1.887,SLA Breach
103463,2026-06-06,Hyderabad,Data Intake,Morning,293,18.43,12,20.2,94.03,35,Yes,4.096,High Error Rate
104149,2026-06-06,Hyderabad,Enrichment,Morning,501,66.47,6,0.0,95.4,65,No,1.198,SLA Breach
105173,2026-06-06,Hyderabad,Enrichment,Evening,518,56.29,11,12.9,100.0,65,Yes,2.124,High Error Rate
101280,2026-06-06,Hyderabad,Publishing,Morning,382,41.56,5,0.0,88.09,30,No,1.309,Low Quality Score
103456,2026-06-06,Hyderabad,Publishing,Night,613,23.96,4,11.4,93.28,30,Yes,0.653,Normal
105288,2026-06-06,Pune,Data Intake,Night,92,43.82,7,3.1,91.41,35,No,7.609,High Error Rate
100829,2026-06-06,Pune,Enrichment,Evening,166,64.04,3,0.0,95.68,65,Yes,1.807,Normal
102847,2026-06-06,Pune,Quality Review,Night,111,22.82,4,22.1,89.38,60,Yes,3.604,Low Quality Score
102906,2026-06-06,Pune,Quality Review,Morning,81,42.08,3,13.6,99.45,60,Yes,3.704,High Error Rate
103470,2026-06-06,Pune,Validation,Morning,630,39.93,2,23.6,98.7,55,Yes,0.317,Normal
102797,2026-06-07,Bengaluru,Enrichment,Night,205,41.14,5,0.0,94.14,65,Yes,2.439,High Error Rate
104817,2026-06-07,Bengaluru,Enrichment,Morning,178,38.14,6,45.3,93.45,65,Yes,3.371,High Error Rate
105797,2026-06-07,Bengaluru,Enrichment,Evening,447,57.88,5,0.0,91.82,65,Yes,1.119,Normal
104479,2026-06-07,Bengaluru,Quality Review,Morning,360,45.67,3,21.8,90.3,60,Yes,0.833,Normal
105119,2026-06-07,Bengaluru,Quality Review,Morning,344,38.24,4,0.0,93.52,60,Yes,1.163,Normal
101023,2026-06-07,Bengaluru,Validation,Night,152,38.02,2,32.5,93.54,55,Yes,1.316,Normal
104609,2026-06-07,Bengaluru,Validation,Morning,376,34.11,6,38.9,94.93,55,Yes,1.596,Normal
104674,2026-06-07,Bengaluru,Validation,Morning,550,37.01,4,12.3,89.03,55,Yes,0.727,Low Quality Score
105025,2026-06-07,Chennai,Enrichment,Night,485,65.68,10,16.6,98.86,65,No,2.062,High Error Rate
100492,2026-06-07,Chennai,Publishing,Morning,513,26.66,6,3.3,89.62,30,Yes,1.17,Low Quality Score
104540,2026-06-07,Chennai,Publishing,Evening,621,31.58,4,18.7,97.57,30,No,0.644,SLA Breach
100921,2026-06-07,Chennai,Validation,Morning,521,37.69,4,0.0,94.32,55,Yes,0.768,Normal
104426,2026-06-07,Chennai,Validation,Morning,380,56.0,6,0.0,91.33,55,No,1.579,SLA Breach
104550,2026-06-07,Chennai,Validation,Morning,379,79.52,4,10.8,95.77,55,No,1.055,SLA Breach
102879,2026-06-07,Hyderabad,Data Intake,Morning,572,45.45,9,0.0,87.94,35,No,1.573,Low Quality Score
103841,2026-06-07,Hyderabad,Enrichment,Evening,574,44.53,6,13.6,93.6,65,Yes,1.045,Normal
102756,2026-06-07,Hyderabad,Quality Review,Evening,561,69.84,6,6.4,90.39,60,No,1.07,SLA Breach
103340,2026-06-07,Hyderabad,Quality Review,Evening,415,77.96,5,0.9,92.77,60,No,1.205,SLA Breach
105400,2026-06-07,Hyderabad,Quality Review,Evening,288,42.25,4,0.0,96.67,60,Yes,1.389,Normal
100504,2026-06-07,Hyderabad,Validation,Night,369,51.23,5,14.3,85.63,55,Yes,1.355,Low Quality Score
105823,2026-06-07,Hyderabad,Validation,Evening,252,42.24,7,7.3,95.17,55,Yes,2.778,High Error Rate
104754,2026-06-07,Pune,Data Intake,Night,576,19.97,5,4.2,92.64,35,Yes,0.868,Normal
102105,2026-06-07,Pune,Publishing,Morning,294,24.71,3,4.6,96.18,30,Yes,1.02,Normal
103160,2026-06-07,Pune,Publishing,Morning,551,50.29,3,0.0,94.27,30,No,0.544,SLA Breach
105514,2026-06-07,Pune,Quality Review,Morning,397,54.11,5,19.1,100.0,60,Yes,1.259,Normal
102390,2026-06-07,Pune,Validation,Night,80,42.16,5,0.0,91.8,55,Yes,6.25,High Error Rate
103905,2026-06-08,Bengaluru,Data Intake,Morning,346,42.63,5,2.2,96.88,35,No,1.445,SLA Breach
105390,2026-06-08,Bengaluru,Data Intake,Evening,481,31.06,3,1.4,97.16,35,Yes,0.624,Normal
104922,2026-06-08,Bengaluru,Enrichment,Night,263,40.0,5,0.0,93.74,65,Yes,1.901,Normal
102678,2026-06-08,Bengaluru,Publishing,Evening,208,50.02,5,21.6,96.62,30,No,2.404,High Error Rate
101408,2026-06-08,Bengaluru,Quality Review,Morning,376,66.35,11,7.9,96.4,60,No,2.926,High Error Rate
101898,2026-06-08,Bengaluru,Quality Review,Night,293,63.85,2,11.1,87.5,60,No,0.683,Low Quality Score
105386,2026-06-08,Bengaluru,Quality Review,Night,395,91.4,6,0.0,89.01,60,No,1.519,Low Quality Score
102142,2026-06-08,Bengaluru,Validation,Morning,314,48.06,3,18.3,100.0,55,Yes,0.955,Normal
103418,2026-06-08,Chennai,Data Intake,Evening,120,68.78,7,39.3,90.82,35,No,5.833,High Error Rate
105900,2026-06-08,Chennai,Enrichment,Morning,427,63.61,5,0.2,92.86,65,Yes,1.171,Normal
101658,2026-06-08,Chennai,Quality Review,Morning,490,52.94,5,0.0,90.61,60,Yes,1.02,Normal
102001,2026-06-08,Chennai,Quality Review,Evening,248,28.9,5,0.0,100.0,60,Yes,2.016,High Error Rate
100781,2026-06-08,Chennai,Validation,Morning,627,89.94,6,0.0,96.01,55,No,0.957,SLA Breach
101716,2026-06-08,Chennai,Validation,Morning,173,37.27,3,18.0,94.74,55,Yes,1.734,Normal
102227,2026-06-08,Chennai,Validation,Morning,627,32.13,6,5.0,92.05,55,Yes,0.957,Normal
105845,2026-06-08,Hyderabad,Data Intake,Morning,286,38.74,6,0.0,93.61,35,No,2.098,High Error Rate
101824,2026-06-08,Hyderabad,Enrichment,Night,444,89.15,8,4.0,100.0,65,No,1.802,SLA Breach
101943,2026-06-08,Hyderabad,Enrichment,Morning,111,66.6,9,31.2,93.35,65,No,8.108,High Error Rate
105837,2026-06-08,Hyderabad,Enrichment,Night,605,57.11,8,10.3,93.67,65,Yes,1.322,Normal
102710,2026-06-08,Hyderabad,Quality Review,Evening,577,37.79,7,20.6,94.11,60,Yes,1.213,Normal
105624,2026-06-08,Hyderabad,Quality Review,Evening,534,97.78,4,5.5,96.78,60,No,0.749,SLA Breach
101245,2026-06-08,Hyderabad,Validation,Morning,98,36.89,4,0.0,93.18,55,Yes,4.082,High Error Rate
102386,2026-06-08,Hyderabad,Validation,Morning,84,57.04,1,0.0,97.2,55,No,1.19,SLA Breach
105960,2026-06-08,Hyderabad,Validation,Night,571,50.62,5,16.7,91.05,55,Yes,0.876,Normal
105242,2026-06-08,Pune,Data Intake,Morning,196,37.6,1,24.9,93.36,35,No,0.51,SLA Breach
100396,2026-06-08,Pune,Quality Review,Night,540,72.83,0,37.2,95.28,60,No,0.0,SLA Breach
100558,2026-06-08,Pune,Quality Review,Morning,382,59.12,8,0.0,91.17,60,Yes,2.094,High Error Rate
104472,2026-06-08,Pune,Quality Review,Evening,97,40.06,3,5.7,96.42,60,Yes,3.093,High Error Rate
103358,2026-06-08,Pune,Validation,Morning,408,39.63,6,15.6,100.0,55,Yes,1.471,Normal
101141,2026-06-09,Bengaluru,Data Intake,Evening,562,20.1,7,0.0,91.93,35,Yes,1.246,Normal
101815,2026-06-09,Bengaluru,Data Intake,Night,187,22.3,7,0.0,96.53,35,Yes,3.743,High Error Rate
105868,2026-06-09,Bengaluru,Data Intake,Morning,464,19.31,6,0.0,97.05,35,Yes,1.293,Normal
102652,2026-06-09,Bengaluru,Enrichment,Evening,649,54.18,7,0.0,87.95,65,Yes,1.079,Low Quality Score
104330,2026-06-09,Bengaluru,Enrichment,Night,251,50.26,4,0.0,95.61,65,Yes,1.594,Normal
101893,2026-06-09,Bengaluru,Publishing,Morning,489,30.08,6,11.1,100.0,30,No,1.227,SLA Breach
102304,2026-06-09,Bengaluru,Publishing,Evening,559,40.79,6,0.0,91.12,30,No,1.073,SLA Breach
103428,2026-06-09,Bengaluru,Publishing,Night,301,45.35,6,3.6,92.71,30,No,1.993,SLA Breach
103046,2026-06-09,Bengaluru,Quality Review,Morning,446,26.57,2,0.0,97.65,60,Yes,0.448,Normal
103548,2026-06-09,Bengaluru,Validation,Night,88,49.27,5,14.3,95.31,55,Yes,5.682,High Error Rate
101201,2026-06-09,Chennai,Quality Review,Morning,588,65.1,7,0.0,96.61,60,No,1.19,SLA Breach
101634,2026-06-09,Chennai,Quality Review,Morning,195,84.76,5,0.0,96.51,60,No,2.564,High Error Rate
101792,2026-06-09,Chennai,Quality Review,Evening,523,51.46,7,15.2,93.02,60,Yes,1.338,Normal
105021,2026-06-09,Chennai,Quality Review,Night,83,105.13,6,0.0,91.44,60,No,7.229,High Error Rate
100812,2026-06-09,Chennai,Validation,Evening,107,36.22,3,0.0,92.29,55,Yes,2.804,High Error Rate
101371,2026-06-09,Chennai,Validation,Morning,164,30.75,3,31.1,98.7,55,Yes,1.829,Normal
104865,2026-06-09,Hyderabad,Data Intake,Night,375,53.79,7,25.0,91.85,35,No,1.867,SLA Breach
101713,2026-06-09,Hyderabad,Enrichment,Evening,263,64.36,6,0.0,96.67,65,Yes,2.281,High Error Rate
100517,2026-06-09,Hyderabad,Publishing,Evening,649,46.9,7,13.0,95.57,30,No,1.079,SLA Breach
104139,2026-06-09,Hyderabad,Validation,Morning,229,70.0,4,2.5,89.99,55,No,1.747,Low Quality Score
105647,2026-06-09,Hyderabad,Validation,Night,135,54.43,5,0.0,96.29,55,Yes,3.704,High Error Rate
105751,2026-06-09,Hyderabad,Validation,Evening,294,42.34,8,0.0,89.36,55,Yes,2.721,Low Quality Score
103581,2026-06-09,Pune,Data Intake,Morning,502,38.83,7,6.8,91.58,35,No,1.394,SLA Breach
102651,2026-06-09,Pune,Enrichment,Morning,152,62.14,4,9.8,99.13,65,Yes,2.632,High Error Rate
105783,2026-06-09,Pune,Enrichment,Night,164,35.88,6,22.2,98.26,65,Yes,3.659,High Error Rate
103239,2026-06-09,Pune,Publishing,Morning,84,25.77,2,14.4,94.25,30,Yes,2.381,High Error Rate
105510,2026-06-09,Pune,Publishing,Morning,458,18.36,6,33.9,100.0,30,Yes,1.31,Normal
102701,2026-06-09,Pune,Validation,Evening,464,70.77,3,12.8,86.88,55,No,0.647,Low Quality Score
103579,2026-06-09,Pune,Validation,Night,464,28.58,3,18.9,88.95,55,Yes,0.647,Low Quality Score
104990,2026-06-09,Pune,Validation,Evening,138,44.4,6,0.0,91.87,55,Yes,4.348,High Error Rate
105292,2026-06-09,Pune,Validation,Evening,308,23.99,3,30.1,89.28,55,Yes,0.974,Low Quality Score
102240,2026-06-10,Bengaluru,Data Intake,Morning,398,33.74,6,8.4,97.36,35,Yes,1.508,Normal
103474,2026-06-10,Bengaluru,Data Intake,Evening,230,27.0,5,7.4,92.69,35,Yes,2.174,High Error Rate
100375,2026-06-10,Bengaluru,Enrichment,Evening,408,42.3,2,0.0,91.04,65,Yes,0.49,Normal
100904,2026-06-10,Bengaluru,Enrichment,Night,136,39.91,7,11.1,93.76,65,Yes,5.147,High Error Rate
101912,2026-06-10,Bengaluru,Enrichment,Morning,391,32.21,4,0.0,96.03,65,Yes,1.023,Normal
102091,2026-06-10,Bengaluru,Enrichment,Morning,325,48.92,4,10.1,90.34,65,Yes,1.231,Normal
105091,2026-06-10,Bengaluru,Enrichment,Evening,232,33.1,4,24.4,94.9,65,Yes,1.724,Normal
105546,2026-06-10,Bengaluru,Enrichment,Evening,281,41.43,5,0.0,96.91,65,Yes,1.779,Normal
102498,2026-06-10,Bengaluru,Publishing,Night,613,32.32,6,19.0,92.19,30,No,0.979,SLA Breach
104713,2026-06-10,Bengaluru,Publishing,Evening,582,16.7,5,0.0,92.49,30,Yes,0.859,Normal
104574,2026-06-10,Bengaluru,Quality Review,Evening,104,28.19,2,21.4,99.06,60,Yes,1.923,Normal
104717,2026-06-10,Bengaluru,Quality Review,Night,351,27.41,4,27.8,83.8,60,Yes,1.14,Low Quality Score
101752,2026-06-10,Bengaluru,Validation,Evening,595,60.28,9,0.0,93.95,55,No,1.513,SLA Breach
101004,2026-06-10,Chennai,Data Intake,Morning,314,35.28,2,0.0,97.27,35,No,0.637,SLA Breach
103506,2026-06-10,Chennai,Data Intake,Evening,265,24.53,4,19.7,100.0,35,Yes,1.509,Normal
101324,2026-06-10,Chennai,Enrichment,Evening,633,64.26,5,0.4,94.32,65,Yes,0.79,Normal
102757,2026-06-10,Chennai,Publishing,Morning,449,50.32,6,0.0,93.33,30,No,1.336,SLA Breach
104701,2026-06-10,Chennai,Publishing,Morning,101,41.15,4,18.2,87.37,30,No,3.96,Low Quality Score
104728,2026-06-10,Chennai,Quality Review,Morning,605,37.63,7,19.6,95.43,60,Yes,1.157,Normal
105693,2026-06-10,Chennai,Quality Review,Morning,521,34.67,9,1.6,94.7,60,Yes,1.727,Normal
104469,2026-06-10,Hyderabad,Data Intake,Evening,520,15.15,8,4.3,98.47,35,Yes,1.538,Normal
101375,2026-06-10,Hyderabad,Quality Review,Evening,124,31.97,5,20.4,95.95,60,Yes,4.032,High Error Rate
105222,2026-06-10,Hyderabad,Validation,Evening,609,47.52,4,27.3,94.62,55,Yes,0.657,Normal
100035,2026-06-10,Pune,Enrichment,Night,238,47.98,7,0.0,92.25,65,Yes,2.941,High Error Rate
104012,2026-06-10,Pune,Enrichment,Evening,619,51.04,6,14.5,90.76,65,Yes,0.969,Normal
100565,2026-06-10,Pune,Quality Review,Evening,235,31.3,5,25.8,91.29,60,Yes,2.128,High Error Rate
105266,2026-06-10,Pune,Quality Review,Night,646,64.55,3,14.0,92.31,60,No,0.464,SLA Breach
101606,2026-06-11,Bengaluru,Data Intake,Morning,524,17.63,8,22.8,94.65,35,Yes,1.527,Normal
100362,2026-06-11,Bengaluru,Enrichment,Evening,412,29.51,5,0.0,98.21,65,Yes,1.214,Normal
102452,2026-06-11,Bengaluru,Publishing,Morning,237,34.68,7,17.5,89.38,30,No,2.954,Low Quality Score
100358,2026-06-11,Bengaluru,Quality Review,Morning,90,47.92,6,0.0,99.91,60,Yes,6.667,High Error Rate
103126,2026-06-11,Bengaluru,Quality Review,Evening,324,39.6,3,0.0,100.0,60,Yes,0.926,Normal
103162,2026-06-11,Bengaluru,Quality Review,Evening,113,52.38,7,18.1,90.48,60,Yes,6.195,High Error Rate
100389,2026-06-11,Bengaluru,Validation,Evening,96,52.82,8,9.8,95.24,55,Yes,8.333,High Error Rate
104808,2026-06-11,Bengaluru,Validation,Evening,615,27.6,4,20.5,91.22,55,Yes,0.65,Normal
105460,2026-06-11,Bengaluru,Validation,Night,119,45.37,7,1.2,90.6,55,Yes,5.882,High Error Rate
102446,2026-06-11,Chennai,Data Intake,Morning,105,12.39,2,0.0,88.32,35,Yes,1.905,Low Quality Score
101692,2026-06-11,Chennai,Enrichment,Night,510,124.32,9,11.3,88.59,65,No,1.765,Low Quality Score
103030,2026-06-11,Chennai,Enrichment,Evening,359,27.31,6,0.0,95.05,65,Yes,1.671,Normal
104406,2026-06-11,Chennai,Enrichment,Night,165,29.74,7,0.0,92.04,65,Yes,4.242,High Error Rate
104863,2026-06-11,Chennai,Enrichment,Night,457,33.46,4,15.7,100.0,65,Yes,0.875,Normal
102300,2026-06-11,Chennai,Quality Review,Morning,493,32.56,0,8.0,95.25,60,Yes,0.0,Normal
105414,2026-06-11,Chennai,Quality Review,Night,199,27.6,5,1.9,92.96,60,Yes,2.513,High Error Rate
105743,2026-06-11,Chennai,Quality Review,Morning,468,55.48,4,4.7,98.48,60,Yes,0.855,Normal
102042,2026-06-11,Chennai,Validation,Night,95,21.87,5,11.8,97.9,55,Yes,5.263,High Error Rate
102061,2026-06-11,Chennai,Validation,Night,315,27.21,5,0.0,90.78,55,Yes,1.587,Normal
105184,2026-06-11,Chennai,Validation,Night,454,24.85,4,9.3,94.94,55,Yes,0.881,Normal
100579,2026-06-11,Hyderabad,Data Intake,Evening,312,43.98,7,0.0,94.09,35,No,2.244,High Error Rate
101389,2026-06-11,Hyderabad,Data Intake,Evening,235,21.16,8,9.5,91.38,35,Yes,3.404,High Error Rate
100364,2026-06-11,Hyderabad,Enrichment,Night,90,34.11,5,23.1,97.88,65,Yes,5.556,High Error Rate
100048,2026-06-11,Hyderabad,Validation,Morning,479,49.38,8,16.5,90.85,55,Yes,1.67,Normal
102471,2026-06-11,Hyderabad,Validation,Night,551,45.55,6,0.0,99.71,55,Yes,1.089,Normal
103795,2026-06-11,Hyderabad,Validation,Morning,329,39.8,6,14.6,91.47,55,Yes,1.824,Normal
104334,2026-06-11,Hyderabad,Validation,Morning,285,117.54,2,2.6,92.16,55,No,0.702,SLA Breach
103820,2026-06-11,Pune,Enrichment,Night,297,83.04,9,16.5,94.16,65,No,3.03,High Error Rate
104450,2026-06-12,Bengaluru,Data Intake,Night,102,23.44,4,12.1,90.99,35,Yes,3.922,High Error Rate
100828,2026-06-12,Bengaluru,Enrichment,Night,367,82.32,8,0.2,100.0,65,No,2.18,High Error Rate
101304,2026-06-12,Bengaluru,Enrichment,Morning,361,84.66,5,10.5,99.44,65,No,1.385,SLA Breach
102978,2026-06-12,Bengaluru,Enrichment,Night,494,50.67,6,17.8,92.85,65,Yes,1.215,Normal
102838,2026-06-12,Bengaluru,Publishing,Evening,102,33.99,3,21.1,90.08,30,No,2.941,High Error Rate
100740,2026-06-12,Bengaluru,Quality Review,Evening,644,20.74,8,1.7,96.96,60,Yes,1.242,Normal
101384,2026-06-12,Bengaluru,Quality Review,Morning,363,27.84,10,2.3,97.85,60,Yes,2.755,High Error Rate
100095,2026-06-12,Bengaluru,Validation,Evening,152,39.8,13,0.0,98.2,55,Yes,8.553,High Error Rate
101632,2026-06-12,Bengaluru,Validation,Morning,577,29.77,5,1.6,96.79,55,Yes,0.867,Normal
103831,2026-06-12,Bengaluru,Validation,Night,312,42.46,4,20.0,99.37,55,Yes,1.282,Normal
104282,2026-06-12,Chennai,Data Intake,Evening,497,41.37,3,13.0,94.54,35,No,0.604,SLA Breach
103243,2026-06-12,Chennai,Enrichment,Evening,284,57.85,2,2.1,98.11,65,Yes,0.704,Normal
104933,2026-06-12,Chennai,Enrichment,Morning,601,44.94,4,18.6,91.91,65,Yes,0.666,Normal
104565,2026-06-12,Chennai,Quality Review,Morning,384,41.47,6,0.0,93.83,60,Yes,1.562,Normal
104597,2026-06-12,Chennai,Validation,Evening,119,91.54,9,12.7,95.58,55,No,7.563,High Error Rate
105334,2026-06-12,Hyderabad,Data Intake,Morning,456,31.1,7,0.0,85.24,35,Yes,1.535,Low Quality Score
101878,2026-06-12,Hyderabad,Enrichment,Morning,87,83.0,7,14.6,84.05,65,No,8.046,Low Quality Score
104190,2026-06-12,Hyderabad,Quality Review,Evening,154,77.99,4,17.9,93.44,60,No,2.597,High Error Rate
101557,2026-06-12,Hyderabad,Validation,Morning,171,44.14,5,10.0,94.01,55,Yes,2.924,High Error Rate
104433,2026-06-12,Hyderabad,Validation,Evening,206,52.09,8,0.0,97.0,55,Yes,3.883,High Error Rate
104850,2026-06-12,Hyderabad,Validation,Evening,622,70.12,5,4.0,92.95,55,No,0.804,SLA Breach
100304,2026-06-12,Pune,Enrichment,Morning,636,23.73,3,5.1,98.06,65,Yes,0.472,Normal
104620,2026-06-12,Pune,Quality Review,Evening,367,50.63,2,6.5,88.89,60,Yes,0.545,Low Quality Score
105461,2026-06-12,Pune,Quality Review,Evening,588,46.92,3,0.0,95.87,60,Yes,0.51,Normal
101471,2026-06-12,Pune,Validation,Morning,559,58.01,5,0.0,96.44,55,No,0.894,SLA Breach
100220,2026-06-13,Bengaluru,Data Intake,Evening,250,20.31,9,21.8,91.61,35,Yes,3.6,High Error Rate
100592,2026-06-13,Bengaluru,Data Intake,Morning,466,38.42,4,4.0,88.78,35,No,0.858,Low Quality Score
103910,2026-06-13,Bengaluru,Data Intake,Evening,396,46.68,2,15.6,96.29,35,No,0.505,SLA Breach
105240,2026-06-13,Bengaluru,Data Intake,Evening,502,32.58,4,18.7,100.0,35,Yes,0.797,Normal
105249,2026-06-13,Bengaluru,Data Intake,Morning,380,30.69,1,0.0,93.82,35,Yes,0.263,Normal
104981,2026-06-13,Bengaluru,Enrichment,Morning,390,160.55,7,2.4,89.48,65,No,1.795,Low Quality Score
101037,2026-06-13,Bengaluru,Publishing,Morning,160,72.74,3,12.3,97.84,30,No,1.875,SLA Breach
103826,2026-06-13,Bengaluru,Publishing,Evening,157,18.98,12,12.1,92.47,30,Yes,7.643,High Error Rate
100345,2026-06-13,Bengaluru,Quality Review,Evening,614,51.17,3,27.7,92.38,60,Yes,0.489,Normal
101826,2026-06-13,Bengaluru,Quality Review,Evening,339,16.72,3,10.9,92.95,60,Yes,0.885,Normal
100067,2026-06-13,Bengaluru,Validation,Night,80,25.06,6,0.0,96.44,55,Yes,7.5,High Error Rate
102778,2026-06-13,Bengaluru,Validation,Morning,128,120.73,2,15.8,93.37,55,No,1.562,SLA Breach
103109,2026-06-13,Bengaluru,Validation,Evening,162,73.06,3,5.4,98.24,55,No,1.852,SLA Breach
100179,2026-06-13,Chennai,Quality Review,Evening,607,42.91,13,0.0,93.95,60,Yes,2.142,High Error Rate
101315,2026-06-13,Chennai,Quality Review,Morning,99,41.86,7,5.7,97.77,60,Yes,7.071,High Error Rate
101428,2026-06-13,Chennai,Quality Review,Morning,280,50.54,6,0.3,96.11,60,Yes,2.143,High Error Rate
105619,2026-06-13,Chennai,Validation,Night,534,41.24,6,0.0,93.02,55,Yes,1.124,Normal
105056,2026-06-13,Hyderabad,Data Intake,Morning,297,14.2,6,41.4,92.98,35,Yes,2.02,High Error Rate
101206,2026-06-13,Hyderabad,Enrichment,Evening,573,23.79,6,13.3,96.87,65,Yes,1.047,Normal
102939,2026-06-13,Hyderabad,Validation,Morning,245,51.69,7,0.0,90.14,55,Yes,2.857,High Error Rate
103518,2026-06-13,Hyderabad,Validation,Night,381,31.52,5,9.3,100.0,55,Yes,1.312,Normal
101732,2026-06-13,Pune,Data Intake,Evening,158,32.66,2,10.1,90.48,35,Yes,1.266,Normal
104081,2026-06-13,Pune,Enrichment,Evening,475,29.39,5,5.5,91.34,65,Yes,1.053,Normal
102989,2026-06-13,Pune,Publishing,Evening,113,30.1,5,23.9,96.01,30,No,4.425,High Error Rate
103704,2026-06-13,Unknown,Quality Review,Morning,346,53.47,3,29.5,95.93,60,Yes,0.867,Normal
105925,2026-06-14,Bengaluru,Data Intake,Evening,378,18.32,4,0.0,88.36,35,Yes,1.058,Low Quality Score
102068,2026-06-14,Bengaluru,Enrichment,Morning,324,44.33,6,13.4,96.01,65,Yes,1.852,Normal
103590,2026-06-14,Bengaluru,Quality Review,Morning,216,49.79,3,31.9,94.12,60,Yes,1.389,Normal
105071,2026-06-14,Bengaluru,Quality Review,Morning,482,35.74,7,0.3,93.93,60,Yes,1.452,Normal
105513,2026-06-14,Bengaluru,Quality Review,Evening,649,30.74,4,22.0,96.48,60,Yes,0.616,Normal
101154,2026-06-14,Bengaluru,Validation,Evening,353,53.61,3,9.2,92.76,55,Yes,0.85,Normal
101569,2026-06-14,Bengaluru,Validation,Night,182,65.88,6,14.6,96.66,55,No,3.297,High Error Rate
102693,2026-06-14,Bengaluru,Validation,Night,566,40.65,6,1.9,93.89,55,Yes,1.06,Normal
104207,2026-06-14,Bengaluru,Validation,Morning,276,13.05,7,27.6,93.15,55,Yes,2.536,High Error Rate
104823,2026-06-14,Bengaluru,Validation,Morning,524,53.62,2,0.0,93.7,55,Yes,0.382,Normal
100840,2026-06-14,Chennai,Publishing,Evening,623,29.72,3,0.0,90.1,30,Yes,0.482,Normal
103128,2026-06-14,Chennai,Quality Review,Morning,153,48.59,3,18.9,100.0,60,Yes,1.961,Normal
103298,2026-06-14,Hyderabad,Data Intake,Morning,210,39.26,4,0.0,93.02,35,No,1.905,SLA Breach
104514,2026-06-14,Hyderabad,Enrichment,Night,287,50.23,3,0.0,93.67,65,Yes,1.045,Normal
101108,2026-06-14,Hyderabad,Publishing,Evening,154,22.46,7,18.3,96.33,30,Yes,4.545,High Error Rate
102287,2026-06-14,Hyderabad,Publishing,Evening,100,30.22,6,0.0,96.18,30,No,6.0,High Error Rate
100843,2026-06-14,Hyderabad,Validation,Evening,605,31.64,5,23.9,98.56,55,Yes,0.826,Normal
101390,2026-06-14,Hyderabad,Validation,Evening,358,26.29,4,0.0,90.46,55,Yes,1.117,Normal
103750,2026-06-14,Hyderabad,Validation,Morning,272,74.75,5,0.0,91.96,55,No,1.838,SLA Breach
105311,2026-06-14,Pune,Data Intake,Morning,296,47.67,7,29.4,96.0,35,No,2.365,High Error Rate
102114,2026-06-14,Pune,Enrichment,Night,622,56.8,3,12.8,97.77,65,Yes,0.482,Normal
103095,2026-06-14,Pune,Enrichment,Morning,96,40.07,3,11.5,98.3,65,Yes,3.125,High Error Rate
100202,2026-06-14,Pune,Publishing,Morning,139,14.88,4,25.5,89.98,30,Yes,2.878,Low Quality Score
101287,2026-06-14,Pune,Publishing,Evening,577,32.76,3,6.7,95.93,30,No,0.52,SLA Breach
105243,2026-06-14,Pune,Quality Review,Morning,124,48.88,3,10.2,97.03,60,Yes,2.419,High Error Rate
101507,2026-06-15,Bengaluru,Enrichment,Morning,391,54.51,8,0.0,96.64,65,Yes,2.046,High Error Rate
101708,2026-06-15,Bengaluru,Enrichment,Evening,323,45.96,5,0.0,96.17,65,Yes,1.548,Normal
102531,2026-06-15,Bengaluru,Enrichment,Evening,84,29.13,4,14.7,98.64,65,Yes,4.762,High Error Rate
104335,2026-06-15,Bengaluru,Enrichment,Night,301,59.32,6,13.7,89.45,65,Yes,1.993,Low Quality Score
102101,2026-06-15,Bengaluru,Publishing,Morning,249,43.27,5,0.0,92.76,30,No,2.008,High Error Rate
102164,2026-06-15,Bengaluru,Publishing,Morning,150,12.88,2,10.5,93.69,30,Yes,1.333,Normal
105037,2026-06-15,Bengaluru,Publishing,Morning,204,62.24,4,21.3,100.0,30,No,1.961,SLA Breach
103202,2026-06-15,Bengaluru,Quality Review,Morning,524,46.88,6,24.1,91.54,60,Yes,1.145,Normal
102633,2026-06-15,Bengaluru,Validation,Morning,538,42.09,7,0.0,97.09,55,Yes,1.301,Normal
100642,2026-06-15,Chennai,Data Intake,Morning,524,33.45,9,19.3,93.74,35,Yes,1.718,Normal
105865,2026-06-15,Chennai,Data Intake,Morning,228,60.19,5,12.2,89.29,35,No,2.193,Low Quality Score
105987,2026-06-15,Chennai,Publishing,Evening,631,32.48,3,0.6,100.0,30,No,0.475,SLA Breach
100943,2026-06-15,Chennai,Quality Review,Morning,170,51.67,7,0.0,93.6,60,Yes,4.118,High Error Rate
101354,2026-06-15,Chennai,Quality Review,Night,538,53.54,3,0.0,92.84,60,Yes,0.558,Normal
102305,2026-06-15,Chennai,Quality Review,Night,288,25.33,5,17.1,93.82,60,Yes,1.736,Normal
102785,2026-06-15,Chennai,Quality Review,Evening,227,38.56,2,0.0,100.0,60,Yes,0.881,Normal
101951,2026-06-15,Chennai,Validation,Night,218,60.58,4,0.0,99.76,55,No,1.835,SLA Breach
102113,2026-06-15,Hyderabad,Data Intake,Morning,237,19.96,3,27.3,92.58,35,Yes,1.266,Normal
105050,2026-06-15,Hyderabad,Data Intake,Evening,638,39.12,3,7.2,94.7,35,No,0.47,SLA Breach
105920,2026-06-15,Hyderabad,Enrichment,Morning,232,67.21,5,0.2,94.64,65,No,2.155,High Error Rate
104249,2026-06-15,Hyderabad,Publishing,Evening,83,25.09,6,12.2,94.27,30,Yes,7.229,High Error Rate
105054,2026-06-15,Hyderabad,Publishing,Morning,578,19.14,7,28.6,97.71,30,Yes,1.211,Normal
101948,2026-06-15,Hyderabad,Quality Review,Morning,193,51.61,8,21.0,92.56,60,Yes,4.145,High Error Rate
102796,2026-06-15,Hyderabad,Quality Review,Evening,540,50.51,5,8.2,92.18,60,Yes,0.926,Normal
105239,2026-06-15,Hyderabad,Quality Review,Night,102,79.25,5,12.4,89.93,60,No,4.902,Low Quality Score
103384,2026-06-15,Hyderabad,Validation,Evening,468,51.52,4,7.1,92.26,55,Yes,0.855,Normal
104515,2026-06-15,Hyderabad,Validation,Morning,275,116.84,7,14.4,96.76,55,No,2.545,High Error Rate
105908,2026-06-15,Pune,Data Intake,Night,629,49.74,5,0.0,88.58,35,No,0.795,Low Quality Score
105325,2026-06-15,Pune,Enrichment,Night,472,40.88,3,24.8,93.18,65,Yes,0.636,Normal
105877,2026-06-15,Pune,Publishing,Night,568,41.93,4,7.0,100.0,30,No,0.704,SLA Breach
100324,2026-06-15,Pune,Quality Review,Morning,298,46.13,4,5.8,92.52,60,Yes,1.342,Normal
100529,2026-06-15,Pune,Quality Review,Evening,611,32.47,4,40.1,94.19,60,Yes,0.655,Normal
102894,2026-06-15,Pune,Quality Review,Morning,245,17.98,10,0.0,92.3,60,Yes,4.082,High Error Rate
105192,2026-06-15,Pune,Quality Review,Evening,197,57.26,5,0.0,88.34,60,Yes,2.538,Low Quality Score
104153,2026-06-15,Pune,Validation,Morning,219,43.77,2,5.0,99.73,55,Yes,0.913,Normal
100969,2026-06-16,Bengaluru,Data Intake,Morning,210,17.25,3,4.9,98.65,35,Yes,1.429,Normal
101170,2026-06-16,Bengaluru,Data Intake,Night,128,28.77,2,28.6,95.17,35,Yes,1.562,Normal
104640,2026-06-16,Bengaluru,Data Intake,Evening,255,24.28,3,0.0,88.97,35,Yes,1.176,Low Quality Score
100153,2026-06-16,Bengaluru,Enrichment,Night,471,35.82,3,39.1,91.6,65,Yes,0.637,Normal
101081,2026-06-16,Bengaluru,Enrichment,Morning,183,76.09,4,11.2,96.31,65,No,2.186,High Error Rate
101530,2026-06-16,Bengaluru,Enrichment,Morning,519,48.81,3,0.0,96.28,65,Yes,0.578,Normal
100669,2026-06-16,Bengaluru,Publishing,Morning,117,29.9,5,9.5,90.19,30,Yes,4.274,High Error Rate
100733,2026-06-16,Bengaluru,Publishing,Morning,555,12.5,4,10.0,97.87,30,Yes,0.721,Normal
101103,2026-06-16,Bengaluru,Publishing,Morning,643,45.96,4,2.0,97.21,30,No,0.622,SLA Breach
103201,2026-06-16,Bengaluru,Publishing,Night,506,39.5,4,5.7,96.38,30,No,0.791,SLA Breach
105223,2026-06-16,Bengaluru,Publishing,Morning,604,14.32,5,14.1,89.82,30,Yes,0.828,Low Quality Score
105524,2026-06-16,Bengaluru,Quality Review,Morning,267,61.38,6,0.0,91.04,60,No,2.247,High Error Rate
105443,2026-06-16,Bengaluru,Unknown,Evening,174,20.9,3,0.0,90.04,35,Yes,1.724,Normal
100530,2026-06-16,Bengaluru,Validation,Morning,361,66.11,1,0.0,92.09,55,No,0.277,SLA Breach
103520,2026-06-16,Bengaluru,Validation,Morning,314,54.45,7,29.7,97.2,55,Yes,2.229,High Error Rate
103749,2026-06-16,Bengaluru,Validation,Morning,95,29.44,6,27.9,95.1,55,Yes,6.316,High Error Rate
101006,2026-06-16,Chennai,Data Intake,Night,473,40.46,4,11.5,94.69,35,No,0.846,SLA Breach
102961,2026-06-16,Chennai,Enrichment,Evening,633,26.43,3,5.4,96.54,65,Yes,0.474,Normal
103330,2026-06-16,Chennai,Enrichment,Morning,111,43.19,4,10.9,93.98,65,Yes,3.604,High Error Rate
101972,2026-06-16,Chennai,Publishing,Night,170,21.62,3,0.0,93.84,30,Yes,1.765,Normal
102625,2026-06-16,Chennai,Publishing,Night,293,22.93,5,2.8,92.4,30,Yes,1.706,Normal
100804,2026-06-16,Chennai,Quality Review,Night,400,39.28,5,7.0,90.73,60,Yes,1.25,Normal
103402,2026-06-16,Chennai,Quality Review,Evening,259,74.23,8,5.8,89.64,60,No,3.089,Low Quality Score
104959,2026-06-16,Chennai,Quality Review,Morning,207,35.2,6,0.0,94.46,60,Yes,2.899,High Error Rate
101705,2026-06-16,Chennai,Validation,Morning,287,65.45,4,8.3,95.22,55,No,1.394,SLA Breach
103845,2026-06-16,Hyderabad,Data Intake,Morning,140,31.28,3,0.2,97.28,35,Yes,2.143,High Error Rate
104869,2026-06-16,Hyderabad,Data Intake,Night,401,28.49,4,5.7,92.71,35,Yes,0.998,Normal
102383,2026-06-16,Hyderabad,Enrichment,Night,278,69.05,8,21.6,94.485,65,No,2.878,High Error Rate
104731,2026-06-16,Hyderabad,Enrichment,Evening,419,63.37,9,20.5,98.05,65,Yes,2.148,High Error Rate
105295,2026-06-16,Hyderabad,Enrichment,Morning,423,55.34,8,14.6,95.21,65,Yes,1.891,Normal
100061,2026-06-16,Hyderabad,Publishing,Morning,460,38.73,1,0.0,93.96,30,No,0.217,SLA Breach
105749,2026-06-16,Hyderabad,Publishing,Evening,425,32.45,5,0.0,92.28,30,No,1.176,SLA Breach
102014,2026-06-16,Hyderabad,Validation,Evening,461,41.53,10,7.6,95.74,55,Yes,2.169,High Error Rate
100715,2026-06-16,Pune,Data Intake,Evening,225,47.36,6,20.4,99.06,35,No,2.667,High Error Rate
104430,2026-06-16,Pune,Publishing,Night,328,33.81,7,3.5,97.72,30,No,2.134,High Error Rate
104431,2026-06-16,Pune,Publishing,Morning,291,25.63,3,13.3,91.82,30,Yes,1.031,Normal
103658,2026-06-16,Pune,Quality Review,Morning,347,49.76,9,0.0,97.08,60,Yes,2.594,High Error Rate
101564,2026-06-16,Pune,Validation,Evening,334,37.51,7,0.0,97.7,55,Yes,2.096,High Error Rate
104829,2026-06-16,Pune,Validation,Morning,559,64.89,6,24.6,100.0,55,No,1.073,SLA Breach
103445,2026-06-16,Unknown,Enrichment,Night,225,47.19,3,0.0,96.85,65,Yes,1.333,Normal
102533,2026-06-17,Bengaluru,Data Intake,Morning,633,34.12,4,1.2,93.27,35,Yes,0.632,Normal
105312,2026-06-17,Bengaluru,Data Intake,Morning,117,34.46,6,10.9,90.99,35,Yes,5.128,High Error Rate
100024,2026-06-17,Bengaluru,Enrichment,Evening,606,110.23,6,13.4,100.0,65,No,0.99,SLA Breach
103943,2026-06-17,Bengaluru,Enrichment,Morning,253,65.48,6,23.3,91.18,65,No,2.372,High Error Rate
105869,2026-06-17,Bengaluru,Enrichment,Morning,105,49.28,8,3.8,94.37,65,Yes,7.619,High Error Rate
100264,2026-06-17,Bengaluru,Publishing,Morning,325,18.52,5,0.0,90.49,30,Yes,1.538,Normal
100499,2026-06-17,Bengaluru,Publishing,Morning,198,27.8,7,0.7,93.25,30,Yes,3.535,High Error Rate
103801,2026-06-17,Bengaluru,Publishing,Morning,172,32.33,4,11.0,88.5,30,No,2.326,Low Quality Score
103892,2026-06-17,Bengaluru,Publishing,Evening,319,16.72,4,2.7,98.12,30,Yes,1.254,Normal
105160,2026-06-17,Bengaluru,Publishing,Night,366,34.47,5,3.9,90.03,30,No,1.366,SLA Breach
100438,2026-06-17,Bengaluru,Quality Review,Evening,514,41.86,5,3.2,96.97,60,Yes,0.973,Normal
100452,2026-06-17,Bengaluru,Validation,Evening,124,72.77,3,7.6,95.15,55,No,2.419,High Error Rate
103972,2026-06-17,Bengaluru,Validation,Morning,590,39.78,7,0.0,98.84,55,Yes,1.186,Normal
101679,2026-06-17,Chennai,Data Intake,Night,585,44.82,4,16.8,100.0,35,No,0.684,SLA Breach
100527,2026-06-17,Chennai,Enrichment,Evening,230,59.66,4,24.0,92.76,65,Yes,1.739,Normal
100862,2026-06-17,Chennai,Enrichment,Night,497,62.49,5,31.4,93.05,65,Yes,1.006,Normal
101182,2026-06-17,Chennai,Enrichment,Evening,317,16.47,4,17.3,92.53,65,Yes,1.262,Normal
104232,2026-06-17,Chennai,Enrichment,Evening,619,73.23,3,9.0,95.49,65,No,0.485,SLA Breach
101990,2026-06-17,Chennai,Publishing,Evening,632,19.46,3,23.3,91.06,30,Yes,0.475,Normal
105640,2026-06-17,Chennai,Publishing,Evening,531,22.09,4,10.9,87.81,30,Yes,0.753,Low Quality Score
101067,2026-06-17,Chennai,Validation,Morning,593,33.27,4,37.1,94.44,55,Yes,0.675,Normal
102831,2026-06-17,Hyderabad,Data Intake,Evening,509,18.7,6,16.2,99.98,35,Yes,1.179,Normal
104295,2026-06-17,Hyderabad,Data Intake,Morning,165,17.05,4,42.5,89.35,35,Yes,2.424,Low Quality Score
104543,2026-06-17,Hyderabad,Data Intake,Evening,493,27.42,4,15.0,94.78,35,Yes,0.811,Normal
102166,2026-06-17,Hyderabad,Enrichment,Evening,554,31.77,9,0.0,96.48,65,Yes,1.625,Normal
102612,2026-06-17,Hyderabad,Enrichment,Evening,271,41.46,5,3.8,100.0,65,Yes,1.845,Normal
103276,2026-06-17,Hyderabad,Enrichment,Morning,337,67.2,6,9.9,92.62,65,No,1.78,SLA Breach
101623,2026-06-17,Hyderabad,Publishing,Evening,555,16.3,3,9.7,89.02,30,Yes,0.541,Low Quality Score
105818,2026-06-17,Hyderabad,Publishing,Night,295,17.38,5,6.7,90.81,30,Yes,1.695,Normal
105983,2026-06-17,Hyderabad,Publishing,Night,96,17.53,9,34.7,91.99,30,Yes,9.375,High Error Rate
102624,2026-06-17,Hyderabad,Quality Review,Evening,612,57.95,4,14.7,93.98,60,Yes,0.654,Normal
103605,2026-06-17,Hyderabad,Validation,Evening,541,29.82,4,0.0,98.34,55,Yes,0.739,Normal
105931,2026-06-17,Hyderabad,Validation,Night,505,76.88,5,0.0,94.72,55,No,0.99,SLA Breach
100421,2026-06-17,Pune,Data Intake,Evening,555,9.86,6,14.6,91.88,35,Yes,1.081,Normal
100577,2026-06-17,Pune,Data Intake,Night,233,15.14,5,28.2,94.46,35,Yes,2.146,High Error Rate
102570,2026-06-17,Pune,Enrichment,Evening,285,90.74,5,0.0,90.71,65,No,1.754,SLA Breach
103642,2026-06-17,Pune,Enrichment,Morning,258,50.04,4,1.6,87.92,65,Yes,1.55,Low Quality Score
100586,2026-06-17,Pune,Publishing,Evening,83,45.74,7,0.7,88.85,30,No,8.434,Low Quality Score
101262,2026-06-17,Pune,Publishing,Night,145,39.85,3,17.5,95.13,30,No,2.069,High Error Rate
104979,2026-06-17,Pune,Publishing,Evening,146,35.6,5,0.0,86.87,30,No,3.425,Low Quality Score
104988,2026-06-17,Pune,Publishing,Evening,639,9.3,6,0.0,96.49,30,Yes,0.939,Normal
103495,2026-06-17,Pune,Quality Review,Morning,524,41.57,6,0.0,97.83,60,Yes,1.145,Normal
104369,2026-06-17,Pune,Quality Review,Night,511,18.6,5,10.2,95.34,60,Yes,0.978,Normal
103900,2026-06-17,Pune,Validation,Evening,561,28.08,6,25.0,98.65,55,Yes,1.07,Normal
101516,2026-06-18,Bengaluru,Data Intake,Evening,356,44.87,3,6.3,93.74,35,No,0.843,SLA Breach
102675,2026-06-18,Bengaluru,Data Intake,Evening,214,35.3,3,26.0,90.77,35,No,1.402,SLA Breach
103003,2026-06-18,Bengaluru,Data Intake,Night,536,30.98,1,10.6,89.49,35,Yes,0.187,Low Quality Score
101977,2026-06-18,Bengaluru,Enrichment,Morning,165,39.88,10,0.0,91.55,65,Yes,6.061,High Error Rate
104436,2026-06-18,Bengaluru,Enrichment,Evening,587,42.94,6,4.6,94.29,65,Yes,1.022,Normal
104840,2026-06-18,Bengaluru,Enrichment,Morning,495,64.78,6,0.0,96.1,65,Yes,1.212,Normal
104851,2026-06-18,Bengaluru,Enrichment,Evening,82,50.79,7,11.3,89.54,65,Yes,8.537,Low Quality Score
105651,2026-06-18,Bengaluru,Enrichment,Morning,202,33.45,6,0.0,90.43,65,Yes,2.97,High Error Rate
105738,2026-06-18,Bengaluru,Enrichment,Evening,236,31.72,9,0.0,95.01,65,Yes,3.814,High Error Rate
100722,2026-06-18,Bengaluru,Publishing,Morning,172,29.29,9,4.7,96.19,30,Yes,5.233,High Error Rate
104380,2026-06-18,Bengaluru,Publishing,Night,629,19.13,7,30.2,95.61,30,Yes,1.113,Normal
102413,2026-06-18,Bengaluru,Quality Review,Morning,393,56.59,4,3.3,92.13,60,Yes,1.018,Normal
104820,2026-06-18,Bengaluru,Quality Review,Night,595,44.7,6,9.1,93.88,60,Yes,1.008,Normal
102493,2026-06-18,Chennai,Data Intake,Evening,273,29.67,6,28.1,91.49,35,Yes,2.198,High Error Rate
104088,2026-06-18,Chennai,Data Intake,Evening,554,14.22,4,8.0,93.91,35,Yes,0.722,Normal
105804,2026-06-18,Chennai,Data Intake,Evening,192,53.83,5,2.4,90.27,35,No,2.604,High Error Rate
103896,2026-06-18,Chennai,Enrichment,Morning,408,41.5,4,26.5,99.48,65,Yes,0.98,Normal
104292,2026-06-18,Chennai,Enrichment,Night,149,30.47,8,0.0,100.0,65,Yes,5.369,High Error Rate
102572,2026-06-18,Chennai,Publishing,Morning,326,32.27,2,10.6,89.59,30,No,0.613,Low Quality Score
102862,2026-06-18,Chennai,Publishing,Night,317,31.2,10,13.5,100.0,30,No,3.155,High Error Rate
102887,2026-06-18,Chennai,Publishing,Night,223,19.14,12,17.2,94.96,30,Yes,5.381,High Error Rate
104273,2026-06-18,Chennai,Publishing,Evening,150,45.01,5,1.9,90.57,30,No,3.333,High Error Rate
105901,2026-06-18,Chennai,Publishing,Evening,537,46.19,5,0.0,93.97,30,No,0.931,SLA Breach
100693,2026-06-18,Chennai,Quality Review,Evening,631,65.29,3,4.8,100.0,60,No,0.475,SLA Breach
102228,2026-06-18,Chennai,Quality Review,Evening,261,28.0,10,0.0,98.92,60,Yes,3.831,High Error Rate
101143,2026-06-18,Chennai,Validation,Morning,157,65.24,4,2.0,90.84,55,No,2.548,High Error Rate
101751,2026-06-18,Chennai,Validation,Morning,324,50.42,11,0.0,92.21,55,Yes,3.395,High Error Rate
102500,2026-06-18,Chennai,Validation,Morning,475,82.83,1,4.0,96.97,55,No,0.211,SLA Breach
103643,2026-06-18,Chennai,Validation,Evening,187,45.51,10,20.4,95.49,55,Yes,5.348,High Error Rate
105248,2026-06-18,Chennai,Validation,Evening,371,33.28,6,6.1,94.31,55,Yes,1.617,Normal
105977,2026-06-18,Chennai,Validation,Morning,172,34.17,10,0.0,97.85,55,Yes,5.814,High Error Rate
104268,2026-06-18,Hyderabad,Enrichment,Evening,471,66.87,11,13.5,95.23,65,No,2.335,High Error Rate
105948,2026-06-18,Hyderabad,Enrichment,Evening,399,72.48,6,18.3,90.85,65,No,1.504,SLA Breach
102733,2026-06-18,Hyderabad,Publishing,Evening,218,18.04,8,7.5,98.47,30,Yes,3.67,High Error Rate
103734,2026-06-18,Hyderabad,Publishing,Night,489,27.57,10,0.0,97.33,30,Yes,2.045,High Error Rate
104989,2026-06-18,Hyderabad,Publishing,Evening,438,23.28,3,10.1,90.9,30,Yes,0.685,Normal
104132,2026-06-18,Hyderabad,Quality Review,Night,432,48.85,7,0.0,95.39,60,Yes,1.62,Normal
100491,2026-06-18,Hyderabad,Validation,Evening,577,26.13,4,11.8,98.11,55,Yes,0.693,Normal
101533,2026-06-18,Hyderabad,Validation,Night,442,70.43,8,22.8,97.46,55,No,1.81,SLA Breach
103114,2026-06-18,Pune,Data Intake,Morning,437,18.38,3,0.7,98.63,35,Yes,0.686,Normal
101273,2026-06-18,Pune,Enrichment,Morning,292,97.76,6,14.7,87.39,65,No,2.055,Low Quality Score
105157,2026-06-18,Pune,Quality Review,Morning,153,22.38,5,17.9,95.25,60,Yes,3.268,High Error Rate
100470,2026-06-18,Pune,Validation,Morning,347,30.96,5,10.2,97.0,55,Yes,1.441,Normal
103313,2026-06-18,Pune,Validation,Evening,239,85.86,7,0.0,100.0,55,No,2.929,High Error Rate
102148,2026-06-19,Bengaluru,Data Intake,Morning,500,25.17,8,13.3,99.03,35,Yes,1.6,Normal
102233,2026-06-19,Bengaluru,Data Intake,Night,327,41.82,6,4.8,93.33,35,No,1.835,SLA Breach
102289,2026-06-19,Bengaluru,Enrichment,Morning,237,59.4,3,11.4,85.65,65,Yes,1.266,Low Quality Score
101447,2026-06-19,Bengaluru,Publishing,Evening,454,35.5,4,14.1,93.26,30,No,0.881,SLA Breach
103172,2026-06-19,Bengaluru,Publishing,Evening,379,15.97,3,0.0,93.61,30,Yes,0.792,Normal
105099,2026-06-19,Bengaluru,Publishing,Morning,616,17.41,7,24.1,92.53,30,Yes,1.136,Normal
100409,2026-06-19,Bengaluru,Quality Review,Morning,320,56.21,1,13.9,98.28,60,Yes,0.312,Normal
102631,2026-06-19,Bengaluru,Quality Review,Evening,337,59.93,6,23.8,95.63,60,Yes,1.78,Normal
104404,2026-06-19,Bengaluru,Quality Review,Evening,463,83.52,3,25.2,91.57,60,No,0.648,SLA Breach
105949,2026-06-19,Bengaluru,Quality Review,Morning,99,46.31,2,0.3,88.11,60,Yes,2.02,Low Quality Score
102649,2026-06-19,Bengaluru,Validation,Evening,284,34.13,1,0.1,88.93,55,Yes,0.352,Low Quality Score
102878,2026-06-19,Chennai,Data Intake,Night,106,22.56,7,0.0,92.67,35,Yes,6.604,High Error Rate
105578,2026-06-19,Chennai,Data Intake,Evening,162,26.26,2,1.1,97.42,35,Yes,1.235,Normal
104208,2026-06-19,Chennai,Publishing,Night,521,36.89,8,25.8,94.89,30,No,1.536,SLA Breach
100319,2026-06-19,Chennai,Quality Review,Evening,223,36.06,9,15.7,89.73,60,Yes,4.036,Low Quality Score
102169,2026-06-19,Chennai,Quality Review,Evening,189,73.97,5,15.1,94.11,60,No,2.646,High Error Rate
100680,2026-06-19,Chennai,Validation,Evening,241,69.52,6,11.4,93.56,55,No,2.49,High Error Rate
100764,2026-06-19,Chennai,Validation,Evening,429,45.71,9,7.8,96.09,55,Yes,2.098,High Error Rate
101766,2026-06-19,Chennai,Validation,Night,501,32.36,3,0.0,90.9,55,Yes,0.599,Normal
103743,2026-06-19,Chennai,Validation,Evening,541,52.42,2,3.1,91.36,55,Yes,0.37,Normal
105016,2026-06-19,Chennai,Validation,Morning,253,47.07,7,10.6,95.98,55,Yes,2.767,High Error Rate
100286,2026-06-19,Hyderabad,Data Intake,Morning,601,29.11,6,0.6,97.0,35,Yes,0.998,Normal
100754,2026-06-19,Hyderabad,Data Intake,Evening,643,38.55,3,12.9,89.87,35,No,0.467,Low Quality Score
102458,2026-06-19,Hyderabad,Data Intake,Evening,93,14.36,3,5.8,92.83,35,Yes,3.226,High Error Rate
102942,2026-06-19,Hyderabad,Enrichment,Morning,131,93.73,6,0.0,91.08,65,No,4.58,High Error Rate
103921,2026-06-19,Hyderabad,Enrichment,Night,131,95.67,6,0.0,92.54,65,No,4.58,High Error Rate
100348,2026-06-19,Hyderabad,Publishing,Evening,585,32.25,4,12.9,94.75,30,No,0.684,SLA Breach
102695,2026-06-19,Hyderabad,Validation,Evening,222,79.21,3,2.0,92.71,55,No,1.351,SLA Breach
105197,2026-06-19,Hyderabad,Validation,Morning,186,66.21,9,7.6,96.32,55,No,4.839,High Error Rate
100181,2026-06-19,Pune,Enrichment,Evening,468,44.19,5,0.0,96.35,65,Yes,1.068,Normal
102782,2026-06-19,Pune,Enrichment,Night,237,107.59,2,0.0,94.24,65,No,0.844,SLA Breach
103352,2026-06-19,Pune,Enrichment,Evening,251,54.81,4,2.0,95.26,65,Yes,1.594,Normal
103439,2026-06-19,Pune,Enrichment,Morning,572,36.7,3,0.0,92.58,65,Yes,0.524,Normal
101443,2026-06-19,Pune,Publishing,Morning,236,45.81,3,0.0,96.78,30,No,1.271,SLA Breach
102791,2026-06-19,Pune,Quality Review,Night,508,83.47,7,4.4,89.52,60,No,1.378,Low Quality Score
103553,2026-06-19,Pune,Quality Review,Morning,114,74.58,7,32.5,94.88,60,No,6.14,High Error Rate
100382,2026-06-19,Pune,Validation,Morning,602,36.94,3,24.1,95.97,55,Yes,0.498,Normal
105399,2026-06-19,Pune,Validation,Morning,380,25.44,5,16.5,94.32,55,Yes,1.316,Normal
102953,2026-06-19,Unknown,Data Intake,Morning,546,51.52,7,24.9,95.73,35,No,1.282,SLA Breach
104477,2026-06-19,Unknown,Enrichment,Evening,536,49.43,7,36.6,92.23,65,Yes,1.306,Normal
105014,2026-06-20,Bengaluru,Publishing,Evening,502,34.24,2,0.0,95.68,30,No,0.398,SLA Breach
105397,2026-06-20,Bengaluru,Quality Review,Morning,224,73.04,2,7.6,97.71,60,No,0.893,SLA Breach
103705,2026-06-20,Bengaluru,Validation,Morning,154,62.24,7,8.8,94.61,55,No,4.545,High Error Rate
103956,2026-06-20,Bengaluru,Validation,Night,304,33.79,5,26.3,99.29,55,Yes,1.645,Normal
104074,2026-06-20,Bengaluru,Validation,Night,629,85.21,10,0.0,100.0,55,No,1.59,SLA Breach
104381,2026-06-20,Bengaluru,Validation,Morning,585,124.51,6,4.3,90.78,55,No,1.026,SLA Breach
105776,2026-06-20,Chennai,Data Intake,Night,284,39.76,7,1.6,91.2,35,No,2.465,High Error Rate
100081,2026-06-20,Chennai,Enrichment,Morning,385,58.83,3,5.6,95.18,65,Yes,0.779,Normal
105712,2026-06-20,Chennai,Enrichment,Evening,309,48.48,11,0.0,95.18,65,Yes,3.56,High Error Rate
101910,2026-06-20,Chennai,Publishing,Evening,143,30.2,5,4.1,96.89,30,No,3.497,High Error Rate
104965,2026-06-20,Chennai,Publishing,Morning,351,20.09,6,0.0,93.56,30,Yes,1.709,Normal
100936,2026-06-20,Chennai,Validation,Morning,563,24.66,11,0.0,100.0,55,Yes,1.954,Normal
101837,2026-06-20,Chennai,Validation,Evening,144,78.04,8,0.0,92.41,55,No,5.556,High Error Rate
102828,2026-06-20,Chennai,Validation,Evening,573,43.81,1,17.5,93.82,55,Yes,0.175,Normal
105198,2026-06-20,Chennai,Validation,Morning,564,37.31,3,6.2,92.58,55,Yes,0.532,Normal
102097,2026-06-20,Hyderabad,Data Intake,Morning,251,30.46,6,3.3,92.42,35,Yes,2.39,High Error Rate
101874,2026-06-20,Hyderabad,Validation,Night,101,44.3,3,10.5,99.73,55,Yes,2.97,High Error Rate
103310,2026-06-20,Hyderabad,Validation,Morning,550,53.89,5,28.1,91.27,55,Yes,0.909,Normal
102713,2026-06-20,Pune,Data Intake,Night,499,15.33,5,0.0,96.16,35,Yes,1.002,Normal
104960,2026-06-20,Pune,Data Intake,Night,557,48.1,4,0.0,99.97,35,No,0.718,SLA Breach
101681,2026-06-20,Pune,Enrichment,Morning,630,31.59,3,8.8,95.25,65,Yes,0.476,Normal
101689,2026-06-20,Pune,Enrichment,Evening,526,52.61,4,11.9,95.39,65,Yes,0.76,Normal
101109,2026-06-20,Pune,Publishing,Night,589,48.79,7,16.7,100.0,30,No,1.188,SLA Breach
103688,2026-06-20,Pune,Validation,Evening,471,39.62,6,7.4,96.82,55,Yes,1.274,Normal
100694,2026-06-21,Bengaluru,Data Intake,Night,426,33.84,8,0.0,95.34,35,Yes,1.878,Normal
100965,2026-06-21,Bengaluru,Data Intake,Morning,449,22.06,1,1.5,90.84,35,Yes,0.223,Normal
101421,2026-06-21,Bengaluru,Data Intake,Night,615,31.27,4,22.4,97.93,35,Yes,0.65,Normal
103961,2026-06-21,Bengaluru,Data Intake,Morning,256,40.68,8,0.0,91.21,35,No,3.125,High Error Rate
104237,2026-06-21,Bengaluru,Data Intake,Evening,110,26.18,3,8.9,94.87,35,Yes,2.727,High Error Rate
104687,2026-06-21,Bengaluru,Enrichment,Evening,256,84.05,2,0.0,89.9,65,No,0.781,Low Quality Score
105057,2026-06-21,Bengaluru,Enrichment,Night,290,51.3,2,3.4,97.48,65,Yes,0.69,Normal
105382,2026-06-21,Bengaluru,Enrichment,Evening,316,32.07,8,13.6,92.15,65,Yes,2.532,High Error Rate
100926,2026-06-21,Bengaluru,Publishing,Night,285,20.84,7,3.5,92.58,30,Yes,2.456,High Error Rate
102028,2026-06-21,Bengaluru,Publishing,Morning,203,30.63,4,4.2,94.1,30,No,1.97,SLA Breach
102397,2026-06-21,Bengaluru,Publishing,Morning,250,22.64,5,0.0,94.76,30,Yes,2.0,Normal
103441,2026-06-21,Bengaluru,Publishing,Night,263,29.32,5,15.1,99.69,30,Yes,1.901,Normal
100640,2026-06-21,Bengaluru,Validation,Morning,617,43.81,4,20.0,95.67,55,Yes,0.648,Normal
104438,2026-06-21,Bengaluru,Validation,Evening,645,43.5,5,5.6,92.56,55,Yes,0.775,Normal
105501,2026-06-21,Chennai,Data Intake,Night,625,30.74,7,18.2,96.21,35,Yes,1.12,Normal
105532,2026-06-21,Chennai,Data Intake,Morning,552,37.94,6,13.8,94.49,35,No,1.087,SLA Breach
104122,2026-06-21,Chennai,Enrichment,Morning,302,34.41,2,40.7,99.13,65,Yes,0.662,Normal
100763,2026-06-21,Chennai,Quality Review,Morning,469,41.51,2,4.3,89.75,60,Yes,0.426,Low Quality Score
102528,2026-06-21,Chennai,Quality Review,Night,522,46.39,6,0.0,87.37,60,Yes,1.149,Low Quality Score
104468,2026-06-21,Chennai,Quality Review,Night,301,26.63,5,11.6,87.66,60,Yes,1.661,Low Quality Score
104723,2026-06-21,Chennai,Quality Review,Morning,557,41.38,3,0.0,95.74,60,Yes,0.539,Normal
102054,2026-06-21,Chennai,Validation,Morning,289,53.58,4,15.1,87.01,55,Yes,1.384,Low Quality Score
102221,2026-06-21,Chennai,Validation,Evening,326,16.57,8,19.8,100.0,55,Yes,2.454,High Error Rate
102620,2026-06-21,Chennai,Validation,Morning,451,73.86,8,0.0,99.45,55,No,1.774,SLA Breach
100571,2026-06-21,Hyderabad,Data Intake,Morning,378,26.59,9,0.0,96.84,35,Yes,2.381,High Error Rate
102908,2026-06-21,Hyderabad,Quality Review,Evening,353,28.31,3,0.0,90.89,60,Yes,0.85,Normal
102918,2026-06-21,Hyderabad,Quality Review,Morning,88,87.22,7,0.0,94.11,60,No,7.955,High Error Rate
103186,2026-06-21,Hyderabad,Validation,Morning,95,20.18,3,5.1,92.35,55,Yes,3.158,High Error Rate
103462,2026-06-21,Hyderabad,Validation,Morning,142,37.82,8,15.2,91.62,55,Yes,5.634,High Error Rate
104602,2026-06-21,Pune,Data Intake,Night,292,24.02,4,15.5,84.77,35,Yes,1.37,Low Quality Score
100383,2026-06-21,Pune,Enrichment,Night,557,56.56,3,0.0,93.66,65,Yes,0.539,Normal
100949,2026-06-21,Pune,Quality Review,Morning,612,58.57,8,8.8,97.19,60,Yes,1.307,Normal
101727,2026-06-21,Pune,Quality Review,Night,581,38.78,6,17.2,96.88,60,Yes,1.033,Normal
104911,2026-06-21,Pune,Quality Review,Morning,192,63.38,7,0.6,94.84,60,No,3.646,High Error Rate
102744,2026-06-21,Pune,Validation,Night,155,26.76,5,13.7,92.75,55,Yes,3.226,High Error Rate
105108,2026-06-21,Pune,Validation,Evening,320,71.54,4,0.0,94.47,55,No,1.25,SLA Breach
100776,2026-06-22,Bengaluru,Data Intake,Night,490,24.76,6,5.1,97.61,35,Yes,1.224,Normal
102389,2026-06-22,Bengaluru,Data Intake,Evening,193,36.18,3,18.2,90.12,35,No,1.554,SLA Breach
101440,2026-06-22,Bengaluru,Enrichment,Morning,368,70.67,7,0.0,90.57,65,No,1.902,SLA Breach
102122,2026-06-22,Bengaluru,Enrichment,Morning,273,46.99,2,0.0,96.51,65,Yes,0.733,Normal
103575,2026-06-22,Bengaluru,Enrichment,Evening,393,45.07,3,11.1,90.62,65,Yes,0.763,Normal
104006,2026-06-22,Bengaluru,Enrichment,Evening,229,100.7,3,13.5,90.76,65,No,1.31,SLA Breach
100293,2026-06-22,Bengaluru,Quality Review,Evening,525,28.92,4,20.4,96.02,60,Yes,0.762,Normal
103902,2026-06-22,Bengaluru,Quality Review,Morning,546,21.5,2,4.8,92.16,60,Yes,0.366,Normal
100340,2026-06-22,Bengaluru,Validation,Evening,385,46.95,9,26.7,90.4,55,Yes,2.338,High Error Rate
100671,2026-06-22,Bengaluru,Validation,Night,153,62.46,4,13.5,97.18,55,No,2.614,High Error Rate
104599,2026-06-22,Bengaluru,Validation,Evening,249,34.55,10,27.1,94.21,55,Yes,4.016,High Error Rate
104643,2026-06-22,Bengaluru,Validation,Morning,646,35.94,4,0.0,92.74,55,Yes,0.619,Normal
101832,2026-06-22,Chennai,Data Intake,Evening,109,24.37,5,12.3,93.15,35,Yes,4.587,High Error Rate
102387,2026-06-22,Chennai,Data Intake,Evening,449,49.22,4,2.7,100.0,35,No,0.891,SLA Breach
101934,2026-06-22,Chennai,Enrichment,Evening,438,58.75,6,9.1,91.88,65,Yes,1.37,Normal
105200,2026-06-22,Chennai,Enrichment,Evening,330,46.86,4,17.3,95.17,65,Yes,1.212,Normal
101930,2026-06-22,Chennai,Validation,Morning,403,46.98,5,27.9,92.36,55,Yes,1.241,Normal
104199,2026-06-22,Hyderabad,Data Intake,Evening,619,22.11,8,0.0,100.0,35,Yes,1.292,Normal
100448,2026-06-22,Hyderabad,Enrichment,Evening,626,97.27,5,0.0,98.61,65,No,0.799,SLA Breach
102165,2026-06-22,Hyderabad,Publishing,Evening,237,20.29,2,2.5,88.65,30,Yes,0.844,Low Quality Score
105006,2026-06-22,Hyderabad,Publishing,Morning,83,24.31,4,11.3,98.19,30,Yes,4.819,High Error Rate
101269,2026-06-22,Hyderabad,Quality Review,Night,228,66.78,6,0.0,92.56,60,No,2.632,High Error Rate
101784,2026-06-22,Hyderabad,Validation,Morning,542,26.84,2,24.2,89.29,55,Yes,0.369,Low Quality Score
101295,2026-06-22,Pune,Data Intake,Evening,403,33.26,6,0.0,91.62,35,Yes,1.489,Normal
105673,2026-06-22,Pune,Enrichment,Night,204,87.48,6,5.3,93.87,65,No,2.941,High Error Rate
103840,2026-06-22,Pune,Publishing,Evening,178,22.41,8,9.4,95.23,30,Yes,4.494,High Error Rate
101448,2026-06-23,Bengaluru,Data Intake,Morning,628,39.74,1,17.3,97.56,35,No,0.159,SLA Breach
105898,2026-06-23,Bengaluru,Data Intake,Evening,94,32.5,2,2.7,97.27,35,Yes,2.128,High Error Rate
100683,2026-06-23,Bengaluru,Publishing,Morning,387,13.24,4,0.0,93.27,30,Yes,1.034,Normal
101810,2026-06-23,Bengaluru,Publishing,Morning,202,33.64,3,0.0,92.76,30,No,1.485,SLA Breach
100684,2026-06-23,Bengaluru,Validation,Night,194,57.38,8,0.0,96.6,55,No,4.124,High Error Rate
101054,2026-06-23,Bengaluru,Validation,Evening,326,65.41,6,7.9,87.43,55,No,1.84,Low Quality Score
105244,2026-06-23,Bengaluru,Validation,Evening,169,28.0,7,0.0,96.08,55,Yes,4.142,High Error Rate
104872,2026-06-23,Chennai,Enrichment,Evening,154,63.32,2,0.0,94.54,65,Yes,1.299,Normal
100751,2026-06-23,Chennai,Publishing,Morning,353,24.57,8,12.0,92.38,30,Yes,2.266,High Error Rate
102731,2026-06-23,Chennai,Publishing,Morning,126,49.51,7,13.5,88.37,30,No,5.556,Low Quality Score
103004,2026-06-23,Chennai,Publishing,Morning,196,42.02,5,30.6,94.44,30,No,2.551,High Error Rate
104937,2026-06-23,Chennai,Publishing,Evening,252,28.09,5,22.9,95.81,30,Yes,1.984,Normal
105648,2026-06-23,Chennai,Publishing,Evening,105,35.18,2,27.9,93.74,30,No,1.905,SLA Breach
101376,2026-06-23,Chennai,Quality Review,Night,497,62.82,5,13.6,94.55,60,No,1.006,SLA Breach
103211,2026-06-23,Chennai,Quality Review,Morning,625,41.4,3,16.7,87.45,60,Yes,0.48,Low Quality Score
105715,2026-06-23,Chennai,Quality Review,Evening,393,59.47,1,5.5,96.02,60,Yes,0.254,Normal
100649,2026-06-23,Chennai,Validation,Evening,114,49.94,6,33.5,100.0,55,Yes,5.263,High Error Rate
103398,2026-06-23,Chennai,Validation,Evening,187,49.09,6,16.8,97.46,55,Yes,3.209,High Error Rate
101083,2026-06-23,Hyderabad,Data Intake,Evening,94,19.38,5,13.5,98.8,35,Yes,5.319,High Error Rate
102117,2026-06-23,Hyderabad,Data Intake,Morning,571,28.66,2,2.5,91.98,35,Yes,0.35,Normal
103635,2026-06-23,Hyderabad,Data Intake,Night,621,10.59,5,27.4,91.07,35,Yes,0.805,Normal
100195,2026-06-23,Hyderabad,Enrichment,Evening,235,117.46,7,10.1,100.0,65,No,2.979,High Error Rate
102543,2026-06-23,Hyderabad,Enrichment,Morning,331,37.81,3,19.3,90.03,65,Yes,0.906,Normal
103488,2026-06-23,Hyderabad,Enrichment,Morning,515,73.16,5,3.0,100.0,65,No,0.971,SLA Breach
103753,2026-06-23,Hyderabad,Enrichment,Night,344,62.52,3,6.7,91.73,65,Yes,0.872,Normal
100451,2026-06-23,Hyderabad,Publishing,Morning,389,41.13,8,20.0,97.77,30,No,2.057,High Error Rate
100274,2026-06-23,Hyderabad,Quality Review,Evening,165,59.15,6,1.0,94.03,60,Yes,3.636,High Error Rate
103383,2026-06-23,Hyderabad,Quality Review,Morning,584,52.57,7,12.0,88.23,60,Yes,1.199,Low Quality Score
101939,2026-06-23,Hyderabad,Validation,Night,390,99.19,5,0.0,92.53,55,No,1.282,SLA Breach
102770,2026-06-23,Hyderabad,Validation,Evening,623,33.45,4,4.9,94.42,55,Yes,0.642,Normal
103645,2026-06-23,Hyderabad,Validation,Evening,155,44.44,3,6.7,100.0,55,Yes,1.935,Normal
104095,2026-06-23,Hyderabad,Validation,Morning,392,105.34,5,9.3,92.89,55,No,1.276,SLA Breach
103839,2026-06-23,Pune,Enrichment,Morning,586,37.45,5,0.0,92.86,65,Yes,0.853,Normal
103036,2026-06-23,Pune,Publishing,Morning,347,54.8,3,0.0,92.17,30,No,0.865,SLA Breach
105070,2026-06-23,Pune,Quality Review,Morning,583,57.61,10,0.0,98.3,60,Yes,1.715,Normal
104982,2026-06-23,Pune,Validation,Evening,590,102.13,2,3.5,92.72,55,No,0.339,SLA Breach
100515,2026-06-23,Unknown,Data Intake,Morning,317,27.35,3,0.0,94.43,35,Yes,0.946,Normal
103689,2026-06-24,Bengaluru,Data Intake,Evening,88,20.0,8,22.3,97.43,35,Yes,9.091,High Error Rate
100337,2026-06-24,Bengaluru,Enrichment,Evening,550,80.72,6,2.8,88.91,65,No,1.091,Low Quality Score
102513,2026-06-24,Bengaluru,Enrichment,Evening,236,110.75,3,0.0,94.2,65,No,1.271,SLA Breach
101223,2026-06-24,Bengaluru,Quality Review,Evening,265,51.65,4,1.5,97.87,60,Yes,1.509,Normal
102143,2026-06-24,Bengaluru,Quality Review,Evening,279,80.27,4,0.0,94.31,60,No,1.434,SLA Breach
100853,2026-06-24,Bengaluru,Validation,Night,545,52.87,6,18.9,93.58,55,Yes,1.101,Normal
100999,2026-06-24,Bengaluru,Validation,Evening,479,62.23,5,0.0,95.13,55,No,1.044,SLA Breach
101243,2026-06-24,Bengaluru,Validation,Night,202,31.81,6,11.2,84.92,55,Yes,2.97,Low Quality Score
105975,2026-06-24,Chennai,Data Intake,Night,205,29.34,5,0.0,95.16,35,Yes,2.439,High Error Rate
101369,2026-06-24,Chennai,Enrichment,Morning,384,60.92,6,0.0,92.73,65,Yes,1.562,Normal
102363,2026-06-24,Chennai,Publishing,Morning,173,25.09,6,4.5,90.63,30,Yes,3.468,High Error Rate
100503,2026-06-24,Chennai,Quality Review,Morning,509,102.05,3,16.0,97.88,60,No,0.589,SLA Breach
101210,2026-06-24,Chennai,Validation,Morning,330,36.21,7,0.0,95.2,55,Yes,2.121,High Error Rate
102677,2026-06-24,Chennai,Validation,Night,486,39.89,9,0.0,92.84,55,Yes,1.852,Normal
105431,2026-06-24,Chennai,Validation,Morning,217,111.89,5,0.0,95.15,55,No,2.304,High Error Rate
101377,2026-06-24,Hyderabad,Enrichment,Morning,456,55.73,7,35.9,95.88,65,Yes,1.535,Normal
101700,2026-06-24,Hyderabad,Publishing,Night,234,52.55,6,11.8,97.88,30,No,2.564,High Error Rate
102814,2026-06-24,Hyderabad,Publishing,Evening,519,33.27,7,14.8,93.85,30,No,1.349,SLA Breach
103214,2026-06-24,Hyderabad,Publishing,Morning,197,26.99,7,31.7,97.24,30,Yes,3.553,High Error Rate
104510,2026-06-24,Hyderabad,Quality Review,Evening,143,45.37,1,7.8,96.55,60,Yes,0.699,Normal
100466,2026-06-24,Hyderabad,Validation,Morning,266,51.24,8,9.5,95.85,55,Yes,3.008,High Error Rate
104357,2026-06-24,Hyderabad,Validation,Morning,280,27.39,5,0.0,92.4,55,Yes,1.786,Normal
104987,2026-06-24,Pune,Data Intake,Evening,353,78.46,1,5.7,95.33,35,No,0.283,SLA Breach
100200,2026-06-24,Pune,Enrichment,Evening,453,71.94,4,0.0,91.41,65,No,0.883,SLA Breach
102837,2026-06-24,Pune,Enrichment,Morning,240,89.34,6,14.0,93.69,65,No,2.5,High Error Rate
102668,2026-06-24,Pune,Publishing,Evening,387,29.14,3,0.0,95.18,30,Yes,0.775,Normal
105053,2026-06-24,Pune,Publishing,Night,351,53.77,5,24.0,86.72,30,No,1.425,Low Quality Score
102670,2026-06-24,Pune,Quality Review,Evening,389,22.52,2,34.0,95.86,60,Yes,0.514,Normal
103664,2026-06-24,Pune,Quality Review,Evening,498,64.26,3,0.0,97.67,60,No,0.602,SLA Breach
100861,2026-06-25,Bengaluru,Data Intake,Morning,310,16.37,9,6.2,96.84,35,Yes,2.903,High Error Rate
102542,2026-06-25,Bengaluru,Data Intake,Morning,174,29.14,5,22.1,95.69,35,Yes,2.874,High Error Rate
102589,2026-06-25,Bengaluru,Data Intake,Evening,219,19.92,8,0.0,92.35,35,Yes,3.653,High Error Rate
104761,2026-06-25,Bengaluru,Enrichment,Evening,342,49.14,3,10.8,91.73,65,Yes,0.877,Normal
103283,2026-06-25,Bengaluru,Publishing,Night,89,29.16,7,10.3,98.75,30,Yes,7.865,High Error Rate
100355,2026-06-25,Bengaluru,Quality Review,Morning,223,41.77,5,18.1,93.82,60,Yes,2.242,High Error Rate
102599,2026-06-25,Bengaluru,Quality Review,Morning,327,58.49,2,18.4,92.46,60,Yes,0.612,Normal
103516,2026-06-25,Bengaluru,Quality Review,Evening,579,55.63,7,9.8,99.89,60,Yes,1.209,Normal
105924,2026-06-25,Bengaluru,Validation,Morning,362,48.02,5,18.9,93.32,55,Yes,1.381,Normal
102611,2026-06-25,Chennai,Data Intake,Morning,646,38.82,6,2.7,96.15,35,No,0.929,SLA Breach
102840,2026-06-25,Chennai,Data Intake,Evening,140,21.27,5,13.4,93.7,35,Yes,3.571,High Error Rate
100959,2026-06-25,Chennai,Enrichment,Morning,456,53.87,6,11.2,98.15,65,Yes,1.316,Normal
103663,2026-06-25,Chennai,Enrichment,Evening,638,49.09,3,10.3,98.13,65,Yes,0.47,Normal
100609,2026-06-25,Chennai,Publishing,Morning,422,12.55,13,0.0,90.51,30,Yes,3.081,High Error Rate
101955,2026-06-25,Chennai,Publishing,Evening,533,13.54,4,20.6,98.52,30,Yes,0.75,Normal
100208,2026-06-25,Chennai,Validation,Night,176,49.73,5,24.5,98.44,55,Yes,2.841,High Error Rate
104793,2026-06-25,Chennai,Validation,Night,428,118.54,8,9.4,95.73,55,No,1.869,SLA Breach
100797,2026-06-25,Hyderabad,Data Intake,Morning,359,47.93,8,33.3,94.69,35,No,2.228,High Error Rate
101567,2026-06-25,Hyderabad,Data Intake,Morning,496,33.22,6,23.0,88.43,35,Yes,1.21,Low Quality Score
103511,2026-06-25,Hyderabad,Data Intake,Evening,231,40.62,2,17.4,91.08,35,No,0.866,SLA Breach
104360,2026-06-25,Hyderabad,Data Intake,Evening,557,18.7,6,8.4,91.76,35,Yes,1.077,Normal
103944,2026-06-25,Hyderabad,Publishing,Evening,310,41.71,6,24.3,97.79,30,No,1.935,SLA Breach
104136,2026-06-25,Hyderabad,Publishing,Night,228,35.91,4,17.3,90.97,30,No,1.754,SLA Breach
102806,2026-06-25,Hyderabad,Quality Review,Night,459,32.3,5,17.0,93.9,60,Yes,1.089,Normal
104325,2026-06-25,Hyderabad,Quality Review,Night,475,34.56,2,0.0,94.76,60,Yes,0.421,Normal
100417,2026-06-25,Hyderabad,Validation,Evening,362,77.13,4,6.3,88.89,55,No,1.105,Low Quality Score
101233,2026-06-25,Hyderabad,Validation,Morning,491,60.85,7,0.0,92.63,55,No,1.426,SLA Breach
103912,2026-06-25,Hyderabad,Validation,Morning,419,53.89,5,0.0,96.93,55,Yes,1.193,Normal
103949,2026-06-25,Hyderabad,Validation,Evening,236,39.38,6,0.0,93.04,55,Yes,2.542,High Error Rate
100046,2026-06-25,Pune,Data Intake,Night,154,59.26,2,17.2,90.41,35,No,1.299,SLA Breach
105814,2026-06-25,Pune,Data Intake,Morning,512,19.34,7,8.2,94.93,35,Yes,1.367,Normal
100404,2026-06-25,Pune,Enrichment,Evening,80,94.03,4,16.4,97.72,65,No,5.0,High Error Rate
105422,2026-06-25,Pune,Enrichment,Evening,516,93.85,7,10.5,97.09,65,No,1.357,SLA Breach
104364,2026-06-25,Pune,Publishing,Morning,210,30.49,4,2.3,93.87,30,No,1.905,SLA Breach
100064,2026-06-25,Pune,Quality Review,Morning,542,98.88,4,16.9,83.71,60,No,0.738,Low Quality Score
101226,2026-06-25,Pune,Quality Review,Evening,387,44.14,5,12.6,91.91,60,Yes,1.292,Normal
102579,2026-06-25,Pune,Quality Review,Evening,408,46.87,4,0.0,100.0,60,Yes,0.98,Normal
103908,2026-06-25,Pune,Quality Review,Morning,581,29.59,6,0.0,90.23,60,Yes,1.033,Normal
105094,2026-06-25,Pune,Quality Review,Morning,158,71.35,5,6.8,95.27,60,No,3.165,High Error Rate
104582,2026-06-25,Pune,Validation,Morning,282,14.21,6,0.0,92.53,55,Yes,2.128,High Error Rate
105649,2026-06-26,Bengaluru,Publishing,Evening,334,14.86,2,18.5,94.64,30,Yes,0.599,Normal
102963,2026-06-26,Bengaluru,Quality Review,Morning,344,17.42,4,7.9,96.23,60,Yes,1.163,Normal
104154,2026-06-26,Bengaluru,Quality Review,Evening,564,89.47,8,25.1,98.34,60,No,1.418,SLA Breach
101475,2026-06-26,Bengaluru,Validation,Evening,435,30.69,5,0.0,99.19,55,Yes,1.149,Normal
101649,2026-06-26,Bengaluru,Validation,Night,622,51.45,4,25.7,99.77,55,Yes,0.643,Normal
102270,2026-06-26,Bengaluru,Validation,Evening,191,35.43,4,13.6,92.32,55,Yes,2.094,High Error Rate
103685,2026-06-26,Chennai,Data Intake,Night,212,27.98,4,0.0,92.34,35,Yes,1.887,Normal
104137,2026-06-26,Chennai,Data Intake,Night,284,31.81,3,6.2,92.09,35,Yes,1.056,Normal
100441,2026-06-26,Chennai,Enrichment,Morning,329,94.34,7,0.0,100.0,65,No,2.128,High Error Rate
102872,2026-06-26,Chennai,Enrichment,Night,240,77.69,3,38.7,95.35,65,No,1.25,SLA Breach
104824,2026-06-26,Chennai,Publishing,Night,373,24.76,8,26.3,91.48,30,Yes,2.145,High Error Rate
100947,2026-06-26,Chennai,Quality Review,Morning,408,35.27,3,25.3,90.56,60,Yes,0.735,Normal
102388,2026-06-26,Chennai,Quality Review,Evening,122,44.96,5,17.1,95.15,60,Yes,4.098,High Error Rate
102824,2026-06-26,Chennai,Quality Review,Night,545,81.68,2,15.0,97.71,60,No,0.367,SLA Breach
102880,2026-06-26,Chennai,Quality Review,Evening,316,26.38,1,4.6,94.76,60,Yes,0.316,Normal
101797,2026-06-26,Chennai,Validation,Evening,584,61.52,3,1.3,94.52,55,No,0.514,SLA Breach
102132,2026-06-26,Chennai,Validation,Morning,350,58.82,3,1.8,90.9,55,No,0.857,SLA Breach
103355,2026-06-26,Chennai,Validation,Morning,463,37.86,2,38.7,97.32,55,Yes,0.432,Normal
100325,2026-06-26,Hyderabad,Enrichment,Night,486,76.09,4,0.0,91.92,65,No,0.823,SLA Breach
105794,2026-06-26,Hyderabad,Publishing,Evening,636,33.7,6,0.0,95.59,30,No,0.943,SLA Breach
103789,2026-06-26,Hyderabad,Quality Review,Night,459,86.6,8,0.0,89.59,60,No,1.743,Low Quality Score
104835,2026-06-26,Hyderabad,Quality Review,Night,621,35.32,4,23.9,92.21,60,Yes,0.644,Normal
104921,2026-06-26,Hyderabad,Quality Review,Morning,149,48.4,6,0.0,89.96,60,Yes,4.027,Low Quality Score
100012,2026-06-26,Pune,Quality Review,Morning,212,44.14,8,36.1,96.91,60,Yes,3.774,High Error Rate
102750,2026-06-26,Pune,Quality Review,Morning,237,33.2,7,0.0,100.0,60,Yes,2.954,High Error Rate
104114,2026-06-27,Bengaluru,Data Intake,Evening,336,35.33,2,29.0,97.62,35,No,0.595,SLA Breach
105998,2026-06-27,Bengaluru,Data Intake,Night,255,42.16,5,0.0,99.62,35,No,1.961,SLA Breach
100141,2026-06-27,Bengaluru,Enrichment,Evening,303,44.81,5,0.0,93.57,65,Yes,1.65,Normal
103199,2026-06-27,Bengaluru,Enrichment,Night,306,53.72,5,18.8,92.16,65,Yes,1.634,Normal
100894,2026-06-27,Bengaluru,Publishing,Evening,169,83.44,3,26.0,98.74,30,No,1.775,SLA Breach
104090,2026-06-27,Bengaluru,Publishing,Evening,491,24.74,2,14.4,97.33,30,Yes,0.407,Normal
101381,2026-06-27,Bengaluru,Quality Review,Night,440,46.44,5,0.0,91.35,60,Yes,1.136,Normal
102170,2026-06-27,Bengaluru,Quality Review,Morning,318,47.02,4,22.1,95.38,60,Yes,1.258,Normal
100851,2026-06-27,Bengaluru,Validation,Morning,496,38.19,8,0.0,87.84,55,Yes,1.613,Low Quality Score
100914,2026-06-27,Bengaluru,Validation,Evening,492,42.58,4,0.0,94.43,55,Yes,0.813,Normal
103270,2026-06-27,Chennai,Data Intake,Evening,389,29.06,6,15.0,93.98,35,Yes,1.542,Normal
103426,2026-06-27,Chennai,Data Intake,Morning,125,55.72,5,29.2,90.91,35,No,4.0,High Error Rate
101676,2026-06-27,Chennai,Enrichment,Night,568,16.29,0,12.9,93.99,65,Yes,0.0,Normal
101746,2026-06-27,Chennai,Enrichment,Evening,280,50.41,7,26.3,100.0,65,Yes,2.5,High Error Rate
104077,2026-06-27,Chennai,Enrichment,Evening,422,38.08,5,23.9,99.87,65,Yes,1.185,Normal
104089,2026-06-27,Chennai,Publishing,Morning,412,26.13,6,0.0,93.29,30,Yes,1.456,Normal
100594,2026-06-27,Chennai,Quality Review,Evening,309,88.27,4,0.0,94.62,60,No,1.294,SLA Breach
102230,2026-06-27,Chennai,Quality Review,Night,463,34.37,8,9.2,88.22,60,Yes,1.728,Low Quality Score
105650,2026-06-27,Chennai,Quality Review,Morning,600,72.37,5,22.1,94.35,60,No,0.833,SLA Breach
105784,2026-06-27,Chennai,Quality Review,Evening,185,37.97,6,0.0,99.16,60,Yes,3.243,High Error Rate
102555,2026-06-27,Hyderabad,Quality Review,Morning,453,49.6,5,9.4,95.64,60,Yes,1.104,Normal
102536,2026-06-27,Hyderabad,Validation,Evening,227,36.09,4,0.0,96.36,55,Yes,1.762,Normal
102627,2026-06-27,Hyderabad,Validation,Morning,455,90.65,4,0.7,95.85,55,No,0.879,SLA Breach
101830,2026-06-27,Pune,Enrichment,Evening,156,33.64,4,10.1,97.84,65,Yes,2.564,High Error Rate
101250,2026-06-27,Pune,Publishing,Night,605,26.49,2,32.3,100.0,30,Yes,0.331,Normal
105721,2026-06-27,Pune,Publishing,Morning,363,13.07,8,14.8,93.49,30,Yes,2.204,High Error Rate
101198,2026-06-27,Pune,Quality Review,Morning,405,43.61,5,0.0,97.72,60,Yes,1.235,Normal
102690,2026-06-27,Pune,Quality Review,Morning,217,79.15,4,11.0,91.05,60,No,1.843,SLA Breach
102974,2026-06-27,Pune,Validation,Night,149,47.86,4,0.0,94.61,55,Yes,2.685,High Error Rate
104253,2026-06-27,Pune,Validation,Evening,429,23.31,8,15.3,95.77,55,Yes,1.865,Normal
104317,2026-06-27,Pune,Validation,Evening,454,57.66,3,9.1,93.89,55,No,0.661,SLA Breach
103361,2026-06-28,Bengaluru,Data Intake,Evening,531,16.24,5,0.0,94.61,35,Yes,0.942,Normal
104135,2026-06-28,Bengaluru,Data Intake,Morning,129,53.42,6,9.6,89.72,35,No,4.651,Low Quality Score
101393,2026-06-28,Bengaluru,Enrichment,Evening,186,75.19,8,4.2,95.51,65,No,4.301,High Error Rate
101747,2026-06-28,Bengaluru,Enrichment,Morning,121,56.13,11,20.4,91.38,65,Yes,9.091,High Error Rate
101828,2026-06-28,Bengaluru,Enrichment,Morning,590,76.82,8,34.4,97.02,65,No,1.356,SLA Breach
103779,2026-06-28,Bengaluru,Enrichment,Morning,224,44.19,7,26.1,91.97,65,Yes,3.125,High Error Rate
101570,2026-06-28,Bengaluru,Publishing,Morning,538,29.69,3,0.0,89.85,30,Yes,0.558,Low Quality Score
103593,2026-06-28,Bengaluru,Quality Review,Evening,396,29.4,8,11.5,97.99,60,Yes,2.02,High Error Rate
103404,2026-06-28,Bengaluru,Validation,Morning,304,37.11,6,18.1,98.24,55,Yes,1.974,Normal
103748,2026-06-28,Bengaluru,Validation,Morning,544,83.1,7,5.4,97.06,55,No,1.287,SLA Breach
105588,2026-06-28,Bengaluru,Validation,Evening,80,55.89,7,0.0,94.03,55,No,8.75,High Error Rate
100555,2026-06-28,Chennai,Data Intake,Evening,590,40.5,7,43.2,96.96,35,No,1.186,SLA Breach
101228,2026-06-28,Chennai,Data Intake,Night,186,30.68,7,0.0,93.36,35,Yes,3.763,High Error Rate
103746,2026-06-28,Chennai,Data Intake,Night,595,19.16,4,0.0,89.6,35,Yes,0.672,Low Quality Score
104102,2026-06-28,Chennai,Data Intake,Morning,296,23.81,6,8.7,92.68,35,Yes,2.027,High Error Rate
101203,2026-06-28,Chennai,Enrichment,Morning,513,58.32,7,13.5,94.04,65,Yes,1.365,Normal
102379,2026-06-28,Chennai,Enrichment,Evening,639,42.19,5,7.5,96.03,65,Yes,0.782,Normal
103978,2026-06-28,Chennai,Enrichment,Night,305,127.84,4,20.4,92.17,65,No,1.311,SLA Breach
101707,2026-06-28,Chennai,Publishing,Morning,403,41.4,6,0.0,92.22,30,No,1.489,SLA Breach
103219,2026-06-28,Chennai,Publishing,Morning,442,27.16,5,9.9,95.13,30,Yes,1.131,Normal
101246,2026-06-28,Chennai,Quality Review,Morning,132,50.62,6,0.0,91.96,60,Yes,4.545,High Error Rate
101457,2026-06-28,Chennai,Unknown,Night,623,24.6,5,17.4,92.44,65,Yes,0.803,Normal
101962,2026-06-28,Chennai,Validation,Evening,353,42.96,6,4.9,93.98,55,Yes,1.7,Normal
104524,2026-06-28,Chennai,Validation,Evening,468,73.57,2,25.1,95.96,55,No,0.427,SLA Breach
104652,2026-06-28,Chennai,Validation,Morning,302,32.99,5,22.2,91.74,55,Yes,1.656,Normal
102653,2026-06-28,Hyderabad,Enrichment,Morning,199,42.98,10,1.8,89.77,65,Yes,5.025,Low Quality Score
103785,2026-06-28,Hyderabad,Enrichment,Morning,295,59.69,6,0.0,88.35,65,Yes,2.034,Low Quality Score
102035,2026-06-28,Hyderabad,Publishing,Morning,428,36.62,5,37.0,93.51,30,No,1.168,SLA Breach
104963,2026-06-28,Hyderabad,Publishing,Night,142,30.99,7,9.3,92.95,30,No,4.93,High Error Rate
103412,2026-06-28,Hyderabad,Quality Review,Evening,605,61.9,4,0.0,94.86,60,No,0.661,SLA Breach
105388,2026-06-28,Hyderabad,Validation,Morning,158,77.22,4,0.0,95.14,55,No,2.532,High Error Rate
102039,2026-06-28,Pune,Enrichment,Morning,324,63.38,4,0.0,93.0,65,Yes,1.235,Normal
104601,2026-06-28,Pune,Enrichment,Evening,416,34.02,3,6.8,95.43,65,Yes,0.721,Normal
104774,2026-06-28,Pune,Enrichment,Evening,467,48.75,4,0.0,95.89,65,Yes,0.857,Normal
105790,2026-06-28,Pune,Enrichment,Morning,424,72.66,5,0.0,91.7,65,No,1.179,SLA Breach
103371,2026-06-28,Pune,Publishing,Evening,395,17.68,5,5.9,85.47,30,Yes,1.266,Low Quality Score
100772,2026-06-28,Pune,Quality Review,Morning,225,50.28,9,0.0,90.96,60,Yes,4.0,High Error Rate
105882,2026-06-28,Pune,Quality Review,Morning,413,83.16,7,13.4,97.15,60,No,1.695,SLA Breach
104123,2026-06-28,Pune,Validation,Night,132,39.74,5,3.0,94.64,55,Yes,3.788,High Error Rate
100265,2026-06-29,Bengaluru,Data Intake,Morning,382,31.32,4,27.8,99.52,35,Yes,1.047,Normal
103726,2026-06-29,Bengaluru,Data Intake,Evening,568,17.52,5,0.0,92.95,35,Yes,0.88,Normal
104693,2026-06-29,Bengaluru,Data Intake,Evening,334,18.22,3,0.0,96.6,35,Yes,0.898,Normal
105261,2026-06-29,Bengaluru,Enrichment,Night,173,28.12,1,0.0,94.31,65,Yes,0.578,Normal
105499,2026-06-29,Bengaluru,Enrichment,Morning,99,110.98,6,29.9,100.0,65,No,6.061,High Error Rate
104792,2026-06-29,Bengaluru,Publishing,Evening,386,30.19,2,31.2,94.11,30,No,0.518,SLA Breach
101620,2026-06-29,Bengaluru,Quality Review,Evening,273,39.53,7,0.0,99.46,60,Yes,2.564,High Error Rate
101998,2026-06-29,Bengaluru,Quality Review,Evening,375,30.86,7,10.1,90.59,60,Yes,1.867,Normal
105302,2026-06-29,Bengaluru,Quality Review,Evening,84,35.53,10,0.0,100.0,60,Yes,11.905,High Error Rate
105939,2026-06-29,Bengaluru,Quality Review,Evening,318,32.96,3,9.6,96.21,60,Yes,0.943,Normal
100356,2026-06-29,Bengaluru,Validation,Morning,542,81.65,5,11.1,94.04,55,No,0.923,SLA Breach
102617,2026-06-29,Bengaluru,Validation,Night,614,71.13,12,25.9,96.85,55,No,1.954,SLA Breach
103534,2026-06-29,Chennai,Enrichment,Night,545,60.41,3,36.7,94.45,65,Yes,0.55,Normal
104266,2026-06-29,Chennai,Enrichment,Night,474,62.88,4,0.0,93.2,65,Yes,0.844,Normal
104521,2026-06-29,Chennai,Enrichment,Morning,311,28.69,5,18.0,88.75,65,Yes,1.608,Low Quality Score
104993,2026-06-29,Chennai,Enrichment,Evening,309,46.62,4,22.9,97.58,65,Yes,1.294,Normal
105285,2026-06-29,Chennai,Enrichment,Evening,623,123.33,4,19.7,97.53,65,No,0.642,SLA Breach
105887,2026-06-29,Chennai,Enrichment,Evening,641,91.99,4,0.9,91.79,65,No,0.624,SLA Breach
103724,2026-06-29,Chennai,Publishing,Night,621,28.16,6,10.9,97.96,30,Yes,0.966,Normal
102755,2026-06-29,Chennai,Quality Review,Morning,123,46.6,5,29.0,91.56,60,Yes,4.065,High Error Rate
105481,2026-06-29,Chennai,Quality Review,Morning,621,47.21,3,28.6,94.52,60,Yes,0.483,Normal
105540,2026-06-29,Chennai,Quality Review,Morning,604,47.44,2,14.4,96.0,60,Yes,0.331,Normal
101082,2026-06-29,Chennai,Validation,Evening,493,48.99,8,0.4,89.87,55,Yes,1.623,Low Quality Score
102260,2026-06-29,Chennai,Validation,Evening,532,72.76,5,3.8,95.24,55,No,0.94,SLA Breach
104216,2026-06-29,Chennai,Validation,Night,131,28.55,6,27.6,94.42,55,Yes,4.58,High Error Rate
102376,2026-06-29,Hyderabad,Data Intake,Evening,338,58.02,3,0.0,96.6,35,No,0.888,SLA Breach
103279,2026-06-29,Hyderabad,Enrichment,Morning,235,34.88,7,0.8,92.35,65,Yes,2.979,High Error Rate
101088,2026-06-29,Hyderabad,Publishing,Morning,126,38.22,4,12.3,89.71,30,No,3.175,Low Quality Score
101626,2026-06-29,Hyderabad,Quality Review,Evening,523,52.96,6,0.0,98.51,60,Yes,1.147,Normal
102768,2026-06-29,Hyderabad,Quality Review,Evening,490,35.7,6,0.0,90.1,60,Yes,1.224,Normal
102803,2026-06-29,Hyderabad,Quality Review,Evening,490,33.49,3,4.7,92.76,60,Yes,0.612,Normal
105436,2026-06-29,Hyderabad,Quality Review,Evening,591,45.78,2,18.8,90.54,60,Yes,0.338,Normal
100347,2026-06-29,Hyderabad,Validation,Evening,480,23.67,3,11.0,98.7,55,Yes,0.625,Normal
103238,2026-06-29,Hyderabad,Validation,Evening,86,61.95,6,10.9,95.0,55,No,6.977,High Error Rate
100145,2026-06-29,Pune,Data Intake,Morning,123,21.43,8,0.0,97.64,35,Yes,6.504,High Error Rate
105113,2026-06-29,Pune,Enrichment,Morning,647,42.55,3,5.9,93.55,65,Yes,0.464,Normal
102046,2026-06-29,Pune,Quality Review,Night,604,66.91,6,9.8,95.14,60,No,0.993,SLA Breach
103149,2026-06-29,Pune,Validation,Night,603,56.34,7,0.0,99.73,55,No,1.161,SLA Breach
104296,2026-06-29,Pune,Validation,Morning,513,61.69,9,0.0,92.56,55,No,1.754,SLA Breach
104718,2026-06-29,Pune,Validation,Night,371,68.83,7,0.0,86.96,55,No,1.887,Low Quality Score
102520,2026-06-30,Bengaluru,Enrichment,Night,140,21.07,8,13.4,92.34,65,Yes,5.714,High Error Rate
101169,2026-06-30,Bengaluru,Publishing,Morning,227,34.46,7,0.0,95.74,30,No,3.084,High Error Rate
103175,2026-06-30,Bengaluru,Publishing,Morning,639,12.18,1,9.9,91.84,30,Yes,0.156,Normal
103122,2026-06-30,Bengaluru,Quality Review,Morning,510,41.52,8,3.3,93.71,60,Yes,1.569,Normal
105140,2026-06-30,Bengaluru,Quality Review,Evening,180,43.84,8,0.0,94.81,60,Yes,4.444,High Error Rate
103207,2026-06-30,Bengaluru,Validation,Night,297,25.83,6,0.0,95.11,55,Yes,2.02,High Error Rate
100691,2026-06-30,Chennai,Enrichment,Morning,471,74.52,7,0.0,100.0,65,No,1.486,SLA Breach
104503,2026-06-30,Chennai,Enrichment,Evening,638,24.71,8,0.0,97.79,65,Yes,1.254,Normal
101336,2026-06-30,Chennai,Publishing,Morning,490,16.34,4,6.0,93.42,30,Yes,0.816,Normal
105039,2026-06-30,Chennai,Publishing,Morning,489,35.74,6,6.2,88.16,30,No,1.227,Low Quality Score
105602,2026-06-30,Chennai,Publishing,Night,484,33.57,8,0.0,97.36,30,No,1.653,SLA Breach
100401,2026-06-30,Chennai,Quality Review,Morning,611,20.98,4,0.0,91.37,60,Yes,0.655,Normal
101559,2026-06-30,Chennai,Quality Review,Morning,179,48.56,8,20.6,100.0,60,Yes,4.469,High Error Rate
103158,2026-06-30,Chennai,Quality Review,Evening,82,64.13,4,2.4,100.0,60,No,4.878,High Error Rate
104422,2026-06-30,Chennai,Quality Review,Night,312,16.5,2,27.1,91.95,60,Yes,0.641,Normal
101422,2026-06-30,Chennai,Validation,Evening,529,40.62,9,38.3,95.43,55,Yes,1.701,Normal
102218,2026-06-30,Chennai,Validation,Night,535,53.54,4,3.6,91.43,55,Yes,0.748,Normal
104882,2026-06-30,Chennai,Validation,Morning,267,60.94,7,3.9,97.28,55,No,2.622,High Error Rate
105842,2026-06-30,Chennai,Validation,Morning,142,17.79,6,0.0,91.67,55,Yes,4.225,High Error Rate
105808,2026-06-30,Hyderabad,Data Intake,Night,586,57.27,8,34.7,91.29,35,No,1.365,SLA Breach
104622,2026-06-30,Hyderabad,Enrichment,Evening,146,65.38,4,12.5,100.0,65,No,2.74,High Error Rate
101117,2026-06-30,Hyderabad,Publishing,Morning,627,56.83,8,16.8,96.19,30,No,1.276,SLA Breach
102262,2026-06-30,Hyderabad,Publishing,Morning,600,27.86,5,0.0,82.46,30,Yes,0.833,Low Quality Score
100810,2026-06-30,Hyderabad,Quality Review,Morning,89,45.73,4,0.0,96.25,60,Yes,4.494,High Error Rate
102956,2026-06-30,Hyderabad,Quality Review,Morning,350,51.58,10,2.6,92.03,60,Yes,2.857,High Error Rate
101056,2026-06-30,Pune,Data Intake,Night,560,22.26,5,11.3,93.0,35,Yes,0.893,Normal
100511,2026-06-30,Pune,Enrichment,Morning,170,75.0,4,6.2,90.11,65,No,2.353,High Error Rate
100820,2026-06-30,Pune,Publishing,Evening,349,21.63,2,5.2,94.72,30,Yes,0.573,Normal
101346,2026-06-30,Pune,Publishing,Morning,206,40.85,7,6.8,93.18,30,No,3.398,High Error Rate
102173,2026-06-30,Pune,Quality Review,Morning,526,127.12,7,10.2,94.75,60,No,1.331,SLA Breach
103621,2026-06-30,Pune,Quality Review,Morning,218,62.86,4,0.0,100.0,60,No,1.835,SLA Breach
100161,2026-06-30,Pune,Validation,Morning,618,50.47,4,19.8,91.49,55,Yes,0.647,Normal
103649,2026-06-30,Pune,Validation,Morning,529,26.81,5,11.0,100.0,55,Yes,0.945,Normal
103712,2026-06-30,Pune,Validation,Evening,299,36.29,7,0.0,88.24,55,Yes,2.341,Low Quality Score
